FIPS,COUNTY,ST_ABBR,CODE2023,E_TOTPOP,RPL_THEMES,MOBILITY,pred,residual,cluster
01001,Autauga County,AL,3.0,58761,0.2663,0.36166623,0.422404,-0.060738,3
01003,Baldwin County,AL,4.0,233420,0.3487,0.38884708,0.440632,-0.051785,1
01005,Barbour County,AL,5.0,24877,0.9927,0.34938559,0.356281,-0.006896,0
01007,Bibb County,AL,2.0,22251,0.8451,0.36339074,0.386076,-0.022685,0
01009,Blount County,AL,2.0,59077,0.6166,0.39187884,0.398245,-0.006366,0
01011,Bullock County,AL,6.0,10328,0.8985,0.34565896,0.357233,-0.011574,0
01013,Butler County,AL,6.0,18981,0.6872,0.35724857,0.373902,-0.016654,0
01015,Calhoun County,AL,4.0,116162,0.8145,0.36184675,0.369827,-0.007981,0
01017,Chambers County,AL,5.0,34612,0.8295,0.34057492,0.39397,-0.053395,0
01019,Cherokee County,AL,6.0,25069,0.406,0.36542159,0.389602,-0.02418,0
01021,Chilton County,AL,2.0,45140,0.5336,0.38805655,0.429558,-0.041501,0
01023,Choctaw County,AL,6.0,12669,0.6548,0.3969731,0.381953,0.01502,0
01025,Clarke County,AL,6.0,23058,0.8365,0.38430709,0.364487,0.01982,0
01027,Clay County,AL,6.0,14209,0.6223,0.40678033,0.388876,0.017905,0
01029,Cleburne County,AL,6.0,15144,0.5196,0.4124786,0.411805,0.000674,0
01031,Coffee County,AL,5.0,53559,0.6802,0.38671088,0.382675,0.004036,0
01033,Colbert County,AL,4.0,57270,0.4467,0.3732456,0.401332,-0.028086,3
01035,Conecuh County,AL,6.0,11576,0.5122,0.36797199,0.394334,-0.026362,0
01037,Coosa County,AL,5.0,10329,0.4808,0.35266301,0.414325,-0.061662,0
01039,Covington County,AL,6.0,37542,0.7121,0.4055416,0.38308,0.022461,0
01041,Crenshaw County,AL,6.0,13205,0.685,0.40949893,0.393366,0.016133,0
01043,Cullman County,AL,5.0,88284,0.4909,0.40455472,0.396384,0.008171,0
01045,Dale County,AL,5.0,49455,0.7766,0.38080323,0.382794,-0.001991,0
01047,Dallas County,AL,5.0,38326,0.9189,0.33595914,0.336548,-0.000589,0
01049,DeKalb County,AL,5.0,71680,0.756,0.39647737,0.413165,-0.016687,0
01051,Elmore County,AL,3.0,87694,0.4397,0.37799388,0.395674,-0.01768,3
01053,Escambia County,AL,6.0,36755,0.8473,0.3677946,0.3816,-0.013805,0
01055,Etowah County,AL,4.0,103348,0.672,0.36484614,0.377791,-0.012945,0
01057,Fayette County,AL,6.0,16297,0.7458,0.40141243,0.396407,0.005006,0
01059,Franklin County,AL,5.0,32011,0.7576,0.40572405,0.435537,-0.029813,0
01061,Geneva County,AL,4.0,26647,0.5822,0.39071053,0.394985,-0.004275,0
01063,Greene County,AL,3.0,7706,0.9157,0.3280988,0.357748,-0.029649,0
01065,Hale County,AL,3.0,14742,0.8826,0.35585302,0.388783,-0.03293,0
01067,Henry County,AL,4.0,17282,0.6195,0.35838878,0.384408,-0.02602,0
01069,Houston County,AL,4.0,107040,0.7175,0.35789412,0.377516,-0.019621,0
01071,Jackson County,AL,5.0,52618,0.7194,0.39407125,0.377654,0.016418,0
01073,Jefferson County,AL,2.0,672265,0.7251,0.34393278,0.358444,-0.014511,1
01075,Lamar County,AL,6.0,13885,0.4731,0.42915851,0.394271,0.034888,0
01077,Lauderdale County,AL,4.0,94329,0.4919,0.3963314,0.408638,-0.012307,3
01079,Lawrence County,AL,4.0,33116,0.3624,0.38764086,0.408159,-0.020518,0
01081,Lee County,AL,4.0,175126,0.6446,0.36433998,0.388521,-0.024181,1
01083,Limestone County,AL,3.0,104199,0.3233,0.36662039,0.407929,-0.041308,3
01085,Lowndes County,AL,3.0,10153,0.9042,0.329528,0.338302,-0.008774,0
01087,Macon County,AL,4.0,19198,0.9656,0.3151837,0.333989,-0.018805,0
01089,Madison County,AL,3.0,389781,0.3509,0.36340868,0.385732,-0.022323,1
01091,Marengo County,AL,6.0,19180,0.6691,0.37045205,0.404041,-0.033589,0
01093,Marion County,AL,6.0,29203,0.6946,0.39463562,0.386955,0.00768,0
01095,Marshall County,AL,5.0,97923,0.6201,0.38712749,0.427643,-0.040515,0
01097,Mobile County,AL,3.0,413878,0.8304,0.35896039,0.361222,-0.002261,1
01099,Monroe County,AL,6.0,19816,0.7416,0.36833104,0.377804,-0.009473,0
01101,Montgomery County,AL,3.0,228132,0.929,0.32733279,0.342558,-0.015225,1
01103,Morgan County,AL,4.0,123102,0.6787,0.36942601,0.40422,-0.034794,0
01105,Perry County,AL,6.0,8479,0.9214,0.33660656,0.348722,-0.012115,0
01107,Pickens County,AL,3.0,18925,0.8918,0.36965418,0.37351,-0.003856,0
01109,Pike County,AL,5.0,32997,0.8002,0.36580148,0.365106,0.000695,0
01111,Randolph County,AL,6.0,22179,0.559,0.37275833,0.398608,-0.02585,0
01113,Russell County,AL,3.0,58849,0.8963,0.331193,0.340755,-0.009562,0
01115,St. Clair County,AL,2.0,91719,0.2587,0.39964822,0.402535,-0.002887,3
01117,Shelby County,AL,2.0,223916,0.1238,0.41377839,0.439659,-0.025881,3
01119,Sumter County,AL,6.0,12196,0.9255,0.34428778,0.346779,-0.002491,0
01121,Talladega County,AL,5.0,81105,0.908,0.35622436,0.374831,-0.018606,0
01123,Tallapoosa County,AL,5.0,41251,0.8692,0.3650265,0.393178,-0.028152,0
01125,Tuscaloosa County,AL,3.0,231558,0.651,0.35644168,0.374285,-0.017844,1
01127,Walker County,AL,2.0,64978,0.6398,0.37566268,0.389268,-0.013605,0
01129,Washington County,AL,6.0,15434,0.3217,0.41849449,0.415275,0.003219,0
01131,Wilcox County,AL,6.0,10441,0.9819,0.3492828,0.351989,-0.002707,0
01133,Winston County,AL,6.0,23655,0.6125,0.38814789,0.380307,0.007841,0
02013,Aleutians East Borough,AK,6.0,3407,0.7754,0.34843248,0.468416,-0.119983,2
02016,Aleutians West Census Area,AK,6.0,5219,0.5033,0.34952685,0.486084,-0.136557,2
02020,Anchorage Municipality,AK,3.0,290674,0.6052,0.39022613,0.42328,-0.033053,1
02050,Bethel Census Area,AK,6.0,18538,0.9424,0.24522647,0.369484,-0.124258,2
02060,Bristol Bay Borough,AK,6.0,854,0.2332,0.30094439,0.493381,-0.192436,3
02068,Denali Borough,AK,6.0,2101,0.0353,0.31032866,0.508487,-0.198158,3
02070,Dillingham Census Area,AK,6.0,4854,0.8931,0.30598083,0.395047,-0.089066,2
02090,Fairbanks North Star Borough,AK,4.0,96299,0.4925,0.39939216,0.426757,-0.027365,1
02100,Haines Borough,AK,6.0,2079,0.4594,0.4371523,0.499982,-0.06283,3
02105,Hoonah-Angoon Census Area,AK,6.0,2329,0.6376,0.23737538,0.451209,-0.213834,0
02110,Juneau City and Borough,AK,5.0,32108,0.3528,0.37157425,0.429299,-0.057725,1
02122,Kenai Peninsula Borough,AK,6.0,59235,0.4725,0.41978163,0.462165,-0.042383,3
02130,Ketchikan Gateway Borough,AK,5.0,13910,0.5027,0.39546809,0.428946,-0.033478,1
02150,Kodiak Island Borough,AK,6.0,13065,0.637,0.43025735,0.467627,-0.037369,2
02158,Kusilvak Census Area,AK,6.0,8372,0.8568,0.2158971,0.353887,-0.13799,2
02164,Lake and Peninsula Borough,AK,6.0,999,0.7926,0.30806768,0.406763,-0.098695,2
02170,Matanuska-Susitna Borough,AK,3.0,108661,0.4792,0.39588046,0.437422,-0.041542,1
02180,Nome Census Area,AK,6.0,10018,0.8683,0.24851827,0.369141,-0.120622,2
02185,North Slope Borough,AK,6.0,10924,0.7747,0.28824368,0.445787,-0.157543,2
02188,Northwest Arctic Borough,AK,6.0,7682,0.8734,0.24227615,0.400135,-0.157859,2
02195,Petersburg Borough,AK,6.0,3374,0.6857,0.44674322,0.432367,0.014376,3
02198,Prince of Wales-Hyder Census Area,AK,6.0,5799,0.818,0.2986097,0.439285,-0.140676,0
02220,Sitka City and Borough,AK,6.0,8462,0.4442,0.41343737,0.428535,-0.015098,1
02230,Skagway Municipality,AK,6.0,1303,0.3328,0.51409113,0.468766,0.045325,3
02240,Southeast Fairbanks Census Area,AK,6.0,6888,0.6755,0.42866734,0.488695,-0.060027,1
02275,Wrangell City and Borough,AK,6.0,2134,0.5342,0.38835242,0.437884,-0.049531,0
02282,Yakutat City and Borough,AK,6.0,564,0.3723,0.15431266,0.539958,-0.385645,0
02290,Yukon-Koyukuk Census Area,AK,6.0,5355,0.8807,0.27879399,0.405391,-0.126597,2
04001,Apache County,AZ,6.0,66054,0.965,0.33915681,0.448823,-0.109666,2
04003,Cochise County,AZ,4.0,125504,0.9325,0.41243395,0.395232,0.017202,0
04005,Coconino County,AZ,4.0,144705,0.8031,0.40403309,0.429562,-0.025528,1
04007,Gila County,AZ,5.0,53419,0.847,0.39617312,0.413981,-0.017808,0
04009,Graham County,AZ,5.0,38453,0.8486,0.4117319,0.405849,0.005883,0
04011,Greenlee County,AZ,6.0,9483,0.3598,0.44606653,0.477615,-0.031548,3
04012,La Paz County,AZ,6.0,16681,0.9195,0.37949997,0.409359,-0.029859,0
04013,Maricopa County,AZ,1.0,4430871,0.713,0.39858052,0.399128,-0.000548,1
04015,Mohave County,AZ,4.0,214229,0.8489,0.39757812,0.410932,-0.013354,0
04017,Navajo County,AZ,5.0,107110,0.9806,0.37639859,0.390326,-0.013928,2
04019,Pima County,AZ,1.0,1042393,0.888,0.38399237,0.392023,-0.008031,1
04021,Pinal County,AZ,2.0,433338,0.797,0.36687279,0.408715,-0.041842,0
04023,Santa Cruz County,AZ,5.0,47838,0.9383,0.38348687,0.414336,-0.030849,2
04025,Yavapai County,AZ,4.0,237830,0.5991,0.4318611,0.410717,0.021145,3
04027,Yuma County,AZ,4.0,204374,0.9978,0.38422301,0.404641,-0.020418,2
05001,Arkansas County,AR,6.0,17024,0.7226,0.35955381,0.410495,-0.050941,0
05003,Ashley County,AR,6.0,19018,0.8237,0.37255526,0.396828,-0.024273,0
05005,Baxter County,AR,5.0,41801,0.4333,0.41312975,0.410438,0.002692,3
05007,Benton County,AR,3.0,286528,0.3268,0.42820385,0.461865,-0.033662,1
05009,Boone County,AR,5.0,37662,0.2647,0.41718379,0.43653,-0.019346,3
05011,Bradley County,AR,6.0,10461,0.8864,0.36967647,0.401853,-0.032177,0
05013,Calhoun County,AR,5.0,4773,0.4967,0.41484836,0.441728,-0.02688,0
05015,Carroll County,AR,6.0,28362,0.6421,0.43037787,0.444478,-0.0141,3
05017,Chicot County,AR,6.0,10234,0.9987,0.34589764,0.344119,0.001779,0
05019,Clark County,AR,5.0,21469,0.8339,0.39639875,0.387943,0.008456,0
05021,Clay County,AR,6.0,14537,0.3929,0.40700525,0.404061,0.002944,0
05023,Cleburne County,AR,6.0,24948,0.3532,0.41772431,0.413785,0.003939,0
05025,Cleveland County,AR,5.0,7548,0.286,0.43524539,0.478741,-0.043495,0
05027,Columbia County,AR,5.0,22707,0.7598,0.36223033,0.402544,-0.040314,0
05029,Conway County,AR,6.0,20782,0.7461,0.40632898,0.392054,0.014275,0
05031,Craighead County,AR,4.0,111038,0.8342,0.39591953,0.389464,0.006455,1
05033,Crawford County,AR,4.0,60593,0.7531,0.38996616,0.399708,-0.009741,0
05035,Crittenden County,AR,2.0,47945,0.9205,0.33124423,0.348371,-0.017127,0
05037,Cross County,AR,6.0,16827,0.9227,0.3735705,0.390755,-0.017184,0
05039,Dallas County,AR,6.0,6472,0.6885,0.37491551,0.424498,-0.049582,0
05041,Desha County,AR,6.0,11285,0.9749,0.36001599,0.358925,0.001091,0
05043,Drew County,AR,6.0,17309,0.7668,0.36812791,0.402542,-0.034414,0
05045,Faulkner County,AR,3.0,124611,0.5326,0.40832007,0.427406,-0.019086,1
05047,Franklin County,AR,6.0,17160,0.6198,0.41591936,0.409042,0.006877,0
05049,Fulton County,AR,6.0,12183,0.6535,0.41703022,0.434728,-0.017698,0
05051,Garland County,AR,4.0,100021,0.8661,0.37727845,0.386695,-0.009416,0
05053,Grant County,AR,3.0,18022,0.1852,0.41122073,0.425446,-0.014226,3
05055,Greene County,AR,5.0,45954,0.6917,0.39618325,0.401036,-0.004853,0
05057,Hempstead County,AR,6.0,20037,0.8998,0.35957634,0.395319,-0.035743,0
05059,Hot Spring County,AR,5.0,33129,0.6437,0.37737459,0.397237,-0.019862,0
05061,Howard County,AR,6.0,12779,0.8797,0.39111823,0.407099,-0.015981,0
05063,Independence County,AR,5.0,37910,0.8241,0.40738338,0.396836,0.010547,0
05065,Izard County,AR,6.0,13748,0.671,0.39725721,0.416655,-0.019398,0
05067,Jackson County,AR,6.0,16784,0.7101,0.36290771,0.401323,-0.038415,0
05069,Jefferson County,AR,5.0,66934,0.9096,0.33640218,0.351115,-0.014712,0
05071,Johnson County,AR,6.0,25925,0.895,0.40672851,0.41114,-0.004411,0
05073,Lafayette County,AR,6.0,6277,0.8075,0.35205176,0.389218,-0.037166,0
05075,Lawrence County,AR,6.0,16258,0.7003,0.39864597,0.408537,-0.009891,0
05077,Lee County,AR,6.0,8666,0.9714,0.35436222,0.33931,0.015052,0
05079,Lincoln County,AR,6.0,13016,0.5864,0.3787449,0.399662,-0.020917,0
05081,Little River County,AR,4.0,12024,0.4197,0.39364776,0.429481,-0.035833,0
05083,Logan County,AR,6.0,21247,0.5444,0.39898005,0.414246,-0.015266,0
05085,Lonoke County,AR,3.0,74292,0.4063,0.38053194,0.416033,-0.035501,1
05087,Madison County,AR,3.0,16737,0.5272,0.43956083,0.41347,0.026091,0
05089,Marion County,AR,6.0,16905,0.4588,0.40492791,0.416403,-0.011475,0
05091,Miller County,AR,4.0,42682,0.9354,0.37120056,0.375728,-0.004528,0
05093,Mississippi County,AR,5.0,40361,0.9335,0.34071478,0.399671,-0.058956,0
05095,Monroe County,AR,6.0,6787,0.9341,0.37839964,0.377763,0.000637,0
05097,Montgomery County,AR,6.0,8555,0.5765,0.41945341,0.406872,0.012582,0
05099,Nevada County,AR,6.0,8292,0.8527,0.37468189,0.376978,-0.002296,0
05101,Newton County,AR,5.0,7243,0.1985,0.4344652,0.426416,0.00805,3
05103,Ouachita County,AR,5.0,22606,0.7464,0.36784491,0.378563,-0.010719,0
05105,Perry County,AR,3.0,10055,0.4292,0.41772452,0.432928,-0.015204,0
05107,Phillips County,AR,6.0,16373,0.9628,0.32216185,0.343391,-0.021229,0
05109,Pike County,AR,6.0,10205,0.5972,0.41889343,0.422462,-0.003568,0
05111,Poinsett County,AR,4.0,22997,0.7381,0.36081532,0.386647,-0.025831,0
05113,Polk County,AR,6.0,19384,0.6863,0.42600602,0.409057,0.016949,0
05115,Pope County,AR,5.0,63475,0.8171,0.40715635,0.387463,0.019694,0
05117,Prairie County,AR,6.0,8217,0.4601,0.41591874,0.406607,0.009312,0
05119,Pulaski County,AR,3.0,398322,0.7811,0.34691188,0.359803,-0.012891,1
05121,Randolph County,AR,6.0,18619,0.7051,0.41706014,0.416566,0.000494,0
05123,St. Francis County,AR,5.0,23138,0.9777,0.3393988,0.351157,-0.011758,0
05125,Saline County,AR,3.0,123988,0.2864,0.38589579,0.411806,-0.02591,3
05127,Scott County,AR,6.0,9871,0.7537,0.41697285,0.413266,0.003707,0
05129,Searcy County,AR,6.0,7880,0.517,0.4302806,0.409394,0.020887,0
05131,Sebastian County,AR,4.0,128184,0.8696,0.38598964,0.404419,-0.018429,1
05133,Sevier County,AR,6.0,15913,0.825,0.41784802,0.437532,-0.019684,2
05135,Sharp County,AR,6.0,17422,0.5838,0.41550666,0.407202,0.008304,0
05137,Stone County,AR,6.0,12393,0.7709,0.43088451,0.394535,0.036349,0
05139,Union County,AR,5.0,38815,0.6682,0.35887739,0.391778,-0.0329,0
05141,Van Buren County,AR,6.0,15900,0.7763,0.42880493,0.390381,0.038424,0
05143,Washington County,AR,3.0,247331,0.7658,0.40926707,0.406713,0.002554,1
05145,White County,AR,5.0,77118,0.8482,0.42487273,0.38602,0.038853,0
05147,Woodruff County,AR,6.0,6259,0.7671,0.35425344,0.40642,-0.052167,0
05149,Yell County,AR,5.0,20342,0.7738,0.39004129,0.439591,-0.04955,0
06001,Alameda County,CA,1.0,1663823,0.5129,0.4454354,0.455417,-0.009982,1
06003,Alpine County,CA,5.0,1515,0.4044,0.35494533,0.556057,-0.201111,1
06005,Amador County,CA,6.0,40577,0.5647,0.46767178,0.440804,0.026868,3
06007,Butte County,CA,4.0,213605,0.8225,0.4174532,0.41611,0.001343,1
06009,Calaveras County,CA,6.0,45674,0.3357,0.43895984,0.451744,-0.012784,3
06011,Colusa County,CA,6.0,21811,0.84,0.43434104,0.410979,0.023362,2
06013,Contra Costa County,CA,2.0,1162648,0.4785,0.43915075,0.43675,0.002401,1
06015,Del Norte County,CA,5.0,27462,0.9004,0.39385891,0.399668,-0.005809,0
06017,El Dorado County,CA,2.0,191713,0.1896,0.46889934,0.451279,0.017621,3
06019,Fresno County,CA,1.0,1008280,0.9618,0.39173633,0.408927,-0.017191,2
06021,Glenn County,CA,6.0,28657,0.8622,0.407442,0.435193,-0.027751,2
06023,Humboldt County,CA,5.0,136132,0.8269,0.40055817,0.396666,0.003892,1
06025,Imperial County,CA,4.0,179578,0.9936,0.36645997,0.410005,-0.043545,2
06027,Inyo County,CA,5.0,18829,0.6147,0.45439193,0.428749,0.025643,3
06029,Kern County,CA,3.0,906883,0.9685,0.42490715,0.412245,0.012662,2
06031,Kings County,CA,4.0,152515,0.9507,0.39569581,0.410173,-0.014477,2
06033,Lake County,CA,5.0,68024,0.9055,0.42103842,0.412309,0.00873,0
06035,Lassen County,CA,5.0,31873,0.8231,0.42902815,0.397462,0.031566,0
06037,Los Angeles County,CA,1.0,9936690,0.8629,0.43123019,0.424242,0.006989,2
06039,Madera County,CA,2.0,157243,0.9593,0.39287484,0.414827,-0.021952,2
06041,Marin County,CA,2.0,260485,0.37,0.47873285,0.472627,0.006106,1
06043,Mariposa County,CA,6.0,17130,0.8613,0.46297544,0.408332,0.054643,0
06045,Mendocino County,CA,5.0,91145,0.9726,0.39904401,0.406682,-0.007638,0
06047,Merced County,CA,3.0,282290,0.973,0.40979525,0.415829,-0.006034,2
06049,Modoc County,CA,6.0,8651,0.8186,0.44629347,0.424948,0.021346,0
06051,Mono County,CA,6.0,13219,0.3891,0.43463239,0.490379,-0.055747,1
06053,Monterey County,CA,3.0,437609,0.8686,0.40575898,0.4313,-0.025541,2
06055,Napa County,CA,4.0,137384,0.6831,0.43577325,0.440111,-0.004338,1
06057,Nevada County,CA,5.0,102322,0.2148,0.45311219,0.442064,0.011048,3
06059,Orange County,CA,1.0,3175227,0.5692,0.46124375,0.445885,0.015359,1
06061,Placer County,CA,2.0,406608,0.1992,0.46106142,0.455005,0.006057,3
06063,Plumas County,CA,6.0,19650,0.4088,0.43394718,0.447665,-0.013717,3
06065,Riverside County,CA,1.0,2429487,0.8199,0.4091011,0.417669,-0.008568,2
06067,Sacramento County,CA,1.0,1579211,0.7509,0.42372814,0.410331,0.013397,1
06069,San Benito County,CA,2.0,64753,0.5094,0.41333178,0.431782,-0.01845,2
06071,San Bernardino County,CA,2.0,2180563,0.8858,0.41319978,0.413966,-0.000766,2
06073,San Diego County,CA,1.0,3289701,0.7057,0.42578506,0.438448,-0.012663,1
06075,San Francisco County,CA,1.0,851036,0.482,0.50388849,0.454601,0.049287,1
06077,San Joaquin County,CA,3.0,779445,0.8718,0.4109748,0.41715,-0.006175,2
06079,San Luis Obispo County,CA,3.0,281712,0.5227,0.44881001,0.437107,0.011703,1
06081,San Mateo County,CA,2.0,754250,0.2899,0.47538444,0.461701,0.013683,1
06083,Santa Barbara County,CA,3.0,445213,0.8667,0.43162468,0.441225,-0.009601,2
06085,Santa Clara County,CA,1.0,1916831,0.3614,0.47475955,0.455252,0.019507,1
06087,Santa Cruz County,CA,3.0,268571,0.6131,0.41556695,0.439281,-0.023714,1
06089,Shasta County,CA,4.0,181852,0.7649,0.42409173,0.414077,0.010015,1
06091,Sierra County,CA,6.0,2916,0.3522,0.45638773,0.439662,0.016726,3
06093,Siskiyou County,CA,6.0,44049,0.7884,0.44827986,0.422268,0.026012,0
06095,Solano County,CA,3.0,450995,0.6201,0.42531589,0.419677,0.005639,1
06097,Sonoma County,CA,3.0,488436,0.5562,0.4450615,0.439897,0.005165,1
06099,Stanislaus County,CA,3.0,552063,0.8511,0.41757643,0.41606,0.001517,2
06101,Sutter County,CA,4.0,99101,0.8641,0.43230522,0.411889,0.020416,2
06103,Tehama County,CA,5.0,65484,0.9271,0.41335842,0.407429,0.005929,0
06105,Trinity County,CA,6.0,15889,0.7206,0.4283205,0.429774,-0.001454,0
06107,Tulare County,CA,3.0,473446,0.9147,0.40219763,0.419457,-0.017259,2
06109,Tuolumne County,CA,5.0,54993,0.6319,0.44813046,0.426584,0.021546,3
06111,Ventura County,CA,3.0,842009,0.6249,0.42867219,0.437582,-0.00891,1
06113,Yolo County,CA,2.0,217141,0.7366,0.43536642,0.420163,0.015204,1
06115,Yuba County,CA,4.0,81705,0.9268,0.41382939,0.402395,0.011434,1
08001,Adams County,CO,2.0,520149,0.7264,0.40674448,0.402365,0.004379,1
08003,Alamosa County,CO,5.0,16460,0.8253,0.40989545,0.385495,0.024401,1
08005,Arapahoe County,CO,1.0,654453,0.4661,0.44163319,0.403093,0.03854,1
08007,Archuleta County,CO,6.0,13509,0.3484,0.45483515,0.432463,0.022372,3
08009,Baca County,CO,6.0,3496,0.5472,0.51706058,0.463283,0.053778,3
08011,Bent County,CO,6.0,5561,0.8804,0.38204563,0.414178,-0.032132,0
08013,Boulder County,CO,3.0,328658,0.209,0.44868073,0.444719,0.003961,1
08014,Broomfield County,CO,2.0,73946,0.0436,0.4738498,0.455118,0.018732,1
08015,Chaffee County,CO,6.0,19564,0.6096,0.46554208,0.420641,0.044901,3
08017,Cheyenne County,CO,6.0,1726,0.0837,0.58097589,0.546434,0.034541,3
08019,Clear Creek County,CO,2.0,9403,0.1394,0.5012961,0.441617,0.059679,3
08021,Conejos County,CO,5.0,7553,0.8377,0.49919999,0.435732,0.063468,0
08023,Costilla County,CO,5.0,3534,0.8727,0.38670185,0.387609,-0.000908,0
08025,Crowley County,CO,6.0,5782,0.86,0.40648493,0.375205,0.03128,0
08027,Custer County,CO,6.0,4885,0.1012,0.48927975,0.481801,0.007478,3
08029,Delta County,CO,6.0,31173,0.581,0.469383,0.418037,0.051346,3
08031,Denver County,CO,1.0,710800,0.5603,0.3797124,0.424559,-0.044847,1
08033,Dolores County,CO,6.0,2329,0.1858,0.47992218,0.491126,-0.011204,3
08035,Douglas County,CO,2.0,360206,0.022,0.48243368,0.473794,0.00864,1
08037,Eagle County,CO,5.0,55650,0.3497,0.45891118,0.44193,0.016981,1
08039,Elbert County,CO,2.0,26457,0.0006,0.48969987,0.534974,-0.045274,3
08041,El Paso County,CO,3.0,730323,0.4604,0.41038227,0.413078,-0.002695,1
08043,Fremont County,CO,5.0,49107,0.6688,0.43079603,0.415481,0.015315,0
08045,Garfield County,CO,5.0,61683,0.6058,0.46674812,0.444298,0.02245,1
08047,Gilpin County,CO,2.0,5856,0.0967,0.44016194,0.477285,-0.037123,1
08049,Grand County,CO,6.0,15724,0.1565,0.50747639,0.446617,0.06086,1
08051,Gunnison County,CO,6.0,17018,0.1222,0.48710701,0.463337,0.02377,1
08053,Hinsdale County,CO,6.0,911,0.0869,0.4694798,0.528498,-0.059018,3
08055,Huerfano County,CO,6.0,6896,0.5383,0.39785537,0.437302,-0.039447,3
08057,Jackson County,CO,6.0,1440,0.3751,0.5464769,0.462431,0.084046,3
08059,Jefferson County,CO,2.0,580519,0.0948,0.45357713,0.4489,0.004677,1
08061,Kiowa County,CO,6.0,1347,0.3312,0.51521695,0.566034,-0.050817,3
08063,Kit Carson County,CO,6.0,7039,0.6825,0.51277345,0.446514,0.066259,3
08065,Lake County,CO,5.0,7403,0.1152,0.40600955,0.464768,-0.058759,3
08067,La Plata County,CO,5.0,55983,0.258,0.48602137,0.441938,0.044083,3
08069,Larimer County,CO,3.0,359363,0.1524,0.45867237,0.45613,0.002542,1
08071,Las Animas County,CO,6.0,14422,0.9068,0.451882,0.390797,0.061085,0
08073,Lincoln County,CO,6.0,5583,0.385,0.46279272,0.457979,0.004814,3
08075,Logan County,CO,5.0,21302,0.6004,0.47186178,0.428136,0.043725,3
08077,Mesa County,CO,4.0,156131,0.6462,0.4522244,0.405412,0.046812,1
08079,Mineral County,CO,6.0,794,0.056,0.29437235,0.465957,-0.171584,3
08081,Moffat County,CO,5.0,13232,0.8164,0.46070582,0.391897,0.068809,1
08083,Montezuma County,CO,6.0,26070,0.6061,0.42987108,0.414472,0.015399,3
08085,Montrose County,CO,5.0,42823,0.5164,0.43678197,0.422352,0.01443,3
08087,Morgan County,CO,5.0,29045,0.8371,0.45381156,0.405222,0.048589,2
08089,Otero County,CO,6.0,18580,0.9535,0.42360386,0.42635,-0.002746,0
08091,Ouray County,CO,6.0,4936,0.0834,0.55626214,0.46138,0.094883,3
08093,Park County,CO,2.0,17597,0.0032,0.46367955,0.465094,-0.001414,3
08095,Phillips County,CO,6.0,4493,0.4203,0.49150434,0.504004,-0.012499,3
08097,Pitkin County,CO,5.0,17325,0.0617,0.45833528,0.483432,-0.025097,1
08099,Prowers County,CO,6.0,11968,0.9615,0.43874875,0.394356,0.044393,0
08101,Pueblo County,CO,4.0,168135,0.8533,0.38340402,0.360976,0.022428,1
08103,Rio Blanco County,CO,6.0,6511,0.5167,0.50190043,0.433397,0.068503,3
08105,Rio Grande County,CO,6.0,11442,0.7868,0.41259763,0.406091,0.006507,0
08107,Routt County,CO,5.0,24944,0.1314,0.49743322,0.456767,0.040667,1
08109,Saguache County,CO,6.0,6454,0.6608,0.43400729,0.39326,0.040748,0
08111,San Juan County,CO,6.0,690,0.4276,0.47306028,0.462076,0.010984,1
08113,San Miguel County,CO,6.0,8082,0.2911,0.5124836,0.440976,0.071508,1
08115,Sedgwick County,CO,6.0,2391,0.6729,0.50416535,0.412332,0.091833,3
08117,Summit County,CO,5.0,30955,0.1696,0.51823843,0.443257,0.074982,1
08119,Teller County,CO,3.0,24758,0.0496,0.44341394,0.461715,-0.018301,3
08121,Washington County,CO,6.0,4817,0.2848,0.50372368,0.44974,0.053984,3
08123,Weld County,CO,3.0,331466,0.5889,0.42962784,0.419054,0.010574,1
08125,Yuma County,CO,6.0,9938,0.6783,0.51131254,0.45018,0.061133,2
10001,Kent County,DE,4.0,182400,0.8151,0.38084885,0.386101,-0.005252,1
10003,New Castle County,DE,2.0,570567,0.5132,0.364562,0.398316,-0.033754,1
10005,Sussex County,DE,5.0,240668,0.5183,0.38123924,0.413601,-0.032362,3
11001,District of Columbia,DC,1.0,670587,0.6262,0.34881705,0.399004,-0.050187,1
12001,Alachua County,FL,3.0,279729,0.6099,0.37195468,0.396328,-0.024374,1
12003,Baker County,FL,2.0,27969,0.6188,0.37410435,0.40513,-0.031026,0
12005,Bay County,FL,4.0,181055,0.7407,0.38076016,0.396806,-0.016046,1
12007,Bradford County,FL,6.0,27816,0.8867,0.35476565,0.373088,-0.018323,0
12009,Brevard County,FL,3.0,610723,0.4817,0.38699719,0.410327,-0.02333,1
12011,Broward County,FL,2.0,1940907,0.7814,0.39492157,0.393233,0.001688,1
12013,Calhoun County,FL,6.0,13753,0.8756,0.36535478,0.413436,-0.048081,0
12015,Charlotte County,FL,4.0,189900,0.5953,0.4138647,0.419769,-0.005904,3
12017,Citrus County,FL,4.0,155173,0.5698,0.39459139,0.412117,-0.017525,0
12019,Clay County,FL,2.0,219650,0.3649,0.38812372,0.390985,-0.002862,1
12021,Collier County,FL,3.0,380221,0.6141,0.41089547,0.440434,-0.029539,1
12023,Columbia County,FL,5.0,69832,0.9138,0.35454869,0.391126,-0.036577,0
12027,DeSoto County,FL,5.0,34258,0.9981,0.35680911,0.404464,-0.047655,0
12029,Dixie County,FL,6.0,16737,0.7719,0.35048658,0.410904,-0.060417,0
12031,Duval County,FL,1.0,995708,0.7935,0.34949052,0.362981,-0.01349,1
12033,Escambia County,FL,3.0,321296,0.839,0.36745942,0.372011,-0.004552,1
12035,Flagler County,FL,3.0,117515,0.3121,0.41597086,0.426509,-0.010538,3
12037,Franklin County,FL,6.0,12276,0.9017,0.33930191,0.408714,-0.069412,0
12039,Gadsden County,FL,3.0,43746,0.9742,0.30693579,0.363761,-0.056825,0
12041,Gilchrist County,FL,3.0,18070,0.7337,0.38361052,0.418987,-0.035377,0
12043,Glades County,FL,5.0,12179,0.9058,0.43561956,0.428122,0.007498,0
12045,Gulf County,FL,6.0,15002,0.7082,0.34612128,0.400363,-0.054242,0
12047,Hamilton County,FL,6.0,13492,0.9803,0.37324214,0.38442,-0.011178,0
12049,Hardee County,FL,6.0,25528,0.993,0.39809197,0.406812,-0.008721,2
12051,Hendry County,FL,5.0,39902,0.9946,0.35903201,0.411152,-0.05212,2
12053,Hernando County,FL,2.0,196621,0.6602,0.39272451,0.405836,-0.013112,0
12055,Highlands County,FL,4.0,102339,0.8673,0.3806411,0.412251,-0.03161,0
12057,Hillsborough County,FL,1.0,1468560,0.7789,0.37248695,0.388585,-0.016098,1
12059,Holmes County,FL,6.0,19529,0.8081,0.39643642,0.414225,-0.017788,0
12061,Indian River County,FL,4.0,160986,0.5145,0.37981397,0.419278,-0.039464,3
12063,Jackson County,FL,6.0,47704,0.8085,0.37096369,0.397141,-0.026177,0
12065,Jefferson County,FL,3.0,14458,0.7439,0.35019913,0.389027,-0.038827,0
12067,Lafayette County,FL,6.0,8107,0.8409,0.42304373,0.420886,0.002158,0
12069,Lake County,FL,2.0,386829,0.6214,0.37429526,0.403938,-0.029643,3
12071,Lee County,FL,3.0,772902,0.7086,0.38689688,0.431863,-0.044966,1
12073,Leon County,FL,3.0,294128,0.6952,0.36272386,0.380936,-0.018212,1
12075,Levy County,FL,3.0,43268,0.7582,0.37300131,0.410694,-0.037692,0
12077,Liberty County,FL,6.0,7704,0.8266,0.37013546,0.416323,-0.046188,0
12079,Madison County,FL,6.0,17986,0.8638,0.33824599,0.403479,-0.065233,0
12081,Manatee County,FL,3.0,405069,0.6332,0.36720231,0.423352,-0.05615,1
12083,Marion County,FL,3.0,378225,0.8196,0.37483612,0.398798,-0.023962,0
12085,Martin County,FL,3.0,159399,0.4642,0.4137814,0.42414,-0.010359,3
12086,Miami-Dade County,FL,1.0,2688237,0.881,0.40987024,0.399684,0.010186,2
12087,Monroe County,FL,5.0,82044,0.6822,0.42227647,0.419111,0.003165,1
12089,Nassau County,FL,2.0,91538,0.2539,0.37142292,0.422737,-0.051314,3
12091,Okaloosa County,FL,3.0,212021,0.5266,0.39775303,0.422428,-0.024675,1
12093,Okeechobee County,FL,5.0,39870,0.9637,0.36493546,0.406241,-0.041306,0
12095,Orange County,FL,1.0,1427403,0.7951,0.37686664,0.38815,-0.011284,1
12097,Osceola County,FL,2.0,393745,0.8307,0.39356777,0.395296,-0.001728,2
12099,Palm Beach County,FL,2.0,1494805,0.8008,0.38884383,0.431424,-0.042581,1
12101,Pasco County,FL,2.0,569211,0.7041,0.38149172,0.394743,-0.013251,1
12103,Pinellas County,FL,1.0,959918,0.7095,0.38062713,0.396362,-0.015735,1
12105,Polk County,FL,3.0,736229,0.8912,0.36624971,0.383487,-0.017238,0
12107,Putnam County,FL,5.0,73604,0.9835,0.35269606,0.400211,-0.047515,0
12109,St. Johns County,FL,2.0,278722,0.1266,0.39194059,0.454036,-0.062095,3
12111,St. Lucie County,FL,3.0,334682,0.7906,0.36854619,0.38714,-0.018594,1
12113,Santa Rosa County,FL,3.0,188994,0.3213,0.39503312,0.421447,-0.026414,3
12115,Sarasota County,FL,3.0,439392,0.3653,0.40280822,0.426559,-0.023751,3
12117,Seminole County,FL,2.0,471321,0.3996,0.41525102,0.397788,0.017463,1
12119,Sumter County,FL,4.0,131832,0.3026,0.36445725,0.446332,-0.081874,3
12121,Suwannee County,FL,6.0,43881,0.8457,0.38748422,0.397013,-0.009529,0
12123,Taylor County,FL,6.0,21421,0.8062,0.3646208,0.40484,-0.04022,0
12125,Union County,FL,6.0,15524,0.6669,0.36936569,0.444019,-0.074653,0
12127,Volusia County,FL,3.0,558520,0.6987,0.38216206,0.395196,-0.013034,1
12129,Wakulla County,FL,3.0,33732,0.3058,0.38506991,0.416845,-0.031775,3
12131,Walton County,FL,3.0,76618,0.6287,0.38342035,0.410518,-0.027097,1
12133,Washington County,FL,4.0,25014,0.8043,0.38518906,0.403684,-0.018495,0
13001,Appling County,GA,6.0,18441,0.9122,0.37376833,0.404361,-0.030593,0
13003,Atkinson County,GA,5.0,8265,0.8444,0.37468207,0.425512,-0.05083,2
13005,Bacon County,GA,6.0,11138,0.889,0.36685267,0.407669,-0.040816,0
13007,Baker County,GA,6.0,2878,0.7162,0.32751971,0.402189,-0.07467,0
13009,Baldwin County,GA,5.0,43778,0.923,0.3288132,0.359296,-0.030483,0
13011,Banks County,GA,6.0,18381,0.3373,0.38752827,0.449413,-0.061885,0
13013,Barrow County,GA,2.0,84399,0.4887,0.38124853,0.409582,-0.028333,1
13015,Bartow County,GA,2.0,109410,0.454,0.36736608,0.397925,-0.030559,1
13017,Ben Hill County,GA,5.0,17169,0.9265,0.36474583,0.388602,-0.023857,0
13019,Berrien County,GA,6.0,18187,0.6748,0.37655136,0.410649,-0.034098,0
13021,Bibb County,GA,4.0,156554,0.9644,0.32279578,0.335353,-0.012557,1
13023,Bleckley County,GA,6.0,12413,0.7063,0.3481538,0.386831,-0.038677,0
13025,Brantley County,GA,4.0,18105,0.3974,0.37438467,0.406831,-0.032447,0
13027,Brooks County,GA,4.0,16275,0.9275,0.35023898,0.375798,-0.025559,0
13029,Bryan County,GA,3.0,44995,0.3115,0.38946643,0.438471,-0.049005,1
13031,Bulloch County,GA,5.0,79829,0.8374,0.35509628,0.369488,-0.014392,1
13033,Burke County,GA,3.0,24337,0.7483,0.35399163,0.374358,-0.020367,0
13035,Butts County,GA,2.0,25522,0.5565,0.35340184,0.401801,-0.0484,0
13037,Calhoun County,GA,6.0,5594,0.9688,0.33009776,0.36486,-0.034762,0
13039,Camden County,GA,5.0,55105,0.6618,0.3872731,0.387437,-0.000164,1
13043,Candler County,GA,6.0,10946,0.916,0.34475386,0.412902,-0.068148,0
13045,Carroll County,GA,2.0,120060,0.8428,0.37341574,0.381491,-0.008075,1
13047,Catoosa County,GA,3.0,68052,0.3086,0.38794801,0.407082,-0.019134,3
13049,Charlton County,GA,6.0,12547,0.8855,0.39031464,0.398114,-0.0078,0
13051,Chatham County,GA,3.0,296266,0.805,0.34380978,0.360494,-0.016684,1
13053,Chattahoochee County,GA,3.0,9402,0.6554,0.35445163,0.385579,-0.031127,1
13055,Chattooga County,GA,5.0,24902,0.9481,0.36703864,0.387187,-0.020149,0
13057,Cherokee County,GA,2.0,268567,0.1969,0.42413217,0.413807,0.010325,1
13059,Clarke County,GA,4.0,128864,0.7502,0.34213948,0.372942,-0.030802,1
13061,Clay County,GA,6.0,2855,0.9061,0.32996228,0.366486,-0.036524,0
13063,Clayton County,GA,2.0,296312,0.9488,0.33659592,0.400425,-0.063829,2
13065,Clinch County,GA,6.0,6713,0.9348,0.33864579,0.435489,-0.096843,0
13067,Cobb County,GA,2.0,765813,0.3993,0.39268443,0.407334,-0.01465,1
13069,Coffee County,GA,5.0,43056,0.9609,0.37101632,0.395292,-0.024276,0
13071,Colquitt County,GA,5.0,45813,0.9847,0.34719747,0.410434,-0.063236,2
13073,Columbia County,GA,3.0,156921,0.23,0.40909064,0.419,-0.00991,1
13075,Cook County,GA,6.0,17242,0.9338,0.34277099,0.39912,-0.056349,0
13077,Coweta County,GA,2.0,147449,0.2402,0.36058399,0.427329,-0.066745,1
13079,Crawford County,GA,4.0,12156,0.6837,0.34779364,0.408111,-0.060318,0
13081,Crisp County,GA,5.0,20255,0.978,0.32887796,0.363143,-0.034265,0
13083,Dade County,GA,3.0,16239,0.4388,0.41519946,0.435413,-0.020213,3
13085,Dawson County,GA,2.0,27355,0.1861,0.39285767,0.43135,-0.038492,3
13087,Decatur County,GA,5.0,29063,0.9679,0.35783383,0.362153,-0.004319,0
13089,DeKalb County,GA,2.0,761209,0.7903,0.32836989,0.374663,-0.046293,1
13091,Dodge County,GA,6.0,19977,0.8559,0.36453989,0.398145,-0.033606,0
13093,Dooly County,GA,6.0,11236,0.9313,0.33504042,0.39561,-0.06057,0
13095,Dougherty County,GA,4.0,85038,0.9761,0.31292447,0.333362,-0.020438,0
13097,Douglas County,GA,2.0,144735,0.7012,0.3723354,0.371366,0.000969,1
13099,Early County,GA,6.0,10753,0.9357,0.33828378,0.348277,-0.009993,0
13101,Echols County,GA,4.0,3707,0.4623,0.38110125,0.46081,-0.079709,0
13103,Effingham County,GA,3.0,65314,0.2851,0.40765083,0.427858,-0.020208,1
13105,Elbert County,GA,6.0,19570,0.9224,0.35258234,0.396363,-0.043781,0
13107,Emanuel County,GA,6.0,22907,0.9494,0.37680003,0.396764,-0.019964,0
13109,Evans County,GA,5.0,10759,0.9784,0.34484532,0.400394,-0.055549,0
13111,Fannin County,GA,6.0,25436,0.6172,0.38920122,0.40144,-0.012239,0
13113,Fayette County,GA,2.0,119259,0.1686,0.4430989,0.426907,0.016192,3
13115,Floyd County,GA,4.0,98541,0.9284,0.35719195,0.395463,-0.038271,0
13117,Forsyth County,GA,2.0,253225,0.07,0.42327446,0.474295,-0.051021,3
13119,Franklin County,GA,6.0,23480,0.8314,0.3892276,0.401638,-0.01241,0
13121,Fulton County,GA,1.0,1061944,0.6599,0.32785976,0.371751,-0.043892,1
13123,Gilmer County,GA,6.0,31519,0.545,0.37451908,0.440374,-0.065855,0
13125,Glascock County,GA,6.0,2903,0.6621,0.3542777,0.428114,-0.073836,0
13127,Glynn County,GA,4.0,84566,0.7744,0.34872431,0.380528,-0.031804,1
13129,Gordon County,GA,5.0,57785,0.7318,0.37279746,0.436658,-0.06386,0
13131,Grady County,GA,5.0,26075,0.944,0.35662955,0.388536,-0.031907,0
13133,Greene County,GA,6.0,19020,0.5081,0.34030974,0.40437,-0.06406,0
13135,Gwinnett County,GA,2.0,957977,0.6433,0.42453167,0.398875,0.025656,1
13137,Habersham County,GA,5.0,46326,0.728,0.39084926,0.450574,-0.059725,0
13139,Hall County,GA,4.0,204953,0.8136,0.37572902,0.419889,-0.04416,2
13141,Hancock County,GA,6.0,8588,0.9666,0.31692547,0.357884,-0.040959,0
13143,Haralson County,GA,2.0,30178,0.3089,0.37155288,0.415256,-0.043703,3
13145,Harris County,GA,3.0,34914,0.0675,0.36823243,0.448432,-0.080199,3
13147,Hart County,GA,6.0,26110,0.7681,0.38275063,0.393999,-0.011249,0
13149,Heard County,GA,2.0,11489,0.6459,0.36146966,0.399688,-0.038219,0
13151,Henry County,GA,2.0,240853,0.4018,0.37754801,0.374306,0.003242,1
13153,Houston County,GA,4.0,164117,0.4887,0.36970398,0.392483,-0.022779,1
13155,Irwin County,GA,6.0,9487,0.8282,0.36064276,0.406057,-0.045414,0
13157,Jackson County,GA,5.0,77033,0.3264,0.3762444,0.423316,-0.047072,3
13159,Jasper County,GA,2.0,14882,0.5492,0.34101135,0.397915,-0.056904,0
13161,Jeff Davis County,GA,6.0,14791,0.8785,0.35453621,0.404544,-0.050008,0
13163,Jefferson County,GA,6.0,15591,0.9583,0.34034786,0.376551,-0.036203,0
13165,Jenkins County,GA,6.0,8704,0.8352,0.34418809,0.39608,-0.051892,0
13167,Johnson County,GA,5.0,9225,0.9322,0.3751179,0.390835,-0.015717,0
13169,Jones County,GA,4.0,28382,0.3675,0.36956027,0.406283,-0.036723,0
13171,Lamar County,GA,6.0,18676,0.4092,0.35533702,0.425376,-0.070039,0
13173,Lanier County,GA,4.0,9964,0.8011,0.33866939,0.435493,-0.096824,0
13175,Laurens County,GA,5.0,49407,0.9014,0.35055667,0.366661,-0.016105,0
13177,Lee County,GA,4.0,32968,0.2606,0.40468574,0.435168,-0.030483,1
13179,Liberty County,GA,4.0,65550,0.9007,0.36844605,0.35721,0.011236,1
13181,Lincoln County,GA,3.0,7726,0.5488,0.36981088,0.400061,-0.03025,0
13183,Long County,GA,4.0,16804,0.8851,0.3654083,0.381049,-0.015641,0
13185,Lowndes County,GA,4.0,118257,0.8702,0.3556807,0.371789,-0.016108,1
13187,Lumpkin County,GA,2.0,33405,0.3608,0.38906109,0.441185,-0.052124,3
13189,McDuffie County,GA,3.0,21715,0.6567,0.34669882,0.37593,-0.029231,0
13191,McIntosh County,GA,4.0,11183,0.7098,0.344964,0.40175,-0.056786,0
13193,Macon County,GA,6.0,12099,0.9866,0.33477706,0.367492,-0.032715,0
13195,Madison County,GA,4.0,30378,0.7423,0.37192518,0.396591,-0.024666,0
13197,Marion County,GA,3.0,7508,0.8877,0.36426637,0.392349,-0.028083,0
13199,Meriwether County,GA,2.0,20679,0.9074,0.34179065,0.371041,-0.02925,0
13201,Miller County,GA,6.0,5923,0.945,0.37469891,0.380208,-0.005509,0
13205,Mitchell County,GA,6.0,21634,0.9914,0.34580582,0.367696,-0.02189,0
13207,Monroe County,GA,4.0,28287,0.329,0.3620407,0.423844,-0.061803,3
13209,Montgomery County,GA,5.0,8687,0.7547,0.34486789,0.402372,-0.057504,0
13211,Morgan County,GA,2.0,20171,0.266,0.34623483,0.427908,-0.081673,3
13213,Murray County,GA,4.0,40063,0.6847,0.34863895,0.42078,-0.072141,0
13215,Muscogee County,GA,3.0,204572,0.9446,0.33414599,0.337192,-0.003046,1
13217,Newton County,GA,2.0,113298,0.6577,0.34475094,0.364371,-0.01962,1
13219,Oconee County,GA,4.0,41978,0.0137,0.42605117,0.483612,-0.05756,3
13221,Oglethorpe County,GA,4.0,14974,0.4645,0.36557311,0.410383,-0.04481,0
13223,Paulding County,GA,2.0,169898,0.1429,0.3835583,0.429769,-0.046211,1
13225,Peach County,GA,4.0,28054,0.8772,0.34030351,0.352868,-0.012565,0
13227,Pickens County,GA,2.0,33439,0.3392,0.38315809,0.413345,-0.030187,3
13229,Pierce County,GA,5.0,19822,0.3051,0.38134772,0.444326,-0.062978,0
13231,Pike County,GA,2.0,19145,0.0665,0.38320851,0.470946,-0.087738,3
13233,Polk County,GA,5.0,43019,0.8285,0.35746813,0.396233,-0.038765,0
13235,Pulaski County,GA,6.0,9887,0.9376,0.34375685,0.374242,-0.030485,0
13237,Putnam County,GA,6.0,22206,0.5679,0.33250841,0.416121,-0.083613,0
13239,Quitman County,GA,5.0,2180,0.8202,0.31750682,0.43845,-0.120943,0
13241,Rabun County,GA,6.0,16915,0.441,0.38720283,0.439296,-0.052093,3
13243,Randolph County,GA,6.0,6365,0.9882,0.33470571,0.340616,-0.00591,0
13245,Richmond County,GA,3.0,206153,0.9513,0.33421153,0.338935,-0.004723,1
13247,Rockdale County,GA,2.0,93641,0.777,0.37823179,0.371855,0.006376,1
13249,Schley County,GA,5.0,4565,0.4973,0.39817607,0.393229,0.004947,0
13251,Screven County,GA,6.0,14026,0.699,0.35279605,0.375726,-0.02293,0
13253,Seminole County,GA,6.0,9117,0.8813,0.34966087,0.384025,-0.034364,0
13255,Spalding County,GA,2.0,67415,0.8206,0.33317184,0.357912,-0.02474,0
13257,Stephens County,GA,5.0,26732,0.7836,0.37938014,0.3912,-0.01182,0
13259,Stewart County,GA,3.0,5121,0.9736,0.32039854,0.401999,-0.0816,0
13261,Sumter County,GA,5.0,29378,0.9631,0.33134979,0.337127,-0.005777,0
13263,Talbot County,GA,3.0,5793,0.6923,0.34088269,0.386098,-0.045215,0
13265,Taliaferro County,GA,6.0,1635,0.692,0.32024187,0.37125,-0.051008,0
13267,Tattnall County,GA,6.0,24309,0.9287,0.37139812,0.395998,-0.0246,0
13269,Taylor County,GA,6.0,7799,0.9555,0.33863109,0.370925,-0.032294,0
13271,Telfair County,GA,6.0,12619,0.9765,0.35263467,0.459111,-0.106476,0
13273,Terrell County,GA,4.0,9004,0.9809,0.3116523,0.371781,-0.060129,0
13275,Thomas County,GA,5.0,45665,0.8158,0.35119915,0.371709,-0.020509,0
13277,Tift County,GA,5.0,41247,0.8759,0.33537623,0.434011,-0.098635,0
13279,Toombs County,GA,5.0,26946,0.9857,0.36008126,0.391038,-0.030957,0
13281,Towns County,GA,6.0,12546,0.5622,0.40426123,0.428198,-0.023937,3
13283,Treutlen County,GA,6.0,6411,0.9389,0.37015605,0.385281,-0.015125,0
13285,Troup County,GA,5.0,69527,0.9023,0.33804658,0.369905,-0.031858,1
13287,Turner County,GA,5.0,8894,0.9675,0.34095162,0.381479,-0.040528,0
13289,Twiggs County,GA,4.0,7955,0.6538,0.34532323,0.392469,-0.047146,0
13291,Union County,GA,6.0,24880,0.4932,0.40268475,0.461754,-0.059069,3
13293,Upson County,GA,5.0,27638,0.6468,0.34327269,0.407509,-0.064237,0
13295,Walker County,GA,3.0,68065,0.6796,0.36523792,0.386778,-0.02154,0
13297,Walton County,GA,2.0,97752,0.4095,0.35753387,0.402614,-0.04508,1
13299,Ware County,GA,5.0,35917,0.9596,0.36017606,0.389807,-0.029631,0
13301,Warren County,GA,6.0,5197,0.8123,0.32335684,0.381533,-0.058176,0
13303,Washington County,GA,6.0,19975,0.9115,0.33435628,0.349989,-0.015633,0
13305,Wayne County,GA,5.0,30277,0.9434,0.36527106,0.386768,-0.021497,0
13307,Webster County,GA,6.0,2354,0.8447,0.3635129,0.381917,-0.018404,0
13309,Wheeler County,GA,6.0,7550,0.7716,0.35542291,0.412303,-0.05688,0
13311,White County,GA,6.0,28165,0.3455,0.42383248,0.408535,0.015297,3
13313,Whitfield County,GA,4.0,103033,0.8836,0.35674581,0.424919,-0.068174,2
13315,Wilcox County,GA,6.0,8839,0.8212,0.36384284,0.406055,-0.042212,0
13317,Wilkes County,GA,6.0,9610,0.6083,0.35652182,0.420063,-0.063541,0
13319,Wilkinson County,GA,6.0,8852,0.784,0.32270512,0.376295,-0.05359,0
13321,Worth County,GA,4.0,20706,0.8571,0.35761192,0.378057,-0.020445,0
15001,Hawaii County,HI,5.0,202163,0.636,0.41295773,0.430157,-0.017199,1
15003,Honolulu County,HI,3.0,1010100,0.5708,0.45602056,0.469068,-0.013048,1
15007,Kauai County,HI,5.0,73511,0.3964,0.43793973,0.460435,-0.022495,1
15009,Maui County,HI,4.0,164765,0.4938,0.43559954,0.43525,0.00035,1
16001,Ada County,ID,3.0,497494,0.1931,0.43062603,0.460286,-0.02966,1
16003,Adams County,ID,6.0,4464,0.2017,0.50101757,0.462672,0.038346,3
16005,Bannock County,ID,4.0,87434,0.4995,0.42854518,0.444383,-0.015838,1
16007,Bear Lake County,ID,6.0,6436,0.2024,0.53048104,0.491362,0.039119,3
16009,Benewah County,ID,6.0,9731,0.6717,0.4399026,0.417475,0.022427,0
16011,Bingham County,ID,5.0,48253,0.5469,0.46504906,0.443159,0.02189,3
16013,Blaine County,ID,5.0,24248,0.4025,0.45624241,0.476307,-0.020064,1
16015,Boise County,ID,3.0,7809,0.1075,0.44466484,0.476553,-0.031888,3
16017,Bonner County,ID,5.0,47976,0.412,0.4619042,0.437452,0.024452,3
16019,Bonneville County,ID,4.0,124490,0.4473,0.44137359,0.440056,0.001318,1
16021,Boundary County,ID,6.0,12335,0.5037,0.47911727,0.447319,0.031798,3
16023,Butte County,ID,4.0,2605,0.7009,0.49656436,0.485897,0.010667,3
16025,Camas County,ID,5.0,1133,0.3271,0.41879675,0.460219,-0.041422,3
16027,Canyon County,ID,3.0,235006,0.6217,0.41242597,0.428718,-0.016292,1
16029,Caribou County,ID,6.0,7058,0.1231,0.51762152,0.494617,0.023005,3
16031,Cassia County,ID,5.0,24859,0.56,0.4589161,0.459841,-0.000925,1
16033,Clark County,ID,6.0,756,0.5412,0.50695574,0.482132,0.024823,2
16035,Clearwater County,ID,6.0,8810,0.5912,0.48161909,0.426939,0.05468,3
16037,Custer County,ID,6.0,4344,0.3713,0.55008233,0.528443,0.02164,3
16039,Elmore County,ID,5.0,28752,0.8155,0.42867124,0.424759,0.003913,0
16041,Franklin County,ID,4.0,14376,0.1101,0.52914071,0.543839,-0.014698,3
16043,Fremont County,ID,5.0,13519,0.5504,0.47315502,0.458863,0.014292,3
16045,Gem County,ID,3.0,19250,0.6153,0.44892702,0.450672,-0.001745,3
16047,Gooding County,ID,6.0,15520,0.8059,0.45613462,0.431919,0.024215,0
16049,Idaho County,ID,6.0,16787,0.5199,0.49271488,0.469516,0.023199,3
16051,Jefferson County,ID,4.0,31383,0.1212,0.50186622,0.519704,-0.017838,3
16053,Jerome County,ID,4.0,24474,0.5826,0.44817823,0.451147,-0.002969,2
16055,Kootenai County,ID,4.0,173396,0.2746,0.44958007,0.457455,-0.007875,3
16057,Latah County,ID,5.0,39872,0.2825,0.47838426,0.449427,0.028957,1
16059,Lemhi County,ID,6.0,8043,0.4073,0.47074503,0.467833,0.002912,3
16061,Lewis County,ID,6.0,3630,0.7146,0.45404363,0.429598,0.024445,0
16063,Lincoln County,ID,5.0,5203,0.6742,0.48970199,0.442448,0.047254,2
16065,Madison County,ID,5.0,52487,0.4318,0.51536697,0.498257,0.01711,1
16067,Minidoka County,ID,5.0,21626,0.5978,0.45633942,0.453143,0.003197,2
16069,Nez Perce County,ID,4.0,42200,0.5892,0.43429041,0.452773,-0.018483,3
16071,Oneida County,ID,5.0,4572,0.0792,0.54170579,0.565499,-0.023793,3
16073,Owyhee County,ID,3.0,12043,0.7432,0.45562488,0.465718,-0.010093,2
16075,Payette County,ID,5.0,25571,0.6713,0.42196861,0.429899,-0.007931,0
16077,Power County,ID,6.0,7918,0.762,0.45477277,0.475755,-0.020983,2
16079,Shoshone County,ID,6.0,13399,0.7493,0.42134413,0.405881,0.015463,0
16081,Teton County,ID,5.0,11813,0.2052,0.52379525,0.506436,0.017359,1
16083,Twin Falls County,ID,4.0,90592,0.5756,0.44669428,0.441268,0.005426,1
16085,Valley County,ID,6.0,11830,0.1365,0.45759839,0.540297,-0.082698,3
16087,Washington County,ID,6.0,10612,0.9093,0.45688677,0.397981,0.058906,0
17001,Adams County,IL,5.0,65583,0.2965,0.42879194,0.443906,-0.015114,3
17003,Alexander County,IL,4.0,5261,0.8941,0.32211855,0.401136,-0.079018,0
17005,Bond County,IL,2.0,16750,0.5253,0.41647035,0.419873,-0.003403,3
17007,Boone County,IL,3.0,53459,0.4655,0.41497758,0.418118,-0.003141,1
17009,Brown County,IL,6.0,6334,0.4753,0.42439929,0.467564,-0.043165,0
17011,Bureau County,IL,5.0,33203,0.3544,0.45156419,0.431672,0.019892,3
17013,Calhoun County,IL,2.0,4472,0.0541,0.52290136,0.516959,0.005942,3
17015,Carroll County,IL,6.0,15594,0.2304,0.47302896,0.442575,0.030454,3
17017,Cass County,IL,6.0,12955,0.4998,0.42147365,0.435723,-0.014249,3
17019,Champaign County,IL,4.0,206525,0.4658,0.40266365,0.408772,-0.006108,1
17021,Christian County,IL,5.0,33893,0.1966,0.43050331,0.433272,-0.002769,3
17023,Clark County,IL,6.0,15467,0.0745,0.46980435,0.448368,0.021437,3
17025,Clay County,IL,6.0,13248,0.5813,0.42199692,0.403733,0.018264,0
17027,Clinton County,IL,2.0,36998,0.1168,0.47838074,0.4639,0.014481,3
17029,Coles County,IL,5.0,47076,0.5574,0.40333819,0.430374,-0.027036,1
17031,Cook County,IL,1.0,5225367,0.7964,0.38461408,0.394809,-0.010195,1
17033,Crawford County,IL,6.0,18729,0.1919,0.43724287,0.434695,0.002548,3
17035,Cumberland County,IL,5.0,10447,0.015,0.44537684,0.570678,-0.125301,3
17037,DeKalb County,IL,2.0,100686,0.5523,0.4313046,0.411214,0.02009,1
17039,De Witt County,IL,6.0,15535,0.0493,0.42762977,0.449961,-0.022331,3
17041,Douglas County,IL,6.0,19714,0.4578,0.47396854,0.452508,0.02146,3
17043,DuPage County,IL,2.0,930559,0.2284,0.48398623,0.472061,0.011925,1
17045,Edgar County,IL,6.0,16852,0.343,0.41870713,0.435063,-0.016356,3
17047,Edwards County,IL,6.0,6182,0.3058,0.46676019,0.453365,0.013395,3
17049,Effingham County,IL,5.0,34594,0.2081,0.46500161,0.494062,-0.02906,3
17051,Fayette County,IL,6.0,21464,0.5644,0.42956212,0.408725,0.020837,3
17053,Ford County,IL,4.0,13484,0.3824,0.46515602,0.41591,0.049246,3
17055,Franklin County,IL,6.0,37810,0.4871,0.42489561,0.410448,0.014448,0
17057,Fulton County,IL,5.0,33691,0.2106,0.41825032,0.445325,-0.027075,3
17059,Gallatin County,IL,6.0,4967,0.4521,0.45408115,0.415122,0.038959,0
17061,Greene County,IL,6.0,12015,0.1044,0.43875042,0.431111,0.007639,3
17063,Grundy County,IL,2.0,52624,0.0773,0.43544772,0.447509,-0.012061,1
17065,Hamilton County,IL,6.0,8008,0.3029,0.46965456,0.407279,0.062375,3
17067,Hancock County,IL,6.0,17582,0.0885,0.49484143,0.463116,0.031725,3
17069,Hardin County,IL,6.0,3665,0.2383,0.44687796,0.456723,-0.009845,3
17071,Henderson County,IL,5.0,6374,0.0391,0.47010902,0.505179,-0.03507,3
17073,Henry County,IL,3.0,49157,0.126,0.4554241,0.451182,0.004242,3
17075,Iroquois County,IL,6.0,27043,0.2673,0.45289558,0.430312,0.022583,3
17077,Jackson County,IL,5.0,53176,0.8479,0.40974066,0.38037,0.029371,1
17079,Jasper County,IL,6.0,9295,0.0875,0.4994401,0.461089,0.038351,3
17081,Jefferson County,IL,5.0,37043,0.7117,0.3946574,0.393046,0.001612,0
17083,Jersey County,IL,2.0,21462,0.0318,0.44170195,0.469997,-0.028295,3
17085,Jo Daviess County,IL,6.0,21942,0.076,0.51140821,0.466294,0.045114,3
17087,Johnson County,IL,6.0,13313,0.3834,0.4195596,0.411429,0.008131,0
17089,Kane County,IL,2.0,517254,0.5084,0.39975157,0.434456,-0.034705,1
17091,Kankakee County,IL,4.0,107421,0.7241,0.39598995,0.375681,0.020309,1
17093,Kendall County,IL,2.0,132795,0.0996,0.45406237,0.445678,0.008384,1
17095,Knox County,IL,5.0,49751,0.644,0.40191913,0.423388,-0.021468,1
17097,Lake County,IL,2.0,713159,0.475,0.41456291,0.439706,-0.025143,1
17099,LaSalle County,IL,5.0,109495,0.3894,0.43089336,0.406943,0.02395,3
17101,Lawrence County,IL,6.0,15302,0.5657,0.40990335,0.413729,-0.003825,0
17103,Lee County,IL,5.0,34221,0.3777,0.4466539,0.445534,0.00112,3
17105,Livingston County,IL,5.0,35771,0.328,0.43381014,0.429697,0.004114,3
17107,Logan County,IL,5.0,28027,0.2921,0.4273026,0.427453,-0.00015,3
17109,McDonough County,IL,5.0,27370,0.539,0.45786658,0.422756,0.03511,1
17111,McHenry County,IL,2.0,311133,0.0923,0.46202949,0.456598,0.005432,3
17113,McLean County,IL,4.0,171284,0.1903,0.42080611,0.446502,-0.025696,1
17115,Macon County,IL,4.0,103542,0.5396,0.37646765,0.404703,-0.028235,1
17117,Macoupin County,IL,2.0,44907,0.1161,0.43834057,0.443009,-0.004668,3
17119,Madison County,IL,2.0,265512,0.2561,0.39849702,0.414979,-0.016482,3
17121,Marion County,IL,5.0,37543,0.6036,0.40170267,0.405562,-0.003859,0
17123,Marshall County,IL,3.0,11740,0.0894,0.42748693,0.474574,-0.047087,3
17125,Mason County,IL,6.0,13074,0.1254,0.3914668,0.477192,-0.085725,3
17127,Massac County,IL,4.0,14135,0.5625,0.37353873,0.397664,-0.024125,0
17129,Menard County,IL,4.0,12284,0.0283,0.43574932,0.493774,-0.058024,3
17131,Mercer County,IL,3.0,15692,0.064,0.47687036,0.457759,0.019112,3
17133,Monroe County,IL,2.0,34905,0.001,0.48901716,0.49889,-0.009873,3
17135,Montgomery County,IL,6.0,28352,0.3191,0.43892664,0.453443,-0.014516,3
17137,Morgan County,IL,5.0,32882,0.4935,0.40636027,0.416316,-0.009955,3
17139,Moultrie County,IL,6.0,14531,0.4827,0.47358412,0.437441,0.036143,3
17141,Ogle County,IL,5.0,51672,0.3131,0.4352268,0.428785,0.006442,3
17143,Peoria County,IL,3.0,181186,0.6656,0.36895794,0.390707,-0.021749,1
17145,Perry County,IL,6.0,20996,0.6001,0.42347324,0.40806,0.015413,0
17147,Piatt County,IL,4.0,16698,0.0045,0.44767785,0.500046,-0.052368,3
17149,Pike County,IL,6.0,14776,0.2771,0.47426876,0.425905,0.048363,3
17151,Pope County,IL,6.0,3799,0.3277,0.41315404,0.429793,-0.016639,0
17153,Pulaski County,IL,6.0,5177,0.6357,0.38525611,0.393893,-0.008637,0
17155,Putnam County,IL,5.0,5628,0.0048,0.46053743,0.490863,-0.030325,3
17157,Randolph County,IL,6.0,30413,0.4897,0.45132351,0.421553,0.02977,3
17159,Richland County,IL,6.0,15716,0.413,0.44004682,0.440603,-0.000556,3
17161,Rock Island County,IL,3.0,143819,0.7556,0.40992674,0.378682,0.031245,1
17163,St. Clair County,IL,2.0,256791,0.532,0.36866993,0.375729,-0.00706,1
17165,Saline County,IL,6.0,23662,0.6557,0.42311797,0.39604,0.027078,0
17167,Sangamon County,IL,4.0,196122,0.4041,0.3796902,0.415677,-0.035987,1
17169,Schuyler County,IL,6.0,6879,0.4957,0.43232608,0.451445,-0.019119,3
17171,Scott County,IL,5.0,4899,0.0512,0.4539035,0.470589,-0.016686,3
17173,Shelby County,IL,6.0,21042,0.1069,0.45742145,0.474629,-0.017208,3
17175,Stark County,IL,3.0,5395,0.0579,0.44010982,0.490492,-0.050382,3
17177,Stephenson County,IL,5.0,44482,0.5218,0.40041533,0.423713,-0.023298,3
17179,Tazewell County,IL,3.0,131276,0.1085,0.41260421,0.461427,-0.048823,3
17181,Union County,IL,6.0,17122,0.602,0.41582689,0.422612,-0.006785,3
17183,Vermilion County,IL,5.0,74113,0.6806,0.38480783,0.394148,-0.00934,1
17185,Wabash County,IL,6.0,11321,0.4209,0.47200423,0.444607,0.027397,3
17187,Warren County,IL,6.0,16760,0.5441,0.43687811,0.426977,0.009901,3
17189,Washington County,IL,6.0,13781,0.0347,0.48505965,0.461525,0.023535,3
17191,Wayne County,IL,6.0,16127,0.4843,0.44733635,0.403055,0.044281,3
17193,White County,IL,6.0,13834,0.3999,0.46639982,0.419165,0.047235,3
17195,Whiteside County,IL,5.0,55569,0.3236,0.42466298,0.406842,0.017821,3
17197,Will County,IL,2.0,696774,0.244,0.41075709,0.434971,-0.024214,1
17199,Williamson County,IL,5.0,67120,0.3948,0.40720248,0.425954,-0.018751,3
17201,Winnebago County,IL,3.0,284591,0.7728,0.37577266,0.373764,0.002009,1
17203,Woodford County,IL,3.0,38414,0.0175,0.45278448,0.485738,-0.032953,3
18001,Adams County,IN,5.0,35827,0.5355,0.43990657,0.476487,-0.036581,1
18003,Allen County,IN,3.0,385456,0.5374,0.38412887,0.396211,-0.012082,1
18005,Bartholomew County,IN,4.0,82371,0.287,0.37861368,0.437319,-0.058705,1
18007,Benton County,IN,4.0,8709,0.3369,0.49011004,0.409114,0.080996,3
18009,Blackford County,IN,6.0,12074,0.4801,0.38065884,0.420735,-0.040076,0
18011,Boone County,IN,2.0,71235,0.0331,0.41333297,0.495699,-0.082366,3
18013,Brown County,IN,2.0,15513,0.1712,0.39675647,0.457193,-0.060437,3
18015,Carroll County,IN,4.0,20397,0.0821,0.42828009,0.46287,-0.03459,3
18017,Cass County,IN,5.0,37820,0.5587,0.39768347,0.407134,-0.009451,3
18019,Clark County,IN,2.0,121484,0.3093,0.38787073,0.413288,-0.025417,1
18021,Clay County,IN,4.0,26396,0.1718,0.40795058,0.438645,-0.030695,3
18023,Clinton County,IN,5.0,33020,0.3443,0.39960414,0.454564,-0.05496,1
18025,Crawford County,IN,6.0,10511,0.3124,0.41521049,0.410544,0.004667,0
18027,Daviess County,IN,5.0,33337,0.6239,0.4592323,0.473209,-0.013977,2
18029,Dearborn County,IN,2.0,50709,0.0312,0.41568676,0.501887,-0.0862,3
18031,Decatur County,IN,5.0,26432,0.0159,0.41588449,0.51426,-0.098376,3
18033,DeKalb County,IN,5.0,43312,0.1384,0.40510637,0.449475,-0.044369,3
18035,Delaware County,IN,4.0,112156,0.6309,0.35640246,0.390107,-0.033705,1
18037,Dubois County,IN,5.0,43584,0.1619,0.49933162,0.509407,-0.010075,3
18039,Elkhart County,IN,4.0,206841,0.8132,0.41013399,0.40954,0.000594,1
18041,Fayette County,IN,5.0,23391,0.6293,0.35974202,0.394704,-0.034962,0
18043,Floyd County,IN,2.0,80191,0.1915,0.38521203,0.418586,-0.033374,1
18045,Fountain County,IN,6.0,16468,0.2924,0.42933741,0.404668,0.024669,3
18047,Franklin County,IN,2.0,22850,0.1199,0.43506423,0.482115,-0.047051,3
18049,Fulton County,IN,6.0,20420,0.5415,0.420252,0.416436,0.003816,3
18051,Gibson County,IN,6.0,33006,0.2342,0.44826996,0.480514,-0.032244,3
18053,Grant County,IN,5.0,66560,0.7649,0.35831994,0.389571,-0.031251,0
18055,Greene County,IN,6.0,30900,0.5275,0.42180967,0.408505,0.013305,0
18057,Hamilton County,IN,2.0,349527,0.0302,0.438759,0.470539,-0.03178,1
18059,Hancock County,IN,2.0,80170,0.0185,0.40661421,0.48411,-0.077496,3
18061,Harrison County,IN,2.0,39684,0.1009,0.42563918,0.480975,-0.055336,3
18063,Hendricks County,IN,2.0,175639,0.0904,0.43114406,0.476799,-0.045654,3
18065,Henry County,IN,5.0,48913,0.3045,0.3753731,0.43564,-0.060267,3
18067,Howard County,IN,4.0,83452,0.4505,0.37289581,0.401302,-0.028407,1
18069,Huntington County,IN,5.0,36699,0.1362,0.38585004,0.451804,-0.065954,3
18071,Jackson County,IN,5.0,46212,0.4556,0.40978301,0.460691,-0.050908,3
18073,Jasper County,IN,2.0,33045,0.1005,0.47309899,0.452575,0.020524,3
18075,Jay County,IN,6.0,20451,0.4626,0.40656698,0.424018,-0.017451,3
18077,Jefferson County,IN,5.0,33057,0.5832,0.40975583,0.40818,0.001576,3
18079,Jennings County,IN,6.0,27610,0.3573,0.39321262,0.417149,-0.023937,0
18081,Johnson County,IN,2.0,161952,0.1117,0.40886876,0.480064,-0.071195,1
18083,Knox County,IN,5.0,36148,0.497,0.42885551,0.425317,0.003538,3
18085,Kosciusko County,IN,5.0,80442,0.3926,0.42852128,0.422927,0.005594,3
18087,LaGrange County,IN,6.0,40364,0.3961,0.51378554,0.486741,0.027045,2
18089,Lake County,IN,2.0,497682,0.7031,0.38606632,0.369333,0.016734,1
18091,LaPorte County,IN,4.0,112215,0.5046,0.38435507,0.388241,-0.003886,1
18093,Lawrence County,IN,5.0,45113,0.2981,0.37797639,0.418417,-0.040441,3
18095,Madison County,IN,2.0,130545,0.5985,0.35349786,0.394489,-0.040991,0
18097,Marion County,IN,1.0,971737,0.826,0.34407961,0.375825,-0.031745,1
18099,Marshall County,IN,5.0,46208,0.4493,0.42408949,0.474577,-0.050487,3
18101,Martin County,IN,6.0,9863,0.1613,0.43238047,0.438376,-0.005995,3
18103,Miami County,IN,5.0,35952,0.3904,0.40072259,0.400982,-0.000259,3
18105,Monroe County,IN,4.0,140065,0.4302,0.38870627,0.442097,-0.053391,1
18107,Montgomery County,IN,5.0,38018,0.455,0.41177174,0.420653,-0.008882,3
18109,Morgan County,IN,2.0,71757,0.0538,0.38895485,0.423369,-0.034414,3
18111,Newton County,IN,2.0,13829,0.3229,0.43447748,0.40624,0.028238,3
18113,Noble County,IN,5.0,47431,0.5418,0.42344618,0.432496,-0.00905,3
18115,Ohio County,IN,2.0,5974,0.1734,0.4250856,0.501311,-0.076226,3
18117,Orange County,IN,6.0,19768,0.5791,0.40780261,0.414988,-0.007186,0
18119,Owen County,IN,4.0,21361,0.238,0.38821617,0.398073,-0.009857,3
18121,Parke County,IN,6.0,16327,0.6424,0.43263304,0.425728,0.006905,0
18123,Perry County,IN,6.0,19186,0.3182,0.42909962,0.460597,-0.031497,3
18125,Pike County,IN,6.0,12227,0.0465,0.42052028,0.491135,-0.070615,3
18127,Porter County,IN,2.0,173355,0.1374,0.4322677,0.427658,0.004609,3
18129,Posey County,IN,3.0,25226,0.0092,0.42544425,0.489157,-0.063713,3
18131,Pulaski County,IN,6.0,12498,0.3866,0.43988496,0.408801,0.031084,3
18133,Putnam County,IN,5.0,36942,0.1502,0.41275617,0.459479,-0.046723,3
18135,Randolph County,IN,6.0,24586,0.5113,0.40808538,0.422751,-0.014665,3
18137,Ripley County,IN,6.0,28990,0.2062,0.43696615,0.446199,-0.009233,3
18139,Rush County,IN,6.0,16716,0.2125,0.4148075,0.446036,-0.031228,3
18141,St. Joseph County,IN,3.0,272388,0.6134,0.38336051,0.378906,0.004455,1
18143,Scott County,IN,6.0,24403,0.5807,0.36708224,0.395875,-0.028793,0
18145,Shelby County,IN,2.0,44940,0.2832,0.39811197,0.430757,-0.032645,3
18147,Spencer County,IN,6.0,19935,0.0369,0.45960513,0.471322,-0.011716,3
18149,Starke County,IN,6.0,23308,0.2829,0.40425363,0.414897,-0.010644,3
18151,Steuben County,IN,5.0,34507,0.1651,0.41969121,0.468261,-0.04857,3
18153,Sullivan County,IN,4.0,20791,0.574,0.41892534,0.405336,0.013589,0
18155,Switzerland County,IN,6.0,9896,0.5886,0.42358944,0.400732,0.022858,0
18157,Tippecanoe County,IN,4.0,186955,0.5087,0.41734788,0.408716,0.008631,1
18159,Tipton County,IN,2.0,15328,0.0382,0.41064808,0.514011,-0.103363,3
18161,Union County,IN,6.0,7041,0.0897,0.43043512,0.43387,-0.003435,3
18163,Vanderburgh County,IN,3.0,179900,0.5612,0.3814913,0.398696,-0.017205,1
18165,Vermillion County,IN,4.0,15488,0.391,0.3837181,0.430808,-0.04709,3
18167,Vigo County,IN,4.0,106355,0.7286,0.38801858,0.403606,-0.015588,1
18169,Wabash County,IN,5.0,31032,0.147,0.38540554,0.473046,-0.08764,3
18171,Warren County,IN,4.0,8454,0.0315,0.43126565,0.506308,-0.075043,3
18173,Warrick County,IN,3.0,64065,0.0194,0.42642283,0.475412,-0.048989,3
18175,Washington County,IN,2.0,28133,0.3382,0.40074772,0.406491,-0.005744,0
18177,Wayne County,IN,5.0,66522,0.7515,0.36517343,0.385092,-0.019918,1
18179,Wells County,IN,3.0,28167,0.0531,0.43372786,0.525546,-0.091819,3
18181,White County,IN,5.0,24630,0.2221,0.45897195,0.432258,0.026714,3
18183,Whitley County,IN,3.0,34259,0.0735,0.44391331,0.432071,0.011842,3
19001,Adair County,IA,6.0,7479,0.0554,0.50461859,0.494116,0.010503,3
19003,Adams County,IA,6.0,3680,0.091,0.5095613,0.452753,0.056808,3
19005,Allamakee County,IA,6.0,14046,0.2164,0.52721387,0.534098,-0.006885,3
19007,Appanoose County,IA,6.0,12279,0.4547,0.46017158,0.461137,-0.000966,3
19009,Audubon County,IA,6.0,5651,0.0611,0.55742055,0.549474,0.007947,3
19011,Benton County,IA,3.0,25652,0.007,0.52106124,0.508101,0.012961,3
19013,Black Hawk County,IA,4.0,131041,0.5667,0.42956656,0.423599,0.005968,1
19015,Boone County,IA,4.0,26700,0.0255,0.48359641,0.515391,-0.031795,3
19017,Bremer County,IA,4.0,25012,0.021,0.53109479,0.517525,0.01357,3
19019,Buchanan County,IA,6.0,20631,0.0655,0.53037298,0.494586,0.035787,3
19021,Buena Vista County,IA,5.0,20687,0.6258,0.48461235,0.457518,0.027094,2
19023,Butler County,IA,6.0,14376,0.0325,0.54333979,0.498244,0.045096,3
19025,Calhoun County,IA,6.0,9893,0.092,0.50944644,0.52052,-0.011074,3
19027,Carroll County,IA,5.0,20728,0.0815,0.58958238,0.525951,0.063632,3
19029,Cass County,IA,6.0,13116,0.2144,0.49927804,0.526671,-0.027393,3
19031,Cedar County,IA,6.0,18479,0.0089,0.51325929,0.488042,0.025217,3
19033,Cerro Gordo County,IA,5.0,42979,0.1343,0.46855336,0.491958,-0.023405,3
19035,Cherokee County,IA,6.0,11601,0.1546,0.54719996,0.529023,0.018177,3
19037,Chickasaw County,IA,6.0,11957,0.0433,0.56015509,0.55392,0.006235,3
19039,Clarke County,IA,6.0,9737,0.8107,0.46185353,0.428741,0.033113,1
19041,Clay County,IA,5.0,16423,0.1826,0.50383073,0.448513,0.055318,3
19043,Clayton County,IA,6.0,17123,0.2752,0.54263449,0.471205,0.07143,3
19045,Clinton County,IA,5.0,46488,0.3446,0.45923761,0.420265,0.038972,3
19047,Crawford County,IA,6.0,16450,0.7563,0.51571286,0.41429,0.101423,1
19049,Dallas County,IA,3.0,100367,0.0515,0.48483068,0.487647,-0.002816,1
19051,Davis County,IA,6.0,9093,0.4585,0.4862783,0.472101,0.014177,2
19053,Decatur County,IA,6.0,7684,0.524,0.4724322,0.468489,0.003943,3
19055,Delaware County,IA,6.0,17523,0.0248,0.56759489,0.53276,0.034835,3
19057,Des Moines County,IA,5.0,38824,0.4174,0.41981485,0.459717,-0.039902,1
19059,Dickinson County,IA,5.0,17692,0.055,0.49695775,0.508478,-0.01152,3
19061,Dubuque County,IA,4.0,98812,0.2281,0.51326174,0.462905,0.050357,3
19063,Emmet County,IA,6.0,9349,0.2494,0.5146054,0.487991,0.026614,3
19065,Fayette County,IA,6.0,19519,0.2179,0.51377302,0.454292,0.059481,3
19067,Floyd County,IA,6.0,15601,0.1196,0.50077283,0.494746,0.006026,3
19069,Franklin County,IA,6.0,10015,0.2132,0.50329876,0.494083,0.009215,3
19071,Fremont County,IA,6.0,6639,0.0146,0.46658877,0.563206,-0.096617,3
19073,Greene County,IA,6.0,8801,0.1664,0.49935845,0.495466,0.003892,3
19075,Grundy County,IA,4.0,12351,0.0029,0.53651685,0.520882,0.015635,3
19077,Guthrie County,IA,3.0,10619,0.0178,0.51752061,0.497629,0.019892,3
19079,Hamilton County,IA,6.0,14979,0.1289,0.47511137,0.498251,-0.02314,3
19081,Hancock County,IA,6.0,10790,0.0713,0.5377174,0.539184,-0.001467,3
19083,Hardin County,IA,6.0,16861,0.1514,0.50678074,0.467778,0.039003,3
19085,Harrison County,IA,3.0,14623,0.0388,0.49009487,0.507234,-0.017139,3
19087,Henry County,IA,6.0,20436,0.2001,0.46819261,0.471635,-0.003442,3
19089,Howard County,IA,6.0,9479,0.0846,0.54130363,0.548371,-0.007067,3
19091,Humboldt County,IA,6.0,9606,0.1941,0.52876306,0.504408,0.024355,3
19093,Ida County,IA,6.0,6969,0.0445,0.54538429,0.557284,-0.0119,3
19095,Iowa County,IA,6.0,16575,0.0484,0.52879578,0.48942,0.039376,3
19097,Jackson County,IA,6.0,19470,0.078,0.51322109,0.471936,0.041285,3
19099,Jasper County,IA,3.0,37808,0.2078,0.46030825,0.434205,0.026103,3
19101,Jefferson County,IA,6.0,15785,0.6774,0.47219929,0.424742,0.047458,3
19103,Johnson County,IA,4.0,153360,0.3863,0.47664461,0.456387,0.020258,1
19105,Jones County,IA,3.0,20733,0.1082,0.525617,0.48298,0.042637,3
19107,Keokuk County,IA,6.0,10026,0.0633,0.50303537,0.485074,0.017961,3
19109,Kossuth County,IA,6.0,14718,0.203,0.59000456,0.504498,0.085506,3
19111,Lee County,IA,5.0,33442,0.2631,0.42758539,0.435821,-0.008235,3
19113,Linn County,IA,3.0,229308,0.1944,0.43809453,0.4443,-0.006205,1
19115,Louisa County,IA,6.0,10823,0.2676,0.46049133,0.461403,-0.000911,3
19117,Lucas County,IA,6.0,8666,0.3458,0.49340388,0.464337,0.029066,3
19119,Lyon County,IA,6.0,12023,0.0286,0.60139436,0.522228,0.079166,3
19121,Madison County,IA,3.0,16609,0.0035,0.50549352,0.506172,-0.000678,3
19123,Mahaska County,IA,5.0,22059,0.1575,0.50390691,0.457251,0.046655,3
19125,Marion County,IA,5.0,33487,0.099,0.47746855,0.516317,-0.038849,3
19127,Marshall County,IA,5.0,40049,0.6799,0.4319157,0.446903,-0.014987,1
19129,Mills County,IA,3.0,14605,0.0811,0.50342011,0.483223,0.020197,3
19131,Mitchell County,IA,6.0,10537,0.085,0.5479154,0.534095,0.013821,3
19133,Monona County,IA,6.0,8671,0.0951,0.46591732,0.517023,-0.051105,3
19135,Monroe County,IA,6.0,7574,0.1203,0.48454678,0.485076,-0.00053,3
19137,Montgomery County,IA,6.0,10285,0.1432,0.49002165,0.476676,0.013346,3
19139,Muscatine County,IA,5.0,42968,0.4792,0.42926189,0.428596,0.000665,1
19141,O'Brien County,IA,6.0,14138,0.3681,0.55409515,0.51616,0.037935,3
19143,Osceola County,IA,6.0,6149,0.251,0.54105395,0.457776,0.083278,3
19145,Page County,IA,6.0,15225,0.3878,0.47664678,0.440626,0.03602,3
19147,Palo Alto County,IA,6.0,8938,0.1422,0.53614211,0.521996,0.014146,3
19149,Plymouth County,IA,5.0,25621,0.0624,0.55127275,0.524088,0.027185,3
19151,Pocahontas County,IA,6.0,7061,0.1476,0.539994,0.497341,0.042653,3
19153,Polk County,IA,3.0,493378,0.4477,0.42686203,0.421954,0.004908,1
19155,Pottawattamie County,IA,3.0,93543,0.4944,0.42595309,0.423096,0.002857,1
19157,Poweshiek County,IA,6.0,18608,0.2348,0.50524914,0.470704,0.034545,3
19159,Ringgold County,IA,6.0,4690,0.2176,0.50729686,0.551178,-0.043882,3
19161,Sac County,IA,6.0,9778,0.0614,0.58579111,0.521341,0.06445,3
19163,Scott County,IA,3.0,174315,0.3252,0.41829303,0.419164,-0.000871,1
19165,Shelby County,IA,6.0,11737,0.029,0.53484052,0.5137,0.02114,3
19167,Sioux County,IA,6.0,35815,0.1311,0.58474743,0.530051,0.054697,3
19169,Story County,IA,4.0,98573,0.2364,0.49748048,0.47432,0.023161,1
19171,Tama County,IA,6.0,17017,0.4384,0.49370426,0.450979,0.042726,3
19173,Taylor County,IA,6.0,5916,0.1292,0.4988994,0.529483,-0.030583,3
19175,Union County,IA,6.0,12107,0.3767,0.47277489,0.445957,0.026818,3
19177,Van Buren County,IA,6.0,7207,0.3608,0.49306369,0.449825,0.043239,3
19179,Wapello County,IA,5.0,35292,0.7852,0.42218581,0.395152,0.027034,1
19181,Warren County,IA,3.0,52709,0.0741,0.4768489,0.499362,-0.022513,3
19183,Washington County,IA,4.0,22534,0.1397,0.47520941,0.518244,-0.043035,3
19185,Wayne County,IA,6.0,6484,0.4168,0.48688009,0.504183,-0.017303,3
19187,Webster County,IA,5.0,36986,0.3439,0.44889295,0.45733,-0.008437,3
19189,Winnebago County,IA,6.0,10704,0.1403,0.51862085,0.515038,0.003583,3
19191,Winneshiek County,IA,6.0,20050,0.0522,0.56284529,0.510034,0.052811,3
19193,Woodbury County,IA,4.0,105526,0.7197,0.42699581,0.411284,0.015711,1
19195,Worth County,IA,5.0,7417,0.0232,0.48495266,0.49761,-0.012657,3
19197,Wright County,IA,6.0,12897,0.3971,0.48427662,0.494415,-0.010139,3
20001,Allen County,KS,6.0,12554,0.5854,0.41169006,0.41998,-0.00829,3
20003,Anderson County,KS,6.0,7799,0.4085,0.45896053,0.432126,0.026834,3
20005,Atchison County,KS,5.0,16309,0.4728,0.42228299,0.436545,-0.014262,1
20007,Barber County,KS,6.0,4081,0.5107,0.51159906,0.508027,0.003572,3
20009,Barton County,KS,5.0,25477,0.7006,0.46441993,0.40252,0.0619,3
20011,Bourbon County,KS,6.0,14405,0.5126,0.44513497,0.434773,0.010362,3
20013,Brown County,KS,6.0,9486,0.1893,0.47078624,0.474908,-0.004121,3
20015,Butler County,KS,3.0,67618,0.1295,0.4360472,0.490727,-0.05468,3
20017,Chase County,KS,5.0,2570,0.2358,0.5193609,0.522726,-0.003365,3
20019,Chautauqua County,KS,6.0,3389,0.5781,0.44809031,0.451953,-0.003862,0
20021,Cherokee County,KS,4.0,19380,0.4718,0.41945258,0.446569,-0.027116,3
20023,Cheyenne County,KS,6.0,2619,0.2953,0.55817926,0.493673,0.064507,3
20025,Clark County,KS,6.0,1977,0.2354,0.57412511,0.544701,0.029424,3
20027,Clay County,KS,6.0,8088,0.4636,0.48393884,0.527501,-0.043562,3
20029,Cloud County,KS,6.0,9008,0.3427,0.5116666,0.489277,0.022389,3
20031,Coffey County,KS,6.0,8334,0.2743,0.49350631,0.437482,0.056024,3
20033,Comanche County,KS,6.0,1825,0.2577,0.47076565,0.478037,-0.007272,3
20035,Cowley County,KS,5.0,34661,0.7871,0.42554131,0.400398,0.025144,1
20037,Crawford County,KS,5.0,39012,0.7213,0.42867494,0.440986,-0.012311,1
20039,Decatur County,KS,6.0,2771,0.0681,0.55728889,0.524481,0.032808,3
20041,Dickinson County,KS,6.0,18492,0.1884,0.46563876,0.492899,-0.02726,3
20043,Doniphan County,KS,4.0,7501,0.1861,0.44859543,0.505162,-0.056566,3
20045,Douglas County,KS,4.0,119094,0.3602,0.42703208,0.446113,-0.01908,1
20047,Edwards County,KS,6.0,2849,0.4639,0.48299116,0.433544,0.049448,3
20049,Elk County,KS,6.0,2453,0.336,0.48936486,0.458514,0.030851,3
20051,Ellis County,KS,5.0,28921,0.2393,0.52755284,0.450949,0.076603,1
20053,Ellsworth County,KS,6.0,6374,0.1731,0.47912446,0.459432,0.019692,3
20055,Finney County,KS,5.0,38187,0.8966,0.41161007,0.4383,-0.02669,2
20057,Ford County,KS,5.0,34212,0.7359,0.41245389,0.467651,-0.055197,2
20059,Franklin County,KS,5.0,25968,0.224,0.42218852,0.477984,-0.055796,3
20061,Geary County,KS,4.0,36247,0.7353,0.37681189,0.389707,-0.012895,1
20063,Gove County,KS,6.0,2758,0.0372,0.53695053,0.534744,0.002206,3
20065,Graham County,KS,6.0,2430,0.2765,0.50316375,0.44631,0.056854,3
20067,Grant County,KS,6.0,7336,0.3363,0.47192529,0.496254,-0.024329,2
20069,Gray County,KS,6.0,5719,0.2816,0.53135669,0.49324,0.038117,3
20071,Greeley County,KS,6.0,1279,0.2689,0.5674367,0.503169,0.064268,3
20073,Greenwood County,KS,6.0,6001,0.2978,0.47692239,0.492014,-0.015092,3
20075,Hamilton County,KS,6.0,2520,0.3398,0.4444291,0.479131,-0.034701,2
20077,Harper County,KS,6.0,5457,0.6316,0.45272848,0.434278,0.01845,3
20079,Harvey County,KS,3.0,33959,0.4193,0.43555745,0.458506,-0.022949,3
20081,Haskell County,KS,6.0,3735,0.4143,0.58617812,0.488275,0.097903,3
20083,Hodgeman County,KS,6.0,1770,0.0646,0.58044744,0.561506,0.018941,3
20085,Jackson County,KS,4.0,13274,0.2472,0.48021773,0.498461,-0.018243,3
20087,Jefferson County,KS,4.0,18387,0.0197,0.46568909,0.481105,-0.015416,3
20089,Jewell County,KS,6.0,2929,0.0455,0.51125634,0.54201,-0.030754,3
20091,Johnson County,KS,2.0,610742,0.0605,0.46767005,0.465865,0.001805,1
20093,Kearny County,KS,6.0,3964,0.5358,0.45364109,0.462843,-0.009202,0
20095,Kingman County,KS,6.0,7369,0.1079,0.49144778,0.471845,0.019602,3
20097,Kiowa County,KS,6.0,2445,0.2879,0.46065772,0.479825,-0.019167,3
20099,Labette County,KS,6.0,20096,0.4941,0.43611234,0.478894,-0.042782,3
20101,Lane County,KS,6.0,1528,0.0716,0.47038424,0.491681,-0.021296,3
20103,Leavenworth County,KS,2.0,82050,0.2475,0.39216787,0.434938,-0.04277,1
20105,Lincoln County,KS,6.0,2929,0.1021,0.47715026,0.542616,-0.065466,3
20107,Linn County,KS,2.0,9696,0.2733,0.44525316,0.460513,-0.01526,3
20109,Logan County,KS,6.0,2752,0.28,0.47967562,0.524203,-0.044527,3
20111,Lyon County,KS,5.0,32182,0.7222,0.42970076,0.42719,0.002511,1
20113,McPherson County,KS,5.0,30085,0.1635,0.47835681,0.503147,-0.02479,3
20115,Marion County,KS,6.0,11867,0.1355,0.47457254,0.480323,-0.005751,3
20117,Marshall County,KS,6.0,10014,0.181,0.53589171,0.518014,0.017877,3
20119,Meade County,KS,6.0,4019,0.2628,0.54597747,0.482555,0.063423,3
20121,Miami County,KS,2.0,34312,0.0757,0.45447814,0.493196,-0.038718,3
20123,Mitchell County,KS,6.0,5829,0.1285,0.51268011,0.553233,-0.040553,3
20125,Montgomery County,KS,6.0,31448,0.8209,0.41240478,0.4161,-0.003696,0
20127,Morris County,KS,6.0,5385,0.1569,0.48142785,0.536679,-0.055251,3
20129,Morton County,KS,6.0,2688,0.3077,0.50386459,0.48508,0.018784,3
20131,Nemaha County,KS,6.0,10219,0.057,0.61351389,0.54967,0.063844,3
20133,Neosho County,KS,6.0,15826,0.6911,0.4473432,0.432933,0.01441,3
20135,Ness County,KS,6.0,2677,0.0999,0.52363312,0.524915,-0.001282,3
20137,Norton County,KS,6.0,5431,0.223,0.51253235,0.491852,0.02068,3
20139,Osage County,KS,4.0,15787,0.1909,0.45189831,0.462162,-0.010264,3
20141,Osborne County,KS,6.0,3493,0.0687,0.50732821,0.541921,-0.034593,3
20143,Ottawa County,KS,5.0,5768,0.042,0.47734776,0.474472,0.002875,3
20145,Pawnee County,KS,6.0,6288,0.3019,0.4515202,0.489344,-0.037823,3
20147,Phillips County,KS,6.0,4960,0.3137,0.52574575,0.459739,0.066007,3
20149,Pottawatomie County,KS,4.0,25482,0.0544,0.48593962,0.529788,-0.043849,3
20151,Pratt County,KS,6.0,9175,0.3341,0.46636552,0.445782,0.020583,3
20153,Rawlins County,KS,6.0,2544,0.3958,0.53060615,0.553146,-0.022539,3
20155,Reno County,KS,5.0,61881,0.5011,0.42142919,0.422566,-0.001137,3
20157,Republic County,KS,6.0,4686,0.041,0.50931853,0.567676,-0.058357,3
20159,Rice County,KS,6.0,9441,0.1823,0.4635542,0.481573,-0.018018,3
20161,Riley County,KS,4.0,72105,0.567,0.43735152,0.42924,0.008112,1
20163,Rooks County,KS,6.0,4925,0.071,0.49481294,0.549828,-0.055016,3
20165,Rush County,KS,6.0,2939,0.0916,0.51195544,0.496019,0.015936,3
20167,Russell County,KS,6.0,6702,0.3226,0.49514878,0.46672,0.028429,3
20169,Saline County,KS,5.0,54160,0.5008,0.4225283,0.430686,-0.008157,1
20171,Scott County,KS,6.0,5128,0.4349,0.50198048,0.500666,0.001315,3
20173,Sedgwick County,KS,3.0,522700,0.7292,0.39217156,0.387976,0.004195,1
20175,Seward County,KS,5.0,21942,0.8578,0.41903913,0.465522,-0.046483,2
20177,Shawnee County,KS,4.0,178625,0.6137,0.39075658,0.401546,-0.01079,1
20179,Sheridan County,KS,6.0,2450,0.0706,0.58926314,0.548435,0.040828,3
20181,Sherman County,KS,6.0,5940,0.4992,0.49950972,0.455816,0.043694,3
20183,Smith County,KS,6.0,3561,0.0404,0.53331286,0.528914,0.004399,3
20185,Stafford County,KS,6.0,4054,0.2272,0.47259924,0.500405,-0.027806,3
20187,Stanton County,KS,6.0,2060,0.3786,0.52495742,0.451044,0.073914,0
20189,Stevens County,KS,6.0,5275,0.6879,0.49168998,0.443454,0.048236,2
20191,Sumner County,KS,3.0,22517,0.3322,0.43678027,0.481645,-0.044865,3
20193,Thomas County,KS,6.0,7907,0.1247,0.5259099,0.533816,-0.007906,3
20195,Trego County,KS,6.0,2798,0.0105,0.54424638,0.520816,0.02343,3
20197,Wabaunsee County,KS,4.0,6922,0.0636,0.4964146,0.516151,-0.019737,3
20199,Wallace County,KS,6.0,1489,0.1756,0.59047329,0.57024,0.020233,3
20201,Washington County,KS,6.0,5529,0.0802,0.52481925,0.560524,-0.035704,3
20203,Wichita County,KS,6.0,2131,0.4858,0.56825167,0.483738,0.084513,3
20205,Wilson County,KS,6.0,8667,0.4566,0.44115752,0.434924,0.006234,3
20207,Woodson County,KS,6.0,3134,0.2491,0.44858578,0.464032,-0.015446,3
20209,Wyandotte County,KS,2.0,167989,0.9386,0.35736558,0.407406,-0.050041,2
21001,Adair County,KY,6.0,18887,0.6026,0.41541359,0.40558,0.009834,0
21003,Allen County,KY,4.0,20773,0.6484,0.37712938,0.394048,-0.016918,0
21005,Anderson County,KY,5.0,23839,0.0843,0.39797756,0.415606,-0.017629,3
21007,Ballard County,KY,4.0,7742,0.2507,0.43367711,0.448093,-0.014416,3
21009,Barren County,KY,5.0,44511,0.7919,0.40630835,0.389485,0.016824,0
21011,Bath County,KY,5.0,12739,0.5269,0.40346125,0.417309,-0.013848,0
21013,Bell County,KY,5.0,24248,0.7782,0.37449017,0.402583,-0.028093,0
21015,Boone County,KY,2.0,136150,0.1177,0.40715119,0.495575,-0.088424,1
21017,Bourbon County,KY,3.0,20228,0.5237,0.36366171,0.418309,-0.054648,0
21019,Boyd County,KY,3.0,48242,0.6704,0.38034844,0.393535,-0.013186,0
21021,Boyle County,KY,5.0,30613,0.5304,0.37083247,0.404564,-0.033732,1
21023,Bracken County,KY,2.0,8420,0.2568,0.37160832,0.413115,-0.041506,0
21025,Breathitt County,KY,6.0,13580,0.6962,0.36811772,0.398099,-0.029981,0
21027,Breckinridge County,KY,6.0,20528,0.6481,0.44865859,0.395719,0.052939,0
21029,Bullitt County,KY,2.0,82482,0.1779,0.40022212,0.413472,-0.01325,3
21031,Butler County,KY,4.0,12365,0.7623,0.40762815,0.390483,0.017145,0
21033,Caldwell County,KY,6.0,12635,0.7184,0.41072783,0.40914,0.001587,0
21035,Calloway County,KY,5.0,37345,0.5482,0.41062984,0.400043,0.010587,0
21037,Campbell County,KY,2.0,93122,0.2103,0.38839018,0.436006,-0.047616,1
21039,Carlisle County,KY,4.0,4782,0.4225,0.40061107,0.411059,-0.010448,0
21041,Carroll County,KY,6.0,10842,0.8886,0.38974559,0.400986,-0.01124,0
21043,Carter County,KY,3.0,26671,0.5581,0.39988622,0.395216,0.00467,0
21045,Casey County,KY,6.0,15942,0.8361,0.40173507,0.395205,0.00653,0
21047,Christian County,KY,3.0,72766,0.9469,0.37394321,0.372122,0.001821,0
21049,Clark County,KY,3.0,36897,0.51,0.34720245,0.408934,-0.061732,1
21051,Clay County,KY,5.0,20322,0.8174,0.35891965,0.389183,-0.030264,0
21053,Clinton County,KY,6.0,9295,0.6472,0.41263554,0.402388,0.010247,0
21055,Crittenden County,KY,6.0,8979,0.518,0.42840609,0.420738,0.007668,0
21057,Cumberland County,KY,6.0,5974,0.7544,0.41366643,0.391963,0.021703,0
21059,Daviess County,KY,4.0,102916,0.6109,0.41262692,0.446044,-0.033417,1
21061,Edmonson County,KY,4.0,12179,0.3697,0.40107015,0.418368,-0.017297,0
21063,Elliott County,KY,6.0,7378,0.7617,0.42204928,0.407911,0.014138,0
21065,Estill County,KY,5.0,14138,0.7604,0.36585921,0.385672,-0.019812,0
21067,Fayette County,KY,3.0,321276,0.5542,0.36058044,0.4002,-0.039619,1
21069,Fleming County,KY,6.0,15111,0.6771,0.39304239,0.397632,-0.00459,0
21071,Floyd County,KY,5.0,35780,0.7073,0.38382921,0.402164,-0.018335,0
21073,Franklin County,KY,5.0,51475,0.6255,0.36392605,0.409106,-0.045179,1
21075,Fulton County,KY,6.0,6480,0.91,0.3511501,0.374725,-0.023575,0
21077,Gallatin County,KY,2.0,8720,0.5514,0.4432072,0.401703,0.041504,0
21079,Garrard County,KY,6.0,17175,0.3312,0.36499894,0.406379,-0.04138,0
21081,Grant County,KY,2.0,25085,0.2876,0.3839148,0.434077,-0.050162,0
21083,Graves County,KY,5.0,36701,0.5507,0.40634546,0.427504,-0.021159,3
21085,Grayson County,KY,6.0,26465,0.5428,0.40219191,0.394509,0.007683,0
21087,Green County,KY,5.0,11198,0.629,0.42808738,0.393889,0.034199,0
21089,Greenup County,KY,3.0,35853,0.2351,0.40246931,0.427768,-0.025299,3
21091,Hancock County,KY,6.0,9058,0.1874,0.47285417,0.424555,0.048299,3
21093,Hardin County,KY,4.0,111005,0.5721,0.40363356,0.40366,-2.6e-05,1
21095,Harlan County,KY,6.0,26589,0.8336,0.37986884,0.401205,-0.021336,0
21097,Harrison County,KY,6.0,18803,0.2714,0.37234646,0.430365,-0.058018,3
21099,Hart County,KY,6.0,19345,0.8037,0.40796441,0.399235,0.008729,0
21101,Henderson County,KY,5.0,44770,0.6386,0.3813507,0.39414,-0.01279,1
21103,Henry County,KY,2.0,15731,0.5845,0.40072656,0.392869,0.007857,0
21105,Hickman County,KY,6.0,4491,0.2326,0.38558543,0.465564,-0.079979,3
21107,Hopkins County,KY,5.0,45223,0.6344,0.40979388,0.405174,0.004619,0
21109,Jackson County,KY,6.0,13002,0.664,0.39876482,0.392072,0.006692,0
21111,Jefferson County,KY,1.0,779232,0.622,0.3629775,0.372707,-0.00973,1
21113,Jessamine County,KY,3.0,53381,0.3474,0.3562485,0.4102,-0.053951,1
21115,Johnson County,KY,6.0,22631,0.7509,0.42922232,0.394964,0.034259,0
21117,Kenton County,KY,2.0,169066,0.308,0.3746317,0.448313,-0.073681,1
21119,Knott County,KY,6.0,14282,0.7334,0.36478487,0.408912,-0.044127,0
21121,Knox County,KY,5.0,30207,0.8584,0.38212988,0.384789,-0.002659,0
21123,Larue County,KY,4.0,14902,0.2501,0.42863321,0.419334,0.009299,0
21125,Laurel County,KY,5.0,62442,0.5285,0.38357031,0.391996,-0.008426,0
21127,Lawrence County,KY,3.0,16228,0.4744,0.38819781,0.411714,-0.023516,0
21129,Lee County,KY,6.0,7338,0.8492,0.39089471,0.397162,-0.006267,0
21131,Leslie County,KY,6.0,10468,0.5746,0.36641586,0.413553,-0.047137,0
21133,Letcher County,KY,6.0,21490,0.7012,0.39511007,0.39916,-0.00405,0
21135,Lewis County,KY,6.0,13063,0.5495,0.4166387,0.404486,0.012153,0
21137,Lincoln County,KY,5.0,24320,0.5835,0.37296119,0.393476,-0.020514,0
21139,Livingston County,KY,4.0,8980,0.2374,0.41301331,0.42355,-0.010537,0
21141,Logan County,KY,6.0,27498,0.4671,0.40011191,0.409212,-0.0091,3
21143,Lyon County,KY,6.0,8721,0.1845,0.43119264,0.456748,-0.025555,0
21145,McCracken County,KY,4.0,67573,0.5517,0.38038197,0.421691,-0.041309,1
21147,McCreary County,KY,6.0,16892,0.6965,0.35557348,0.408945,-0.053371,0
21149,McLean County,KY,4.0,9173,0.1839,0.42633167,0.480775,-0.054444,3
21151,Madison County,KY,5.0,92955,0.3843,0.37062562,0.419507,-0.048881,1
21153,Magoffin County,KY,6.0,11647,0.7595,0.41135493,0.398566,0.012789,0
21155,Marion County,KY,6.0,19627,0.7859,0.44379672,0.39153,0.052267,0
21157,Marshall County,KY,6.0,31706,0.1699,0.42733857,0.474286,-0.046947,3
21159,Martin County,KY,6.0,11298,0.6869,0.41431481,0.415898,-0.001583,0
21161,Mason County,KY,6.0,17068,0.6542,0.38948417,0.388841,0.000643,0
21163,Meade County,KY,2.0,29964,0.1559,0.39947581,0.415195,-0.015719,3
21165,Menifee County,KY,5.0,6174,0.5676,0.38494453,0.414273,-0.029329,0
21167,Mercer County,KY,6.0,22662,0.1591,0.3801603,0.437427,-0.057267,3
21169,Metcalfe County,KY,5.0,10313,0.5453,0.42522848,0.397957,0.027271,0
21171,Monroe County,KY,6.0,11331,0.714,0.41745925,0.401254,0.016206,0
21173,Montgomery County,KY,5.0,28188,0.5896,0.3606075,0.386942,-0.026334,0
21175,Morgan County,KY,6.0,13840,0.5918,0.40951568,0.402451,0.007065,0
21177,Muhlenberg County,KY,6.0,30735,0.3535,0.43554917,0.413914,0.021636,0
21179,Nelson County,KY,2.0,46779,0.0888,0.40877706,0.469251,-0.060474,3
21181,Nicholas County,KY,6.0,7613,0.4111,0.37845519,0.41549,-0.037035,0
21183,Ohio County,KY,6.0,23782,0.4251,0.43364626,0.406711,0.026935,0
21185,Oldham County,KY,2.0,67997,0.0398,0.43833274,0.477644,-0.039311,3
21187,Owen County,KY,6.0,11229,0.2711,0.3973375,0.393738,0.003599,0
21189,Owsley County,KY,6.0,4054,0.5078,0.34451139,0.421005,-0.076494,0
21191,Pendleton County,KY,2.0,14638,0.5221,0.38032004,0.404346,-0.024026,0
21193,Perry County,KY,6.0,28136,0.6901,0.36546847,0.389054,-0.023586,0
21195,Pike County,KY,5.0,58196,0.7506,0.39336568,0.395829,-0.002463,0
21197,Powell County,KY,6.0,13089,0.7992,0.36257774,0.399444,-0.036866,0
21199,Pulaski County,KY,5.0,65145,0.6456,0.37494639,0.386231,-0.011285,0
21201,Robertson County,KY,6.0,2207,0.587,0.47312549,0.411256,0.061869,0
21203,Rockcastle County,KY,5.0,16171,0.5291,0.39720663,0.402542,-0.005336,0
21205,Rowan County,KY,6.0,24551,0.5065,0.37321958,0.419894,-0.046674,0
21207,Russell County,KY,6.0,18021,0.6029,0.38683853,0.386694,0.000144,0
21209,Scott County,KY,3.0,57286,0.1572,0.361743,0.449496,-0.087753,1
21211,Shelby County,KY,2.0,48105,0.2892,0.3869051,0.431765,-0.04486,1
21213,Simpson County,KY,5.0,19574,0.2259,0.38099056,0.436012,-0.055022,3
21215,Spencer County,KY,2.0,19549,0.0356,0.44031531,0.479462,-0.039147,3
21217,Taylor County,KY,5.0,26056,0.3395,0.40403017,0.423706,-0.019676,3
21219,Todd County,KY,6.0,12281,0.7986,0.4304297,0.4383,-0.007871,0
21221,Trigg County,KY,3.0,14154,0.6672,0.40836874,0.405629,0.00274,0
21223,Trimble County,KY,6.0,8510,0.3633,0.4118959,0.412868,-0.000972,0
21225,Union County,KY,6.0,13495,0.2424,0.42709944,0.429511,-0.002412,0
21227,Warren County,KY,4.0,135307,0.7731,0.39106056,0.410906,-0.019846,1
21229,Washington County,KY,6.0,12025,0.4184,0.4276917,0.445831,-0.01814,3
21231,Wayne County,KY,6.0,19666,0.6812,0.38575691,0.386862,-0.001105,0
21233,Webster County,KY,5.0,12951,0.706,0.43752447,0.398881,0.038644,0
21235,Whitley County,KY,5.0,36648,0.8365,0.36648634,0.415319,-0.048833,0
21237,Wolfe County,KY,6.0,6573,0.776,0.38146049,0.416176,-0.034716,0
21239,Woodford County,KY,3.0,26886,0.1801,0.36674502,0.468107,-0.101362,3
22001,Acadia Parish,LA,3.0,57674,0.8832,0.43444854,0.383068,0.051381,0
22003,Allen Parish,LA,6.0,22798,0.903,0.42473972,0.417299,0.007441,0
22005,Ascension Parish,LA,3.0,126973,0.384,0.42804798,0.417867,0.010181,1
22007,Assumption Parish,LA,3.0,21067,0.7296,0.43685818,0.372055,0.064803,0
22009,Avoyelles Parish,LA,6.0,39529,0.9682,0.41394234,0.360333,0.053609,0
22011,Beauregard Parish,LA,5.0,36553,0.5498,0.43838713,0.437156,0.001231,0
22013,Bienville Parish,LA,6.0,12958,0.9755,0.38055626,0.352646,0.02791,0
22015,Bossier Parish,LA,3.0,128877,0.7773,0.38538492,0.377701,0.007683,1
22017,Caddo Parish,LA,3.0,236259,0.9329,0.35273945,0.342869,0.00987,1
22019,Calcasieu Parish,LA,4.0,210770,0.7149,0.40455306,0.377808,0.026745,1
22021,Caldwell Parish,LA,6.0,9658,0.9052,0.4139114,0.383039,0.030872,0
22023,Cameron Parish,LA,4.0,5447,0.2984,0.48084509,0.486808,-0.005963,0
22025,Catahoula Parish,LA,6.0,8895,0.8581,0.40841839,0.363707,0.044712,0
22027,Claiborne Parish,LA,6.0,14203,0.8069,0.38977733,0.351561,0.038216,0
22029,Concordia Parish,LA,5.0,18677,0.9949,0.39629099,0.352826,0.043465,0
22031,De Soto Parish,LA,3.0,26821,0.8101,0.37456313,0.368429,0.006134,0
22033,East Baton Rouge Parish,LA,3.0,454369,0.846,0.37446603,0.353392,0.021074,1
22035,East Carroll Parish,LA,6.0,7371,0.8781,0.34897822,0.343663,0.005316,0
22037,East Feliciana Parish,LA,3.0,19452,0.5937,0.38533607,0.387622,-0.002286,0
22039,Evangeline Parish,LA,6.0,32335,0.999,0.44356033,0.369793,0.073767,0
22041,Franklin Parish,LA,6.0,19752,0.8053,0.39199811,0.369367,0.022631,0
22043,Grant Parish,LA,4.0,22185,0.7219,0.41680986,0.391223,0.025587,0
22045,Iberia Parish,LA,5.0,69958,0.936,0.39606315,0.358978,0.037085,0
22047,Iberville Parish,LA,3.0,30210,0.8501,0.39024079,0.373261,0.01698,0
22049,Jackson Parish,LA,6.0,15093,0.8301,0.40862638,0.382524,0.026103,0
22051,Jefferson Parish,LA,3.0,436171,0.8295,0.40101612,0.384747,0.016269,1
22053,Jefferson Davis Parish,LA,4.0,32277,0.5549,0.42753133,0.389955,0.037576,0
22055,Lafayette Parish,LA,3.0,243175,0.735,0.41567531,0.373347,0.042328,1
22057,Lafourche Parish,LA,4.0,97220,0.7416,0.44511691,0.391976,0.053141,0
22059,LaSalle Parish,LA,6.0,14764,0.4648,0.45788354,0.412872,0.045012,0
22061,Lincoln Parish,LA,5.0,48323,0.7786,0.38819811,0.35451,0.033688,0
22063,Livingston Parish,LA,3.0,143425,0.4709,0.42246807,0.428104,-0.005636,3
22065,Madison Parish,LA,6.0,10028,1.0,0.33969411,0.35371,-0.014016,2
22067,Morehouse Parish,LA,4.0,25438,0.9558,0.34919366,0.354039,-0.004846,0
22069,Natchitoches Parish,LA,5.0,37478,0.9281,0.37971714,0.354365,0.025352,0
22071,Orleans Parish,LA,3.0,380408,0.8381,0.34117615,0.337933,0.003243,1
22073,Ouachita Parish,LA,4.0,159585,0.8845,0.36438304,0.351808,0.012575,1
22075,Plaquemines Parish,LA,3.0,23305,0.651,0.41935408,0.383347,0.036007,0
22077,Pointe Coupee Parish,LA,3.0,20652,0.7127,0.38425833,0.377579,0.006679,0
22079,Rapides Parish,LA,4.0,129536,0.9071,0.37821093,0.362933,0.015278,0
22081,Red River Parish,LA,6.0,7631,0.6662,0.3852675,0.380378,0.004889,0
22083,Richland Parish,LA,4.0,20028,0.8632,0.38116279,0.369287,0.011876,0
22085,Sabine Parish,LA,6.0,22209,0.8848,0.46224973,0.370252,0.091998,0
22087,St. Bernard Parish,LA,3.0,44038,0.9026,0.42134202,0.373736,0.047606,0
22089,St. Charles Parish,LA,3.0,52191,0.4451,0.43519869,0.383845,0.051353,1
22091,St. Helena Parish,LA,3.0,10872,0.9478,0.35049286,0.375055,-0.024562,0
22093,St. James Parish,LA,3.0,20090,0.2701,0.40171847,0.396587,0.005131,3
22095,St. John the Baptist Parish,LA,3.0,41986,0.7152,0.38655421,0.363858,0.022696,0
22097,St. Landry Parish,LA,5.0,82574,0.9262,0.42126897,0.353837,0.067432,0
22099,St. Martin Parish,LA,3.0,51856,0.7041,0.41262448,0.370512,0.042112,0
22101,St. Mary Parish,LA,5.0,49114,0.9109,0.39338082,0.367136,0.026245,0
22103,St. Tammany Parish,LA,3.0,266168,0.4868,0.41501918,0.392766,0.022253,1
22105,Tangipahoa Parish,LA,4.0,133953,0.8651,0.39190608,0.374041,0.017865,0
22107,Tensas Parish,LA,6.0,4127,0.8454,0.40554598,0.403281,0.002265,0
22109,Terrebonne Parish,LA,4.0,108862,0.7821,0.43609008,0.38105,0.05504,0
22111,Union Parish,LA,4.0,21049,0.8724,0.38465479,0.365838,0.018817,0
22113,Vermilion Parish,LA,3.0,57202,0.7875,0.45301163,0.394916,0.058095,0
22115,Vernon Parish,LA,6.0,48452,0.832,0.41497687,0.37841,0.036567,0
22117,Washington Parish,LA,5.0,45514,0.9822,0.36499986,0.359596,0.005404,0
22119,Webster Parish,LA,5.0,36761,0.8775,0.38298273,0.364385,0.018597,0
22121,West Baton Rouge Parish,LA,3.0,27377,0.6341,0.37793484,0.389177,-0.011243,0
22123,West Carroll Parish,LA,6.0,9800,0.6325,0.46181634,0.398212,0.063605,0
22125,West Feliciana Parish,LA,3.0,15358,0.4668,0.39882162,0.39806,0.000762,0
22127,Winn Parish,LA,6.0,13665,0.7401,0.39765495,0.378596,0.019059,0
23001,Androscoggin County,ME,4.0,111532,0.6007,0.4088186,0.42497,-0.016152,1
23003,Aroostook County,ME,6.0,67237,0.6545,0.42492422,0.419297,0.005627,3
23005,Cumberland County,ME,3.0,303357,0.1413,0.4253554,0.467062,-0.041707,3
23007,Franklin County,ME,6.0,29839,0.4569,0.4389846,0.442867,-0.003883,3
23009,Hancock County,ME,6.0,55851,0.2183,0.41536728,0.448618,-0.033251,3
23011,Kennebec County,ME,5.0,124003,0.357,0.41804555,0.436941,-0.018895,3
23013,Knox County,ME,6.0,40729,0.1724,0.41698584,0.449041,-0.032055,3
23015,Lincoln County,ME,6.0,35466,0.1094,0.4243992,0.475559,-0.05116,3
23017,Oxford County,ME,6.0,58276,0.3452,0.41302282,0.444098,-0.031075,3
23019,Penobscot County,ME,4.0,152640,0.4416,0.40643802,0.437194,-0.030756,3
23021,Piscataquis County,ME,6.0,16936,0.4804,0.45324081,0.435793,0.017448,3
23023,Sagadahoc County,ME,3.0,36868,0.1015,0.39658928,0.450433,-0.053844,3
23025,Somerset County,ME,6.0,50656,0.3,0.41440207,0.44819,-0.033788,3
23027,Waldo County,ME,6.0,39772,0.2902,0.40438923,0.441024,-0.036635,3
23029,Washington County,ME,6.0,31096,0.6694,0.38664654,0.424354,-0.037708,0
23031,York County,ME,3.0,212691,0.1304,0.43745655,0.447088,-0.009632,3
24001,Allegany County,MD,5.0,68161,0.5552,0.41385791,0.414389,-0.000531,3
24003,Anne Arundel County,MD,2.0,588109,0.1639,0.40985861,0.443333,-0.033474,1
24005,Baltimore County,MD,2.0,850737,0.5571,0.40866002,0.376729,0.031931,1
24009,Calvert County,MD,4.0,93244,0.0057,0.43391284,0.433861,5.2e-05,3
24011,Caroline County,MD,6.0,33320,0.7579,0.37359697,0.381213,-0.007616,1
24013,Carroll County,MD,2.0,173225,0.0277,0.45682305,0.476271,-0.019448,3
24015,Cecil County,MD,2.0,103876,0.322,0.39059672,0.425075,-0.034479,1
24017,Charles County,MD,2.0,167035,0.174,0.4193733,0.400062,0.019312,1
24019,Dorchester County,MD,5.0,32557,0.7824,0.37366152,0.36878,0.004882,1
24021,Frederick County,MD,2.0,273829,0.1234,0.43434927,0.457851,-0.023502,1
24023,Garrett County,MD,6.0,28856,0.2564,0.45047498,0.436716,0.013759,3
24025,Harford County,MD,2.0,261059,0.0789,0.41030312,0.435518,-0.025214,1
24027,Howard County,MD,2.0,332011,0.1483,0.45784339,0.447693,0.01015,1
24029,Kent County,MD,6.0,19289,0.4353,0.38700709,0.434163,-0.047156,3
24031,Montgomery County,MD,2.0,1056910,0.4893,0.47862777,0.454512,0.024115,1
24033,Prince George's County,MD,2.0,957189,0.8161,0.38851675,0.404563,-0.016047,1
24035,Queen Anne's County,MD,2.0,50316,0.043,0.42995813,0.459615,-0.029657,3
24037,St. Mary's County,MD,4.0,113814,0.2466,0.42292321,0.419807,0.003116,1
24039,Somerset County,MD,4.0,24672,0.8794,0.37838495,0.369428,0.008957,1
24041,Talbot County,MD,5.0,37663,0.3338,0.41151711,0.435956,-0.024439,3
24043,Washington County,MD,3.0,154645,0.6325,0.40639466,0.390322,0.016072,1
24045,Wicomico County,MD,4.0,103815,0.7916,0.38088378,0.370092,0.010791,1
24047,Worcester County,MD,5.0,52827,0.4305,0.39132497,0.424185,-0.03286,1
24510,Baltimore City,MD,1.0,584548,0.8565,0.3208833,0.341484,-0.020601,1
25001,Barnstable County,MA,4.0,229436,0.1279,0.45080459,0.457343,-0.006538,3
25003,Berkshire County,MA,4.0,128763,0.4235,0.4101935,0.435216,-0.025022,1
25005,Bristol County,MA,2.0,576699,0.6227,0.43598461,0.4155,0.020485,1
25007,Dukes County,MA,5.0,20543,0.133,0.46205226,0.461541,0.000511,3
25009,Essex County,MA,2.0,806103,0.6055,0.44890165,0.41653,0.032372,1
25011,Franklin County,MA,5.0,70980,0.4375,0.43256408,0.435587,-0.003023,3
25013,Hampden County,MA,3.0,464575,0.8177,0.40453303,0.391927,0.012606,1
25015,Hampshire County,MA,4.0,153931,0.2708,0.44985622,0.447628,0.002229,1
25017,Middlesex County,MA,2.0,1623109,0.2854,0.48009285,0.469023,0.01107,1
25019,Nantucket County,MA,5.0,14065,0.1031,0.50685829,0.471572,0.035287,3
25021,Norfolk County,MA,2.0,722112,0.2959,0.50397575,0.478453,0.025523,1
25023,Plymouth County,MA,2.0,529548,0.3064,0.44852391,0.445529,0.002995,1
25025,Suffolk County,MA,1.0,785443,0.7849,0.41368276,0.382672,0.031011,1
25027,Worcester County,MA,3.0,858898,0.51,0.44087288,0.416065,0.024808,1
26001,Alcona County,MI,6.0,10238,0.1298,0.40779051,0.463948,-0.056157,3
26003,Alger County,MI,6.0,8866,0.2908,0.42857838,0.451535,-0.022957,3
26005,Allegan County,MI,5.0,120189,0.1677,0.40942612,0.447908,-0.038482,3
26007,Alpena County,MI,5.0,28911,0.4165,0.41741285,0.42378,-0.006367,3
26009,Antrim County,MI,6.0,23662,0.0566,0.41294548,0.463956,-0.05101,3
26011,Arenac County,MI,6.0,15031,0.377,0.4376989,0.420138,0.017561,3
26013,Baraga County,MI,6.0,8245,0.4178,0.39953074,0.433151,-0.033621,3
26015,Barry County,MI,2.0,62581,0.0668,0.41403389,0.444837,-0.030803,3
26017,Bay County,MI,4.0,103752,0.294,0.40940118,0.41401,-0.004609,3
26019,Benzie County,MI,4.0,18058,0.0818,0.39704505,0.477157,-0.080112,3
26021,Berrien County,MI,4.0,153938,0.6338,0.37403709,0.386199,-0.012161,1
26023,Branch County,MI,5.0,44795,0.7181,0.40537995,0.430649,-0.025269,3
26025,Calhoun County,MI,4.0,134011,0.6815,0.36964995,0.386807,-0.017157,1
26027,Cass County,MI,3.0,51604,0.2122,0.399005,0.427173,-0.028168,3
26029,Charlevoix County,MI,6.0,26174,0.1518,0.39611453,0.445667,-0.049552,3
26031,Cheboygan County,MI,6.0,25709,0.2599,0.40181077,0.425602,-0.023791,3
26033,Chippewa County,MI,5.0,36670,0.6373,0.40026516,0.408805,-0.00854,0
26035,Clare County,MI,6.0,30998,0.693,0.39791408,0.412763,-0.014849,0
26037,Clinton County,MI,3.0,79249,0.0414,0.44474849,0.44833,-0.003581,3
26039,Crawford County,MI,6.0,13197,0.3707,0.38827714,0.433002,-0.044725,3
26041,Delta County,MI,5.0,36839,0.335,0.44285384,0.44465,-0.001797,3
26043,Dickinson County,MI,5.0,25937,0.0945,0.43255693,0.468722,-0.036165,3
26045,Eaton County,MI,3.0,109072,0.1782,0.41508773,0.421596,-0.006508,3
26047,Emmet County,MI,5.0,34072,0.1149,0.43566972,0.446208,-0.010538,3
26049,Genesee County,MI,3.0,405280,0.6573,0.35446975,0.380015,-0.025545,1
26051,Gladwin County,MI,6.0,25461,0.5202,0.40157494,0.415224,-0.013649,3
26053,Gogebic County,MI,6.0,14597,0.2418,0.46532544,0.455595,0.009731,3
26055,Grand Traverse County,MI,4.0,95315,0.2033,0.43030715,0.437077,-0.00677,3
26057,Gratiot County,MI,5.0,41534,0.4171,0.40843442,0.414051,-0.005616,3
26059,Hillsdale County,MI,5.0,45698,0.483,0.41318259,0.428626,-0.015444,3
26061,Houghton County,MI,5.0,37414,0.4213,0.46571127,0.449513,0.016199,1
26063,Huron County,MI,6.0,31461,0.2046,0.4853861,0.444431,0.040955,3
26065,Ingham County,MI,3.0,282540,0.5759,0.38008961,0.405769,-0.02568,1
26067,Ionia County,MI,2.0,66663,0.3296,0.40467933,0.407011,-0.002332,3
26069,Iosco County,MI,6.0,25319,0.4362,0.38875544,0.418775,-0.03002,3
26071,Iron County,MI,6.0,11585,0.3239,0.44194296,0.433151,0.008792,3
26073,Isabella County,MI,5.0,64938,0.5711,0.41172403,0.415695,-0.003971,1
26075,Jackson County,MI,4.0,160637,0.5014,0.38351905,0.398599,-0.01508,1
26077,Kalamazoo County,MI,3.0,261426,0.4257,0.38048574,0.412703,-0.032217,1
26079,Kalkaska County,MI,4.0,17934,0.3035,0.38487574,0.406569,-0.021694,3
26081,Kent County,MI,1.0,657321,0.4464,0.38383818,0.401687,-0.017849,1
26083,Keweenaw County,MI,5.0,2088,0.0076,0.48774484,0.470428,0.017317,3
26085,Lake County,MI,6.0,12285,0.721,0.39736959,0.399563,-0.002194,0
26087,Lapeer County,MI,2.0,88687,0.2065,0.42103204,0.43055,-0.009518,3
26089,Leelanau County,MI,4.0,22426,0.0118,0.4403294,0.479406,-0.039077,3
26091,Lenawee County,MI,5.0,99263,0.4403,0.4141883,0.420419,-0.006231,3
26093,Livingston County,MI,2.0,194302,0.0041,0.43070033,0.473313,-0.042613,3
26095,Luce County,MI,6.0,5442,0.5313,0.39681903,0.45032,-0.053501,0
26097,Mackinac County,MI,6.0,10843,0.6211,0.4235051,0.419292,0.004213,3
26099,Macomb County,MI,2.0,878453,0.4079,0.42907128,0.409657,0.019414,1
26101,Manistee County,MI,6.0,25058,0.3583,0.41817334,0.441568,-0.023395,3
26103,Marquette County,MI,5.0,66376,0.2291,0.43134007,0.461951,-0.030611,3
26105,Mason County,MI,5.0,29178,0.3812,0.40929717,0.450179,-0.040882,3
26107,Mecosta County,MI,5.0,40128,0.6102,0.4007957,0.425013,-0.024217,0
26109,Menominee County,MI,5.0,23433,0.1553,0.46821252,0.441606,0.026606,3
26111,Midland County,MI,4.0,83503,0.1683,0.40631956,0.440904,-0.034584,3
26113,Missaukee County,MI,5.0,15089,0.4757,0.43199611,0.412594,0.019402,3
26115,Monroe County,MI,4.0,154823,0.1588,0.41912279,0.436005,-0.016882,3
26117,Montcalm County,MI,2.0,66901,0.4607,0.38972375,0.403812,-0.014088,3
26119,Montmorency County,MI,6.0,9261,0.4311,0.43575582,0.41429,0.021466,3
26121,Muskegon County,MI,4.0,175947,0.63,0.36147547,0.392596,-0.03112,1
26123,Newaygo County,MI,6.0,50130,0.5463,0.40630957,0.404177,0.002133,0
26125,Oakland County,MI,2.0,1272264,0.1435,0.40980926,0.434655,-0.024846,1
26127,Oceana County,MI,6.0,26707,0.6252,0.41063997,0.408858,0.001782,3
26129,Ogemaw County,MI,6.0,20820,0.4766,0.41179621,0.414265,-0.002469,0
26131,Ontonagon County,MI,6.0,5862,0.1269,0.45168152,0.454593,-0.002911,3
26133,Osceola County,MI,6.0,23022,0.5924,0.41272697,0.410433,0.002294,0
26135,Oscoda County,MI,6.0,8264,0.5797,0.40533853,0.418322,-0.012984,0
26137,Otsego County,MI,6.0,25221,0.2759,0.41783553,0.434558,-0.016723,3
26139,Ottawa County,MI,2.0,296183,0.1371,0.43631768,0.461722,-0.025405,3
26141,Presque Isle County,MI,6.0,13083,0.1957,0.4794012,0.445951,0.03345,3
26143,Roscommon County,MI,6.0,23556,0.3898,0.40182894,0.424322,-0.022493,3
26145,Saginaw County,MI,4.0,189821,0.6707,0.37131971,0.378529,-0.007209,1
26147,St. Clair County,MI,2.0,160257,0.2914,0.40010503,0.42189,-0.021785,3
26149,St. Joseph County,MI,5.0,60887,0.5905,0.393507,0.409292,-0.015785,3
26151,Sanilac County,MI,6.0,40759,0.4613,0.44634727,0.426012,0.020335,3
26153,Schoolcraft County,MI,6.0,8062,0.552,0.42571819,0.432368,-0.00665,3
26155,Shiawassee County,MI,5.0,68124,0.1489,0.40083379,0.43132,-0.030486,3
26157,Tuscola County,MI,6.0,53218,0.2841,0.42043424,0.440497,-0.020063,3
26159,Van Buren County,MI,6.0,75636,0.6494,0.38549662,0.387827,-0.00233,1
26161,Washtenaw County,MI,3.0,370231,0.3223,0.39719823,0.442062,-0.044864,1
26163,Wayne County,MI,1.0,1781641,0.861,0.34619635,0.363294,-0.017098,1
26165,Wexford County,MI,5.0,33766,0.5056,0.384056,0.415812,-0.031756,3
27001,Aitkin County,MN,6.0,15859,0.2838,0.49990597,0.424655,0.075251,3
27003,Anoka County,MN,2.0,363985,0.1807,0.45720306,0.431536,0.025667,1
27005,Becker County,MN,5.0,35202,0.3808,0.48389137,0.450499,0.033393,3
27007,Beltrami County,MN,5.0,46274,0.755,0.44415173,0.399512,0.04464,1
27009,Benton County,MN,4.0,41300,0.3719,0.49316561,0.425443,0.067722,1
27011,Big Stone County,MN,6.0,5161,0.0881,0.59775043,0.552143,0.045608,3
27013,Blue Earth County,MN,4.0,69022,0.3831,0.49251121,0.446255,0.046256,1
27015,Brown County,MN,5.0,25880,0.1145,0.5395419,0.492847,0.046694,3
27017,Carlton County,MN,3.0,36362,0.3678,0.44485098,0.427256,0.017595,3
27019,Carver County,MN,2.0,107216,0.0337,0.51706254,0.457263,0.059799,3
27021,Cass County,MN,5.0,30288,0.3465,0.43999028,0.437021,0.00297,3
27023,Chippewa County,MN,6.0,12466,0.6452,0.51290494,0.430478,0.082427,3
27025,Chisago County,MN,2.0,56927,0.0426,0.48730278,0.472969,0.014334,3
27027,Clay County,MN,3.0,65307,0.4381,0.49051017,0.429777,0.060733,1
27029,Clearwater County,MN,6.0,8541,0.7779,0.5180341,0.428442,0.089592,3
27031,Cook County,MN,6.0,5611,0.084,0.50660127,0.463569,0.043032,3
27033,Cottonwood County,MN,6.0,11481,0.4903,0.5147472,0.452277,0.06247,3
27035,Crow Wing County,MN,5.0,66558,0.2087,0.46150848,0.448162,0.013346,3
27037,Dakota County,MN,2.0,439179,0.1492,0.48008886,0.431331,0.048758,1
27039,Dodge County,MN,4.0,20893,0.0401,0.52617854,0.469309,0.05687,3
27041,Douglas County,MN,5.0,39081,0.1174,0.52991039,0.487828,0.042082,3
27043,Faribault County,MN,6.0,13931,0.1629,0.50486076,0.483002,0.021858,3
27045,Fillmore County,MN,4.0,21251,0.2004,0.55562162,0.500124,0.055498,3
27047,Freeborn County,MN,5.0,30857,0.4986,0.48602092,0.429338,0.056683,3
27049,Goodhue County,MN,5.0,47697,0.1645,0.50176322,0.463665,0.038098,3
27051,Grant County,MN,6.0,6091,0.1998,0.5536204,0.48095,0.07267,3
27053,Hennepin County,MN,1.0,1270787,0.4108,0.42896372,0.427609,0.001355,1
27055,Houston County,MN,4.0,18826,0.0207,0.5179854,0.526106,-0.00812,3
27057,Hubbard County,MN,6.0,21479,0.2809,0.46577936,0.456416,0.009363,3
27059,Isanti County,MN,2.0,41257,0.0913,0.47372139,0.43269,0.041031,3
27061,Itasca County,MN,5.0,45054,0.4012,0.47810489,0.447129,0.030975,3
27063,Jackson County,MN,6.0,9990,0.0856,0.54305971,0.513531,0.029528,3
27065,Kanabec County,MN,6.0,16145,0.2612,0.47493783,0.439824,0.035114,3
27067,Kandiyohi County,MN,5.0,43686,0.5383,0.50997913,0.42926,0.080719,3
27069,Kittson County,MN,6.0,4191,0.0958,0.5701139,0.550392,0.019722,3
27071,Koochiching County,MN,6.0,12072,0.3118,0.44780871,0.444865,0.002944,3
27073,Lac qui Parle County,MN,6.0,6736,0.0535,0.51369107,0.527277,-0.013586,3
27075,Lake County,MN,6.0,10915,0.0805,0.45806772,0.477693,-0.019625,3
27077,Lake of the Woods County,MN,6.0,3786,0.0417,0.52433562,0.507184,0.017152,3
27079,Le Sueur County,MN,2.0,28795,0.0694,0.50853354,0.446235,0.062298,3
27081,Lincoln County,MN,6.0,5630,0.069,0.58485663,0.519151,0.065705,3
27083,Lyon County,MN,5.0,25352,0.5348,0.49687478,0.452874,0.044001,1
27085,McLeod County,MN,5.0,36727,0.1126,0.51024127,0.464634,0.045607,3
27087,Mahnomen County,MN,6.0,5389,0.9577,0.47822601,0.375992,0.102234,2
27089,Marshall County,MN,6.0,9017,0.1133,0.55941045,0.482907,0.076503,3
27091,Martin County,MN,5.0,19960,0.2867,0.50299448,0.464657,0.038337,3
27093,Meeker County,MN,6.0,23352,0.1018,0.52968788,0.495352,0.034336,3
27095,Mille Lacs County,MN,2.0,26680,0.5406,0.45090997,0.398932,0.051978,1
27097,Morrison County,MN,6.0,34023,0.1448,0.50174671,0.469917,0.031829,3
27099,Mower County,MN,5.0,40082,0.5021,0.46404848,0.447208,0.01684,1
27101,Murray County,MN,6.0,8170,0.0983,0.53085798,0.52045,0.010408,3
27103,Nicollet County,MN,4.0,34380,0.1877,0.51765668,0.479739,0.037918,3
27105,Nobles County,MN,5.0,22194,0.8323,0.50593787,0.445963,0.059974,2
27107,Norman County,MN,6.0,6457,0.2806,0.53244913,0.464015,0.068435,3
27109,Olmsted County,MN,4.0,162307,0.2361,0.47980082,0.455929,0.023872,1
27111,Otter Tail County,MN,5.0,60072,0.3303,0.51183051,0.46958,0.042251,3
27113,Pennington County,MN,6.0,13995,0.1416,0.52545834,0.475175,0.050283,3
27115,Pine County,MN,6.0,29090,0.4919,0.46650174,0.439245,0.027257,3
27117,Pipestone County,MN,6.0,9380,0.2288,0.55581623,0.482677,0.073139,3
27119,Polk County,MN,4.0,31128,0.4365,0.50412476,0.450389,0.053735,1
27121,Pope County,MN,6.0,11312,0.028,0.56056631,0.540139,0.020427,3
27123,Ramsey County,MN,1.0,547202,0.7076,0.43631899,0.409029,0.02729,1
27125,Red Lake County,MN,6.0,3912,0.0891,0.59171915,0.513463,0.078257,3
27127,Redwood County,MN,6.0,15428,0.1794,0.54703748,0.539759,0.007279,3
27129,Renville County,MN,6.0,14707,0.2482,0.56033278,0.464657,0.095676,3
27131,Rice County,MN,5.0,67152,0.4598,0.47539917,0.419611,0.055788,1
27133,Rock County,MN,3.0,9659,0.1304,0.54322362,0.493033,0.050191,3
27135,Roseau County,MN,6.0,15294,0.2504,0.50463551,0.427282,0.077353,3
27137,St. Louis County,MN,3.0,200122,0.3054,0.45270988,0.442937,0.009773,3
27139,Scott County,MN,2.0,151347,0.1034,0.49627382,0.452622,0.043652,1
27141,Sherburne County,MN,2.0,97820,0.1047,0.47026181,0.464937,0.005325,1
27143,Sibley County,MN,6.0,14950,0.1139,0.55381376,0.486857,0.066957,3
27145,Stearns County,MN,4.0,158622,0.4572,0.53795958,0.426556,0.111404,1
27147,Steele County,MN,5.0,37396,0.3105,0.47574529,0.443613,0.032132,1
27149,Stevens County,MN,6.0,9682,0.1728,0.54486227,0.516025,0.028838,3
27151,Swift County,MN,6.0,9806,0.5119,0.52305478,0.422304,0.100751,3
27153,Todd County,MN,6.0,25277,0.5915,0.52925986,0.446121,0.083139,3
27155,Traverse County,MN,6.0,3345,0.1829,0.59424144,0.496159,0.098083,3
27157,Wabasha County,MN,4.0,21460,0.0986,0.53709674,0.496117,0.04098,3
27159,Wadena County,MN,6.0,14108,0.7448,0.52850485,0.42732,0.101185,1
27161,Waseca County,MN,6.0,18953,0.2195,0.50191259,0.440425,0.061487,3
27163,Washington County,MN,2.0,268651,0.0503,0.48994306,0.450581,0.039362,3
27165,Watonwan County,MN,6.0,11205,0.6583,0.46542308,0.437994,0.027429,1
27167,Wilkin County,MN,5.0,6454,0.1556,0.51086771,0.459285,0.051583,3
27169,Winona County,MN,5.0,49792,0.2377,0.50515038,0.480229,0.024921,3
27171,Wright County,MN,2.0,142543,0.0235,0.49544415,0.495733,-0.000289,3
27173,Yellow Medicine County,MN,6.0,9569,0.237,0.54558384,0.470252,0.075332,3
28001,Adams County,MS,5.0,29425,0.971,0.37504467,0.385708,-0.010663,0
28003,Alcorn County,MS,5.0,34717,0.8944,0.36768252,0.384615,-0.016933,0
28005,Amite County,MS,6.0,12683,0.7894,0.39920846,0.377117,0.022092,0
28007,Attala County,MS,6.0,17842,0.957,0.38877356,0.359161,0.029613,0
28009,Benton County,MS,2.0,7637,0.7725,0.35974878,0.368945,-0.009196,0
28011,Bolivar County,MS,5.0,30688,0.994,0.34199458,0.332436,0.009558,0
28013,Calhoun County,MS,6.0,13193,0.8988,0.37752181,0.391987,-0.014465,0
28015,Carroll County,MS,5.0,9930,0.7,0.3854796,0.385192,0.000288,0
28017,Chickasaw County,MS,6.0,17024,0.9542,0.35427555,0.371846,-0.01757,0
28019,Choctaw County,MS,6.0,8208,0.7932,0.41147363,0.371957,0.039517,0
28021,Claiborne County,MS,6.0,9044,0.819,0.31584713,0.372068,-0.056221,0
28023,Clarke County,MS,5.0,15553,0.8021,0.38183421,0.368305,0.013529,0
28025,Clay County,MS,6.0,18598,0.7913,0.32704991,0.349866,-0.022816,0
28027,Coahoma County,MS,5.0,21264,0.9895,0.32491589,0.332634,-0.007718,2
28029,Copiah County,MS,3.0,28210,0.7976,0.349796,0.365646,-0.01585,0
28031,Covington County,MS,6.0,18323,0.7674,0.38875395,0.367414,0.02134,0
28033,DeSoto County,MS,2.0,186214,0.3563,0.37621981,0.380336,-0.004116,1
28035,Forrest County,MS,4.0,77917,0.9497,0.36124739,0.361744,-0.000497,0
28037,Franklin County,MS,6.0,7690,0.5787,0.40033549,0.406988,-0.006653,0
28039,George County,MS,6.0,24547,0.8384,0.45684418,0.421063,0.035781,0
28041,Greene County,MS,6.0,13672,0.7776,0.43929678,0.384509,0.054788,0
28043,Grenada County,MS,5.0,21474,0.8492,0.34372815,0.367067,-0.023339,0
28045,Hancock County,MS,3.0,46010,0.4776,0.39920369,0.402172,-0.002968,3
28047,Harrison County,MS,3.0,208748,0.9182,0.36542389,0.377832,-0.012408,1
28049,Hinds County,MS,3.0,226541,0.9154,0.32851696,0.335965,-0.007448,1
28051,Holmes County,MS,3.0,16848,0.992,0.35255975,0.328526,0.024034,0
28053,Humphreys County,MS,6.0,7744,0.9787,0.31566256,0.332247,-0.016585,0
28055,Issaquena County,MS,6.0,1206,0.9539,0.36918181,0.384232,-0.01505,0
28057,Itawamba County,MS,5.0,23888,0.2463,0.38336059,0.431334,-0.047974,3
28059,Jackson County,MS,3.0,143721,0.8288,0.37339821,0.379162,-0.005764,0
28061,Jasper County,MS,5.0,16320,0.6281,0.36154282,0.381814,-0.020271,0
28063,Jefferson County,MS,5.0,7207,0.8991,0.34924489,0.350908,-0.001663,0
28065,Jefferson Davis County,MS,6.0,11291,0.8743,0.37069991,0.342219,0.028481,0
28067,Jones County,MS,5.0,67152,0.791,0.37908733,0.383547,-0.00446,0
28069,Kemper County,MS,6.0,8980,0.95,0.36535671,0.369449,-0.004092,0
28071,Lafayette County,MS,5.0,56172,0.4391,0.36890829,0.420117,-0.051209,1
28073,Lamar County,MS,4.0,64425,0.6032,0.42175326,0.388821,0.032932,1
28075,Lauderdale County,MS,5.0,72741,0.959,0.34752831,0.352621,-0.005092,0
28077,Lawrence County,MS,6.0,11933,0.8505,0.40176281,0.382963,0.0188,0
28079,Leake County,MS,6.0,21335,0.9574,0.38700941,0.378164,0.008845,0
28081,Lee County,MS,5.0,83343,0.7455,0.35997432,0.393587,-0.033612,1
28083,Leflore County,MS,5.0,27920,0.9411,0.32071015,0.343146,-0.022436,2
28085,Lincoln County,MS,5.0,34855,0.6042,0.39423168,0.395462,-0.00123,0
28087,Lowndes County,MS,5.0,58547,0.7521,0.34362707,0.354904,-0.011277,1
28089,Madison County,MS,3.0,109257,0.3554,0.37323752,0.381348,-0.008111,1
28091,Marion County,MS,6.0,24362,0.8928,0.39619529,0.382772,0.013424,0
28093,Marshall County,MS,2.0,33980,0.8699,0.33582988,0.362925,-0.027095,0
28095,Monroe County,MS,6.0,34168,0.6163,0.36063543,0.379341,-0.018705,0
28097,Montgomery County,MS,5.0,9803,0.9599,0.36522073,0.3734,-0.008179,0
28099,Neshoba County,MS,6.0,28970,0.9402,0.34813288,0.397691,-0.049558,0
28101,Newton County,MS,6.0,21275,0.6793,0.37113309,0.399318,-0.028184,0
28103,Noxubee County,MS,5.0,10261,0.964,0.35042995,0.342626,0.007804,0
28105,Oktibbeha County,MS,5.0,51388,0.6939,0.35383198,0.374789,-0.020957,1
28107,Panola County,MS,6.0,33157,0.8626,0.33009189,0.353432,-0.02334,0
28109,Pearl River County,MS,5.0,56351,0.6907,0.39457119,0.388333,0.006238,0
28111,Perry County,MS,4.0,11511,0.6914,0.40115502,0.413456,-0.012301,0
28113,Pike County,MS,5.0,40098,0.9812,0.36734095,0.344759,0.022582,0
28115,Pontotoc County,MS,6.0,31202,0.6087,0.37430236,0.425277,-0.050975,0
28117,Prentiss County,MS,5.0,24945,0.6993,0.35423991,0.414221,-0.059981,0
28119,Quitman County,MS,6.0,6113,0.9551,0.3264325,0.334311,-0.007879,0
28121,Rankin County,MS,3.0,157185,0.3732,0.39350313,0.393365,0.000138,1
28123,Scott County,MS,3.0,27943,0.9217,0.36288169,0.384059,-0.021177,0
28125,Sharkey County,MS,6.0,3910,0.9838,0.36990589,0.342435,0.027471,0
28127,Simpson County,MS,3.0,25889,0.7808,0.38821259,0.377314,0.010899,0
28129,Smith County,MS,6.0,14310,0.7251,0.40222198,0.413967,-0.011745,0
28131,Stone County,MS,3.0,18360,0.8587,0.39337215,0.388386,0.004986,0
28133,Sunflower County,MS,6.0,25867,0.9303,0.32047167,0.344011,-0.023539,0
28135,Tallahatchie County,MS,6.0,12621,0.9141,0.32572088,0.336873,-0.011153,0
28137,Tate County,MS,2.0,28094,0.8915,0.3541832,0.37355,-0.019366,0
28139,Tippah County,MS,6.0,21769,0.8839,0.37895089,0.3882,-0.009249,0
28141,Tishomingo County,MS,6.0,18837,0.7467,0.4073903,0.398615,0.008775,0
28143,Tunica County,MS,2.0,9787,0.9602,0.2929447,0.355633,-0.062688,2
28145,Union County,MS,6.0,27880,0.6977,0.37198484,0.412648,-0.040663,0
28147,Walthall County,MS,5.0,13888,0.8982,0.39530692,0.36232,0.032987,0
28149,Warren County,MS,5.0,44341,0.8279,0.34859562,0.35986,-0.011264,0
28151,Washington County,MS,5.0,44604,0.9971,0.31880808,0.32701,-0.008202,0
28153,Wayne County,MS,6.0,19760,0.9119,0.390277,0.365532,0.024745,0
28155,Webster County,MS,5.0,9942,0.6112,0.40004888,0.394456,0.005593,0
28157,Wilkinson County,MS,6.0,8531,0.8349,0.37137654,0.345337,0.02604,0
28159,Winston County,MS,6.0,17741,0.8543,0.34470138,0.37173,-0.027028,0
28161,Yalobusha County,MS,5.0,12499,0.7429,0.34800512,0.372188,-0.024183,0
28163,Yazoo County,MS,3.0,27467,0.9975,0.35209519,0.337261,0.014834,0
29001,Adair County,MO,5.0,25299,0.4006,0.4404617,0.449968,-0.009506,3
29003,Andrew County,MO,4.0,18069,0.0169,0.46255484,0.476361,-0.013806,3
29005,Atchison County,MO,6.0,5270,0.2249,0.46768302,0.498732,-0.031049,3
29007,Audrain County,MO,5.0,24873,0.7105,0.39991674,0.419837,-0.019921,0
29009,Barry County,MO,6.0,34701,0.5768,0.41333944,0.429592,-0.016253,0
29011,Barton County,MO,6.0,11683,0.6767,0.43877837,0.405822,0.032957,0
29013,Bates County,MO,2.0,16101,0.7114,0.40957662,0.403903,0.005674,0
29015,Benton County,MO,6.0,19616,0.5364,0.42992893,0.401062,0.028867,0
29017,Bollinger County,MO,4.0,10658,0.4241,0.42017463,0.407021,0.013154,0
29019,Boone County,MO,4.0,184043,0.4244,0.4057433,0.416996,-0.011253,1
29021,Buchanan County,MO,4.0,84544,0.8218,0.38505778,0.389504,-0.004446,1
29023,Butler County,MO,5.0,42280,0.8412,0.37703159,0.39588,-0.018848,0
29025,Caldwell County,MO,2.0,8876,0.3163,0.44732481,0.430812,0.016513,3
29027,Callaway County,MO,4.0,44517,0.2447,0.39146373,0.411188,-0.019725,3
29029,Camden County,MO,6.0,43227,0.3493,0.42105731,0.44653,-0.025473,3
29031,Cape Girardeau County,MO,4.0,81703,0.3099,0.40172946,0.437805,-0.036075,1
29033,Carroll County,MO,6.0,8513,0.1378,0.4593648,0.480235,-0.02087,3
29035,Carter County,MO,6.0,5299,0.4823,0.41192135,0.437513,-0.025591,0
29037,Cass County,MO,2.0,108205,0.1257,0.43578479,0.424057,0.011728,3
29039,Cedar County,MO,6.0,14314,0.6643,0.42231464,0.430384,-0.008069,0
29041,Chariton County,MO,6.0,7417,0.1747,0.49051362,0.511158,-0.020644,3
29043,Christian County,MO,3.0,89568,0.1107,0.42934361,0.448872,-0.019528,3
29045,Clark County,MO,6.0,6693,0.265,0.46679744,0.474625,-0.007828,3
29047,Clay County,MO,2.0,253085,0.2692,0.42928424,0.415788,0.013496,1
29049,Clinton County,MO,2.0,21155,0.1661,0.44820085,0.445294,0.002907,3
29051,Cole County,MO,4.0,76890,0.2049,0.4267067,0.434959,-0.008252,3
29053,Cooper County,MO,4.0,16893,0.3716,0.42850697,0.414127,0.01438,3
29055,Crawford County,MO,6.0,23023,0.657,0.3930003,0.397973,-0.004972,0
29057,Dade County,MO,6.0,7598,0.595,0.43937325,0.41804,0.021333,0
29059,Dallas County,MO,3.0,17158,0.5466,0.42263252,0.425797,-0.003164,0
29061,Daviess County,MO,6.0,8418,0.5157,0.4480761,0.458627,-0.010551,3
29063,DeKalb County,MO,4.0,11838,0.1753,0.46762732,0.444269,0.023359,3
29065,Dent County,MO,6.0,14509,0.6551,0.4208551,0.407176,0.013679,0
29067,Douglas County,MO,6.0,11803,0.5969,0.4330532,0.3974,0.035653,0
29069,Dunklin County,MO,5.0,28174,0.9707,0.3725566,0.409997,-0.03744,0
29071,Franklin County,MO,2.0,104858,0.1066,0.41598096,0.410842,0.005139,3
29073,Gasconade County,MO,6.0,14801,0.2488,0.41108873,0.455369,-0.04428,3
29075,Gentry County,MO,6.0,6219,0.4066,0.50934577,0.434638,0.074707,3
29077,Greene County,MO,3.0,299188,0.5317,0.40090463,0.425403,-0.024498,1
29079,Grundy County,MO,6.0,9878,0.679,0.42888629,0.439163,-0.010276,3
29081,Harrison County,MO,6.0,8190,0.4378,0.44030774,0.48806,-0.047752,3
29083,Henry County,MO,6.0,22064,0.6526,0.42578089,0.392034,0.033747,0
29085,Hickory County,MO,6.0,8452,0.6157,0.42097229,0.436999,-0.016027,0
29087,Holt County,MO,6.0,4274,0.1705,0.50805736,0.463618,0.04444,3
29089,Howard County,MO,4.0,10142,0.35,0.43982202,0.426264,0.013558,3
29091,Howell County,MO,5.0,39960,0.7693,0.42245573,0.407327,0.015129,0
29093,Iron County,MO,6.0,9538,0.6074,0.3842949,0.400043,-0.015748,0
29095,Jackson County,MO,1.0,715526,0.6866,0.36795825,0.371129,-0.003171,1
29097,Jasper County,MO,4.0,122788,0.7451,0.40233141,0.403703,-0.001372,1
29099,Jefferson County,MO,2.0,226984,0.1136,0.41378587,0.404315,0.009471,3
29101,Johnson County,MO,5.0,54025,0.3815,0.422793,0.425387,-0.002594,1
29103,Knox County,MO,6.0,3772,0.2679,0.48598111,0.467994,0.017987,3
29105,Laclede County,MO,5.0,36060,0.7327,0.40124795,0.394492,0.006756,0
29107,Lafayette County,MO,2.0,32858,0.1101,0.44228563,0.515277,-0.072992,3
29109,Lawrence County,MO,6.0,38231,0.7362,0.41430092,0.415859,-0.001558,0
29111,Lewis County,MO,5.0,9987,0.4486,0.47075748,0.414147,0.05661,3
29113,Lincoln County,MO,2.0,60172,0.1976,0.41786402,0.424073,-0.006209,3
29115,Linn County,MO,6.0,11892,0.1263,0.43976194,0.476006,-0.036245,3
29117,Livingston County,MO,6.0,14402,0.3073,0.41280761,0.434407,-0.021599,3
29119,McDonald County,MO,6.0,23381,0.8899,0.41457376,0.409822,0.004751,2
29121,Macon County,MO,6.0,15173,0.3388,0.44164905,0.458226,-0.016577,3
29123,Madison County,MO,6.0,12649,0.5097,0.39775845,0.427423,-0.029664,0
29125,Maries County,MO,6.0,8454,0.4814,0.40421957,0.405226,-0.001006,0
29127,Marion County,MO,5.0,28525,0.4368,0.41125339,0.434422,-0.023168,3
29129,Mercer County,MO,6.0,3517,0.4878,0.44622874,0.4933,-0.047071,3
29131,Miller County,MO,6.0,24855,0.3793,0.40791965,0.412199,-0.004279,3
29133,Mississippi County,MO,5.0,12305,0.9106,0.36373127,0.363341,0.00039,0
29135,Moniteau County,MO,4.0,15401,0.5367,0.46126622,0.449854,0.011412,3
29137,Monroe County,MO,6.0,8668,0.5059,0.44833803,0.479498,-0.03116,3
29139,Montgomery County,MO,6.0,11421,0.4187,0.45145762,0.413541,0.037917,3
29141,Morgan County,MO,6.0,21169,0.8657,0.41561142,0.408522,0.007089,0
29143,New Madrid County,MO,6.0,16341,0.7891,0.37254074,0.381184,-0.008643,0
29145,Newton County,MO,4.0,59019,0.5682,0.42228526,0.42166,0.000625,3
29147,Nodaway County,MO,5.0,21140,0.2151,0.4997378,0.475047,0.024691,3
29149,Oregon County,MO,6.0,8783,0.6589,0.43128556,0.432637,-0.001351,0
29151,Osage County,MO,4.0,13374,0.0181,0.50156969,0.538888,-0.037318,3
29153,Ozark County,MO,6.0,8688,0.5632,0.43271038,0.410977,0.021734,0
29155,Pemiscot County,MO,6.0,15555,0.9364,0.34130919,0.383864,-0.042555,0
29157,Perry County,MO,6.0,18970,0.3175,0.45293745,0.417311,0.035627,3
29159,Pettis County,MO,5.0,43059,0.6936,0.41085437,0.420433,-0.009578,1
29161,Phelps County,MO,5.0,44843,0.6402,0.40694854,0.401153,0.005796,1
29163,Pike County,MO,6.0,17719,0.7216,0.42627484,0.418671,0.007604,0
29165,Platte County,MO,2.0,107033,0.1632,0.44198084,0.425741,0.01624,1
29167,Polk County,MO,3.0,31877,0.6077,0.41980404,0.411615,0.008189,0
29169,Pulaski County,MO,5.0,53726,0.6927,0.39011943,0.410572,-0.020453,1
29171,Putnam County,MO,6.0,4698,0.3258,0.46054402,0.485096,-0.024552,3
29173,Ralls County,MO,5.0,10356,0.1168,0.43323889,0.445403,-0.012164,3
29175,Randolph County,MO,5.0,24652,0.6268,0.37808424,0.375082,0.003002,0
29177,Ray County,MO,2.0,23122,0.0932,0.44011137,0.442992,-0.002881,3
29179,Reynolds County,MO,6.0,6102,0.6354,0.42049944,0.393413,0.027086,0
29181,Ripley County,MO,6.0,10839,0.476,0.38350832,0.399205,-0.015696,0
29183,St. Charles County,MO,2.0,406262,0.034,0.44775596,0.446493,0.001263,3
29185,St. Clair County,MO,6.0,9330,0.6182,0.44090995,0.430025,0.010885,0
29186,Ste. Genevieve County,MO,6.0,18494,0.1537,0.44239402,0.441946,0.000448,3
29187,St. Francois County,MO,5.0,66814,0.7257,0.38205546,0.386933,-0.004878,0
29189,St. Louis County,MO,2.0,999703,0.3401,0.38539696,0.399571,-0.014174,1
29195,Saline County,MO,5.0,23219,0.44,0.39550439,0.444936,-0.049431,3
29197,Schuyler County,MO,5.0,4066,0.2329,0.47015521,0.513253,-0.043098,3
29199,Scotland County,MO,6.0,4720,0.3169,0.44008654,0.472864,-0.032778,3
29201,Scott County,MO,5.0,38055,0.665,0.38469595,0.418109,-0.033413,0
29203,Shannon County,MO,6.0,7132,0.4429,0.42442185,0.434108,-0.009686,3
29205,Shelby County,MO,6.0,6049,0.3968,0.48499119,0.475252,0.009739,3
29207,Stoddard County,MO,6.0,28656,0.4359,0.40633106,0.413087,-0.006755,0
29209,Stone County,MO,6.0,31314,0.4337,0.42115641,0.415624,0.005532,3
29211,Sullivan County,MO,6.0,5983,0.5068,0.44928899,0.450923,-0.001634,3
29213,Taney County,MO,5.0,56202,0.7941,0.41534194,0.413853,0.001489,1
29215,Texas County,MO,6.0,24828,0.8575,0.41527966,0.40704,0.00824,0
29217,Vernon County,MO,6.0,19777,0.5733,0.39664319,0.438925,-0.042282,0
29219,Warren County,MO,2.0,35729,0.1689,0.42580205,0.411363,0.014439,3
29221,Washington County,MO,6.0,23580,0.7957,0.39195049,0.386266,0.005685,0
29223,Wayne County,MO,6.0,11081,0.6675,0.40887582,0.408397,0.000479,0
29225,Webster County,MO,3.0,39265,0.5437,0.39538234,0.440678,-0.045295,3
29227,Worth County,MO,6.0,1982,0.2237,0.43590319,0.512048,-0.076145,3
29229,Wright County,MO,6.0,18475,0.749,0.41471586,0.401623,0.013092,0
29510,St. Louis City,MO,1.0,298018,0.8139,0.32729495,0.345529,-0.018234,1
30001,Beaverhead County,MT,6.0,9469,0.2043,0.48788267,0.498098,-0.010215,3
30003,Big Horn County,MT,6.0,13090,0.7646,0.40129736,0.431288,-0.029991,2
30005,Blaine County,MT,6.0,7030,0.9443,0.43527099,0.399765,0.035506,0
30007,Broadwater County,MT,4.0,6977,0.0827,0.5112471,0.470819,0.040428,3
30009,Carbon County,MT,4.0,10645,0.1241,0.52343494,0.460775,0.06266,3
30011,Carter County,MT,6.0,1332,0.4069,0.56258738,0.502763,0.059824,3
30013,Cascade County,MT,4.0,84423,0.4435,0.44401401,0.42597,0.018044,1
30015,Chouteau County,MT,6.0,5897,0.2584,0.52654779,0.454906,0.071642,3
30017,Custer County,MT,6.0,11957,0.3589,0.49276453,0.458015,0.03475,3
30019,Daniels County,MT,6.0,1535,0.1228,0.58853787,0.510397,0.078141,3
30021,Dawson County,MT,6.0,8915,0.0764,0.56096804,0.475219,0.085749,3
30023,Deer Lodge County,MT,6.0,9435,0.6417,0.43468249,0.400141,0.034541,0
30025,Fallon County,MT,6.0,2941,0.1508,0.57815832,0.556586,0.021572,3
30027,Fergus County,MT,6.0,11496,0.3837,0.48339209,0.480642,0.00275,3
30029,Flathead County,MT,5.0,105950,0.2094,0.45784548,0.472274,-0.014429,3
30031,Gallatin County,MT,4.0,119685,0.0783,0.47354326,0.496572,-0.023029,1
30033,Garfield County,MT,6.0,976,0.0652,0.41632971,0.557458,-0.141128,3
30035,Glacier County,MT,6.0,13781,0.9752,0.39119115,0.416337,-0.025146,2
30037,Golden Valley County,MT,6.0,841,0.1451,0.46626624,0.507141,-0.040875,3
30039,Granite County,MT,6.0,3368,0.2246,0.54819143,0.448634,0.099557,3
30041,Hill County,MT,6.0,16238,0.4419,0.43017337,0.421268,0.008905,1
30043,Jefferson County,MT,4.0,12273,0.1158,0.529948,0.468129,0.061819,3
30045,Judith Basin County,MT,6.0,2039,0.049,0.53683507,0.524736,0.012099,3
30047,Lake County,MT,6.0,31509,0.7541,0.42691097,0.393065,0.033846,0
30049,Lewis and Clark County,MT,4.0,71487,0.1906,0.43853527,0.438727,-0.000191,3
30051,Liberty County,MT,6.0,1993,0.6592,0.54476166,0.476613,0.068149,3
30053,Lincoln County,MT,6.0,20157,0.5628,0.46062264,0.433856,0.026767,3
30055,McCone County,MT,6.0,1746,0.0121,0.54662186,0.530639,0.015983,3
30057,Madison County,MT,6.0,8742,0.098,0.53783143,0.512654,0.025177,3
30059,Meagher County,MT,6.0,1948,0.0188,0.48632011,0.529784,-0.043464,3
30061,Mineral County,MT,4.0,4652,0.2218,0.41357562,0.46481,-0.051235,3
30063,Missoula County,MT,4.0,118541,0.2762,0.44410035,0.441703,0.002398,1
30065,Musselshell County,MT,6.0,4924,0.2278,0.51877147,0.434889,0.083883,3
30067,Park County,MT,6.0,17320,0.1623,0.46777996,0.461536,0.006244,3
30071,Phillips County,MT,6.0,4233,0.2081,0.54558468,0.486797,0.058788,3
30073,Pondera County,MT,6.0,5987,0.7967,0.52942437,0.419811,0.109614,3
30075,Powder River County,MT,6.0,1773,0.1521,0.56284338,0.499135,0.063709,3
30077,Powell County,MT,6.0,6998,0.2319,0.44864047,0.453123,-0.004483,3
30079,Prairie County,MT,6.0,1283,0.3567,0.49972561,0.439782,0.059943,3
30081,Ravalli County,MT,6.0,44876,0.1511,0.47998309,0.432787,0.047196,3
30083,Richland County,MT,6.0,11366,0.2644,0.57444859,0.46356,0.110888,3
30085,Roosevelt County,MT,6.0,10799,0.7665,0.44203416,0.421121,0.020913,2
30087,Rosebud County,MT,6.0,8310,0.9408,0.38648826,0.394794,-0.008306,0
30089,Sanders County,MT,6.0,12615,0.5778,0.45662561,0.434924,0.021701,3
30091,Sheridan County,MT,6.0,3700,0.1642,0.56805849,0.511935,0.056123,3
30093,Silver Bow County,MT,5.0,35306,0.4534,0.45977145,0.423034,0.036737,3
30095,Stillwater County,MT,4.0,8978,0.0608,0.56298751,0.480542,0.082446,3
30097,Sweet Grass County,MT,6.0,3697,0.0242,0.57265663,0.512516,0.06014,3
30099,Teton County,MT,6.0,6238,0.3662,0.52227706,0.508607,0.01367,3
30101,Toole County,MT,6.0,5018,0.6023,0.50252128,0.433123,0.069398,3
30103,Treasure County,MT,6.0,680,0.0719,0.50071114,0.485673,0.015038,3
30105,Valley County,MT,6.0,7552,0.2027,0.47010353,0.469584,0.000519,3
30107,Wheatland County,MT,6.0,2060,0.1273,0.50735301,0.548887,-0.041534,3
30109,Wibaux County,MT,6.0,1119,0.273,0.64757556,0.534196,0.11338,3
30111,Yellowstone County,MT,4.0,165524,0.2889,0.45875648,0.436047,0.022709,3
31001,Adams County,NE,5.0,31143,0.4769,0.47424433,0.447427,0.026818,3
31003,Antelope County,NE,6.0,6302,0.0767,0.57401186,0.533416,0.040596,3
31007,Banner County,NE,5.0,670,0.0124,0.53561562,0.525432,0.010183,3
31009,Blaine County,NE,6.0,384,0.0799,0.64376199,0.51195,0.131812,3
31011,Boone County,NE,6.0,5397,0.0162,0.59343803,0.546465,0.046973,3
31013,Box Butte County,NE,6.0,10778,0.4963,0.51189107,0.429341,0.082551,3
31015,Boyd County,NE,6.0,1767,0.0601,0.57708967,0.530698,0.046392,3
31017,Brown County,NE,6.0,2691,0.1444,0.5385468,0.529905,0.008642,3
31019,Buffalo County,NE,5.0,50103,0.3828,0.49423537,0.438642,0.055593,1
31021,Burt County,NE,6.0,6717,0.1798,0.52192491,0.488458,0.033467,3
31023,Butler County,NE,6.0,8373,0.0738,0.55316401,0.533242,0.019922,3
31025,Cass County,NE,3.0,26749,0.0379,0.48256493,0.50111,-0.018545,3
31027,Cedar County,NE,6.0,8375,0.0067,0.61331522,0.553567,0.059748,3
31029,Chase County,NE,6.0,3704,0.272,0.55134708,0.491902,0.059445,3
31031,Cherry County,NE,6.0,5473,0.3016,0.48694283,0.484533,0.00241,3
31033,Cheyenne County,NE,6.0,9489,0.2857,0.50106198,0.487717,0.013344,3
31035,Clay County,NE,5.0,6088,0.0942,0.58513653,0.503983,0.081154,3
31037,Colfax County,NE,5.0,10563,0.364,0.48060474,0.484791,-0.004186,2
31039,Cuming County,NE,6.0,9000,0.0795,0.58663952,0.534596,0.052043,3
31041,Custer County,NE,6.0,10566,0.1425,0.56418449,0.505166,0.059018,3
31043,Dakota County,NE,4.0,21308,0.7321,0.42784396,0.448034,-0.02019,2
31045,Dawes County,NE,6.0,8279,0.3156,0.5154494,0.469903,0.045546,3
31047,Dawson County,NE,5.0,24037,0.7311,0.45000634,0.466507,-0.016501,2
31049,Deuel County,NE,6.0,1858,0.063,0.54593658,0.492888,0.053049,3
31051,Dixon County,NE,6.0,5579,0.3789,0.55039412,0.458256,0.092138,3
31053,Dodge County,NE,5.0,37175,0.5135,0.48173931,0.425799,0.05594,3
31055,Douglas County,NE,3.0,582638,0.594,0.3992798,0.399733,-0.000454,1
31057,Dundy County,NE,6.0,1825,0.0156,0.53961021,0.537572,0.002038,3
31059,Fillmore County,NE,6.0,5557,0.0083,0.54328305,0.551819,-0.008536,3
31061,Franklin County,NE,6.0,2901,0.1129,0.54554552,0.509946,0.035599,3
31063,Frontier County,NE,6.0,2491,0.3153,0.629682,0.471436,0.158246,3
31065,Furnas County,NE,6.0,4630,0.1931,0.55206358,0.528445,0.023618,3
31067,Gage County,NE,5.0,21654,0.2307,0.4863233,0.497354,-0.011031,3
31069,Garden County,NE,6.0,1778,0.42,0.53691733,0.46723,0.069687,3
31071,Garfield County,NE,6.0,1833,0.0557,0.5364821,0.549497,-0.013015,3
31073,Gosper County,NE,5.0,1873,0.0293,0.50461113,0.554853,-0.050241,3
31075,Grant County,NE,6.0,649,0.168,0.56253546,0.548971,0.013564,3
31077,Greeley County,NE,6.0,2212,0.062,0.60226417,0.507699,0.094565,3
31079,Hall County,NE,4.0,62575,0.7343,0.4543325,0.436001,0.018331,1
31081,Hamilton County,NE,6.0,9400,0.0229,0.52569348,0.4695,0.056193,3
31083,Harlan County,NE,6.0,3094,0.3312,0.50639182,0.490263,0.016129,3
31085,Hayes County,NE,6.0,919,0.0547,0.61519438,0.544488,0.070707,3
31087,Hitchcock County,NE,6.0,2620,0.2574,0.58966339,0.512123,0.07754,3
31089,Holt County,NE,6.0,10149,0.1098,0.56845075,0.536447,0.032004,3
31091,Hooker County,NE,6.0,659,0.1021,0.61213541,0.509723,0.102413,3
31093,Howard County,NE,4.0,6476,0.2202,0.52187091,0.451736,0.070135,3
31095,Jefferson County,NE,6.0,7185,0.2736,0.51538378,0.529417,-0.014034,3
31097,Johnson County,NE,6.0,5294,0.2927,0.53254998,0.483514,0.049036,3
31099,Kearney County,NE,5.0,6655,0.1028,0.54109216,0.509611,0.031481,3
31101,Keith County,NE,6.0,8303,0.2603,0.49491698,0.473557,0.02136,3
31103,Keya Paha County,NE,6.0,987,0.0226,0.57166612,0.521549,0.050118,3
31105,Kimball County,NE,6.0,3395,0.4308,0.50332463,0.470513,0.032812,3
31107,Knox County,NE,6.0,8415,0.2717,0.57547897,0.496163,0.079316,3
31109,Lancaster County,NE,3.0,322063,0.4031,0.43736401,0.436305,0.001059,1
31111,Lincoln County,NE,5.0,34532,0.4617,0.46992895,0.435904,0.034025,3
31113,Logan County,NE,5.0,839,0.0471,0.53596389,0.541963,-0.005999,3
31115,Loup County,NE,6.0,629,0.202,0.62938207,0.479189,0.150193,3
31117,McPherson County,NE,6.0,456,0.0016,0.55607462,0.573862,-0.017788,3
31119,Madison County,NE,5.0,35538,0.4633,0.48010346,0.455239,0.024864,1
31121,Merrick County,NE,4.0,7675,0.1947,0.53781492,0.506878,0.030936,3
31123,Morrill County,NE,6.0,4562,0.3143,0.52514917,0.442979,0.08217,3
31125,Nance County,NE,6.0,3366,0.05,0.56025529,0.506982,0.053273,3
31127,Nemaha County,NE,6.0,7019,0.4712,0.56801564,0.44063,0.127386,3
31129,Nuckolls County,NE,6.0,4092,0.014,0.57201642,0.561066,0.01095,3
31131,Otoe County,NE,6.0,15995,0.2698,0.49372873,0.455247,0.038482,3
31133,Pawnee County,NE,6.0,2553,0.49,0.52173007,0.466304,0.055426,3
31135,Perkins County,NE,6.0,2860,0.14,0.54465979,0.549282,-0.004622,3
31137,Phelps County,NE,6.0,8966,0.3242,0.53028482,0.532736,-0.002452,3
31139,Pierce County,NE,5.0,7301,0.0439,0.54705042,0.505705,0.041345,3
31141,Platte County,NE,5.0,34219,0.371,0.52225798,0.488099,0.034159,3
31143,Polk County,NE,6.0,5182,0.0477,0.57330787,0.553405,0.019903,3
31145,Red Willow County,NE,6.0,10690,0.3522,0.50230974,0.486362,0.015947,3
31147,Richardson County,NE,6.0,7850,0.2883,0.50854111,0.452711,0.05583,3
31149,Rock County,NE,6.0,1312,0.0423,0.62085563,0.576299,0.044557,3
31151,Saline County,NE,6.0,14275,0.4989,0.51287299,0.477321,0.035552,3
31153,Sarpy County,NE,3.0,191272,0.0776,0.45836222,0.463233,-0.00487,1
31155,Saunders County,NE,3.0,22374,0.0108,0.51148641,0.500664,0.010822,3
31157,Scotts Bluff County,NE,5.0,36048,0.7356,0.46054929,0.409542,0.051008,1
31159,Seward County,NE,3.0,17644,0.0563,0.53440148,0.518392,0.016009,3
31161,Sheridan County,NE,6.0,5102,0.3462,0.52834052,0.474263,0.054078,3
31163,Sherman County,NE,6.0,2970,0.2641,0.58608329,0.440876,0.145207,3
31165,Sioux County,NE,6.0,1162,0.3204,0.56855011,0.502779,0.065772,3
31167,Stanton County,NE,5.0,5828,0.0054,0.53578198,0.542134,-0.006352,3
31169,Thayer County,NE,6.0,5006,0.1301,0.54203069,0.549231,-0.0072,3
31171,Thomas County,NE,6.0,592,0.0019,0.54934043,0.526493,0.022847,3
31173,Thurston County,NE,6.0,6716,0.798,0.43635461,0.43371,0.002644,2
31175,Valley County,NE,6.0,4053,0.1464,0.52595431,0.526935,-0.00098,3
31177,Washington County,NE,3.0,20884,0.0143,0.53524905,0.504494,0.030755,3
31179,Wayne County,NE,6.0,9701,0.1626,0.56790107,0.47932,0.088581,3
31181,Webster County,NE,5.0,3410,0.0375,0.55584645,0.536908,0.018938,3
31183,Wheeler County,NE,6.0,771,0.0385,0.49598405,0.524716,-0.028732,3
31185,York County,NE,6.0,14212,0.1359,0.50144583,0.502227,-0.000782,3
32001,Churchill County,NV,5.0,25409,0.6271,0.42018765,0.420845,-0.000657,3
32003,Clark County,NV,1.0,2265926,0.8635,0.38764879,0.392183,-0.004534,1
32005,Douglas County,NV,5.0,49476,0.2059,0.45699286,0.440107,0.016886,3
32007,Elko County,NV,5.0,53600,0.6185,0.46296695,0.40114,0.061827,1
32009,Esmeralda County,NV,6.0,980,0.9077,0.53338832,0.394132,0.139256,0
32011,Eureka County,NV,5.0,1622,0.4254,0.49829665,0.480241,0.018055,3
32013,Humboldt County,NV,5.0,17266,0.616,0.44370872,0.426456,0.017253,0
32015,Lander County,NV,6.0,5728,0.5762,0.45997825,0.429305,0.030673,0
32017,Lincoln County,NV,6.0,4507,0.5749,0.58202344,0.413859,0.168164,3
32019,Lyon County,NV,3.0,59435,0.5593,0.40597832,0.397894,0.008084,0
32021,Mineral County,NV,6.0,4568,0.5501,0.39072224,0.37242,0.018302,0
32023,Nye County,NV,5.0,51698,0.7954,0.40365711,0.399272,0.004385,0
32027,Pershing County,NV,6.0,6587,0.6761,0.48953095,0.411208,0.078323,0
32029,Storey County,NV,3.0,4095,0.1836,0.41786337,0.431059,-0.013196,3
32031,Washoe County,NV,3.0,486674,0.6971,0.40533885,0.401276,0.004063,1
32033,White Pine County,NV,6.0,8997,0.2498,0.45431715,0.424137,0.03018,3
32510,Carson City,NV,4.0,58249,0.8508,0.40519959,0.402138,0.003062,1
33001,Belknap County,NH,5.0,63914,0.1454,0.41712138,0.466927,-0.049806,3
33003,Carroll County,NH,6.0,50679,0.1406,0.43617082,0.440327,-0.004156,3
33005,Cheshire County,NH,5.0,76610,0.1702,0.42192355,0.452178,-0.030255,3
33007,Coos County,NH,6.0,31430,0.4862,0.42104524,0.431289,-0.010243,3
33009,Grafton County,NH,5.0,90836,0.2619,0.43646413,0.464671,-0.028206,3
33011,Hillsborough County,NH,3.0,422733,0.2234,0.44100729,0.432895,0.008112,1
33013,Merrimack County,NH,5.0,153918,0.2109,0.4269177,0.449772,-0.022854,3
33015,Rockingham County,NH,2.0,315169,0.02,0.45314148,0.460388,-0.007246,3
33017,Strafford County,NH,2.0,130965,0.1833,0.42193756,0.448707,-0.02677,1
33019,Sullivan County,NH,5.0,43356,0.2186,0.38405666,0.452895,-0.068838,3
34001,Atlantic County,NJ,3.0,274339,0.853,0.37154225,0.399076,-0.027533,1
34003,Bergen County,NJ,2.0,953243,0.4372,0.51954651,0.462022,0.057525,1
34005,Burlington County,NJ,2.0,461853,0.2434,0.42232805,0.432574,-0.010246,1
34007,Camden County,NJ,2.0,522581,0.7795,0.39249986,0.395248,-0.002748,1
34009,Cape May County,NJ,3.0,95456,0.3541,0.42920408,0.439263,-0.010058,3
34011,Cumberland County,NJ,4.0,153588,0.9793,0.37017271,0.387032,-0.016859,1
34013,Essex County,NJ,1.0,853374,0.9415,0.38604265,0.374167,0.011876,2
34015,Gloucester County,NJ,2.0,302621,0.2173,0.43419391,0.41857,0.015623,1
34017,Hudson County,NJ,1.0,712029,0.7827,0.44457117,0.402397,0.042174,2
34019,Hunterdon County,NJ,2.0,129099,0.035,0.49344167,0.469147,0.024295,3
34021,Mercer County,NJ,3.0,383732,0.7445,0.38598496,0.393447,-0.007462,1
34023,Middlesex County,NJ,2.0,860147,0.6647,0.48370594,0.429402,0.054303,1
34025,Monmouth County,NJ,2.0,643064,0.2138,0.45198557,0.45317,-0.001184,1
34027,Morris County,NJ,2.0,508816,0.1667,0.50783235,0.469165,0.038668,1
34029,Ocean County,NJ,2.0,638691,0.4133,0.45339474,0.469004,-0.015609,3
34031,Passaic County,NJ,2.0,519986,0.9112,0.42517933,0.39854,0.026639,2
34033,Salem County,NJ,2.0,64840,0.6739,0.4136906,0.391958,0.021732,1
34035,Somerset County,NJ,2.0,344978,0.1912,0.46128559,0.463132,-0.001846,1
34037,Sussex County,NJ,2.0,144808,0.0458,0.47039765,0.455662,0.014736,3
34039,Union County,NJ,2.0,572079,0.8145,0.43154848,0.394393,0.037156,2
34041,Warren County,NJ,3.0,109739,0.245,0.45423269,0.447588,0.006645,1
35001,Bernalillo County,NM,3.0,674692,0.7929,0.38822624,0.376017,0.01221,1
35003,Catron County,NM,6.0,3635,0.4483,0.42944002,0.457091,-0.027651,0
35005,Chaves County,NM,5.0,64701,0.9701,0.40493625,0.393753,0.011183,0
35006,Cibola County,NM,6.0,27211,0.9663,0.36925915,0.388585,-0.019326,0
35007,Colfax County,NM,6.0,12370,0.7989,0.41021422,0.398696,0.011518,0
35009,Curry County,NM,5.0,48327,0.9395,0.41176733,0.400761,0.011007,0
35011,De Baca County,NM,6.0,1695,0.5043,0.52388632,0.402317,0.121569,0
35013,Doña Ana County,NM,4.0,219870,0.9873,0.40438551,0.396369,0.008016,2
35015,Eddy County,NM,5.0,61264,0.6382,0.46551222,0.460664,0.004849,0
35017,Grant County,NM,5.0,28006,0.7404,0.40673649,0.37851,0.028227,0
35019,Guadalupe County,NM,6.0,4413,0.8791,0.39496046,0.395307,-0.000346,0
35021,Harding County,NM,6.0,671,0.6615,0.55248564,0.391571,0.160915,3
35023,Hidalgo County,NM,6.0,4160,0.9179,0.42131788,0.379437,0.041881,0
35025,Lea County,NM,5.0,73103,0.9399,0.46431991,0.424703,0.039617,2
35027,Lincoln County,NM,5.0,20222,0.8346,0.42896676,0.376271,0.052696,0
35028,Los Alamos County,NM,5.0,19253,0.0099,0.47209215,0.479647,-0.007555,3
35029,Luna County,NM,5.0,25393,0.9997,0.38643911,0.371429,0.01501,2
35031,McKinley County,NM,5.0,72073,0.9695,0.35415223,0.371057,-0.016905,2
35033,Mora County,NM,5.0,4208,0.6169,0.42674047,0.366211,0.060529,0
35035,Otero County,NM,5.0,67850,0.9294,0.39953059,0.373568,0.025963,0
35037,Quay County,NM,6.0,8641,0.8711,0.40044215,0.351384,0.049059,0
35039,Rio Arriba County,NM,5.0,40285,0.763,0.37294319,0.3725,0.000443,0
35041,Roosevelt County,NM,5.0,19142,0.951,0.41701218,0.395388,0.021624,0
35043,Sandoval County,NM,3.0,149460,0.3933,0.38753462,0.412618,-0.025083,1
35045,San Juan County,NM,4.0,121798,0.9669,0.40520856,0.370023,0.035186,0
35047,San Miguel County,NM,5.0,27215,0.9854,0.38532931,0.342712,0.042617,0
35049,Santa Fe County,NM,4.0,154481,0.7633,0.40140796,0.398517,0.002891,1
35051,Sierra County,NM,6.0,11506,0.7677,0.39924881,0.394194,0.005055,0
35053,Socorro County,NM,6.0,16453,0.8972,0.37011841,0.378985,-0.008867,0
35055,Taos County,NM,5.0,34475,0.6955,0.41188437,0.388,0.023884,0
35057,Torrance County,NM,3.0,15203,0.7712,0.40396622,0.376937,0.027029,0
35059,Union County,NM,6.0,4074,0.9526,0.44943729,0.406547,0.04289,0
35061,Valencia County,NM,3.0,76613,0.8823,0.38133767,0.36781,0.013527,0
36001,Albany County,NY,3.0,315041,0.461,0.43856844,0.40845,0.030118,1
36003,Allegany County,NY,6.0,47222,0.4543,0.41969791,0.437973,-0.018275,3
36005,Bronx County,NY,1.0,1443229,0.9965,0.39008352,0.366998,0.023086,2
36007,Broome County,NY,4.0,198365,0.7248,0.419043,0.404134,0.014909,1
36009,Cattaraugus County,NY,5.0,77000,0.6809,0.42765266,0.407571,0.020082,3
36011,Cayuga County,NY,5.0,76171,0.5208,0.41648966,0.417739,-0.00125,1
36013,Chautauqua County,NY,5.0,127440,0.7229,0.41525927,0.404622,0.010637,1
36015,Chemung County,NY,4.0,83584,0.6093,0.39711976,0.401022,-0.003902,1
36017,Chenango County,NY,6.0,47096,0.4833,0.42017388,0.416127,0.004047,3
36019,Clinton County,NY,5.0,79839,0.4445,0.42429817,0.422912,0.001386,3
36021,Columbia County,NY,5.0,61469,0.427,0.41953701,0.431077,-0.01154,3
36023,Cortland County,NY,5.0,46755,0.3684,0.42261177,0.416711,0.005901,1
36025,Delaware County,NY,6.0,44637,0.5142,0.44276512,0.424287,0.018478,3
36027,Dutchess County,NY,3.0,296467,0.447,0.4335331,0.428591,0.004942,1
36029,Erie County,NY,1.0,951232,0.4913,0.427953,0.411467,0.016486,1
36031,Essex County,NY,6.0,37314,0.3516,0.45285612,0.445128,0.007728,3
36033,Franklin County,NY,6.0,47459,0.5597,0.41613317,0.409145,0.006989,3
36035,Fulton County,NY,5.0,53280,0.3977,0.40815249,0.418697,-0.010544,3
36037,Genesee County,NY,5.0,58204,0.2335,0.43237388,0.452003,-0.019629,3
36039,Greene County,NY,6.0,48067,0.4076,0.44552451,0.430973,0.014551,3
36041,Hamilton County,NY,6.0,5090,0.1654,0.48070019,0.455109,0.025591,3
36043,Herkimer County,NY,3.0,60293,0.2755,0.43290496,0.440731,-0.007826,3
36045,Jefferson County,NY,4.0,117445,0.6653,0.41536188,0.412364,0.002998,1
36047,Kings County,NY,1.0,2679620,0.8874,0.42299739,0.382928,0.04007,2
36049,Lewis County,NY,6.0,26690,0.1925,0.47115555,0.446182,0.024973,3
36051,Livingston County,NY,2.0,61980,0.2294,0.43731928,0.44971,-0.012391,3
36053,Madison County,NY,3.0,68020,0.1801,0.43219489,0.448852,-0.016657,3
36055,Monroe County,NY,1.0,756406,0.5943,0.39269343,0.398913,-0.00622,1
36057,Montgomery County,NY,5.0,49624,0.7881,0.42543876,0.389465,0.035974,1
36059,Nassau County,NY,2.0,1389160,0.2778,0.49325207,0.468407,0.024845,1
36061,New York County,NY,1.0,1645867,0.7283,0.41869253,0.423639,-0.004946,1
36063,Niagara County,NY,2.0,212230,0.4454,0.40703964,0.415797,-0.008757,1
36065,Oneida County,NY,3.0,231055,0.6828,0.42728147,0.415419,0.011862,1
36067,Onondaga County,NY,3.0,472637,0.588,0.40242127,0.401508,0.000913,1
36069,Ontario County,NY,2.0,112288,0.2682,0.43202263,0.440388,-0.008365,3
36071,Orange County,NY,3.0,401237,0.7299,0.42588851,0.416976,0.008912,1
36073,Orleans County,NY,2.0,40148,0.58,0.42188925,0.404383,0.017506,3
36075,Oswego County,NY,3.0,118037,0.5962,0.40844077,0.391474,0.016967,1
36077,Otsego County,NY,5.0,59678,0.3287,0.44290841,0.44734,-0.004431,3
36079,Putnam County,NY,2.0,97942,0.1187,0.52018428,0.460812,0.059373,3
36081,Queens County,NY,1.0,2360826,0.8024,0.47502467,0.415981,0.059044,2
36083,Rensselaer County,NY,3.0,160943,0.4047,0.42925596,0.412413,0.016843,1
36085,Richmond County,NY,1.0,492925,0.5956,0.48137245,0.42992,0.051453,1
36087,Rockland County,NY,2.0,337326,0.7471,0.46492949,0.454923,0.010006,1
36089,St. Lawrence County,NY,5.0,108670,0.7108,0.42871219,0.413335,0.015377,1
36091,Saratoga County,NY,3.0,236328,0.0649,0.4534871,0.461635,-0.008148,3
36093,Schenectady County,NY,3.0,159447,0.4874,0.41907173,0.412992,0.00608,1
36095,Schoharie County,NY,3.0,29970,0.3172,0.44301888,0.44001,0.003009,3
36097,Schuyler County,NY,6.0,17855,0.3159,0.42161083,0.437566,-0.015955,3
36099,Seneca County,NY,5.0,33651,0.5737,0.4378483,0.428873,0.008975,3
36101,Steuben County,NY,5.0,93584,0.4683,0.43117839,0.42703,0.004148,3
36103,Suffolk County,NY,2.0,1524486,0.2596,0.46316791,0.451513,0.011655,1
36105,Sullivan County,NY,5.0,78725,0.8654,0.41629636,0.406734,0.009562,1
36107,Tioga County,NY,4.0,48344,0.1505,0.40871447,0.453894,-0.04518,3
36109,Tompkins County,NY,4.0,102555,0.3907,0.42550436,0.434476,-0.008972,1
36111,Ulster County,NY,4.0,182153,0.5511,0.43074304,0.418575,0.012168,1
36113,Warren County,NY,4.0,65684,0.1954,0.4287267,0.450097,-0.021371,3
36115,Washington County,NY,4.0,61310,0.4127,0.43055415,0.433254,-0.0027,3
36117,Wayne County,NY,2.0,91324,0.3633,0.41618052,0.42504,-0.00886,3
36119,Westchester County,NY,2.0,997904,0.6685,0.45155954,0.427699,0.023861,1
36121,Wyoming County,NY,6.0,40338,0.2399,0.46320558,0.441669,0.021537,3
36123,Yates County,NY,6.0,24713,0.5724,0.44382372,0.451688,-0.007864,3
37001,Alamance County,NC,4.0,171779,0.7136,0.35772339,0.392342,-0.034618,1
37003,Alexander County,NC,3.0,36505,0.4559,0.37784049,0.414666,-0.036826,0
37005,Alleghany County,NC,6.0,10989,0.7168,0.39518493,0.419383,-0.024198,0
37007,Anson County,NC,2.0,22200,0.9529,0.34016269,0.347888,-0.007726,0
37009,Ashe County,NC,6.0,26759,0.4518,0.38441145,0.419673,-0.035262,3
37011,Avery County,NC,6.0,17679,0.7191,0.39553407,0.426475,-0.030941,0
37013,Beaufort County,NC,5.0,44711,0.8066,0.36311382,0.378133,-0.015019,0
37015,Bertie County,NC,6.0,17818,0.9586,0.35930842,0.341007,0.018301,0
37017,Bladen County,NC,6.0,29807,0.8326,0.3468028,0.375056,-0.028253,0
37019,Brunswick County,NC,3.0,139721,0.2275,0.35376886,0.429902,-0.076133,3
37021,Buncombe County,NC,3.0,269449,0.5994,0.3780528,0.429378,-0.051325,1
37023,Burke County,NC,3.0,87799,0.7079,0.359137,0.406282,-0.047145,0
37025,Cabarrus County,NC,2.0,226396,0.4321,0.36076748,0.399907,-0.03914,1
37027,Caldwell County,NC,3.0,80716,0.6503,0.33842838,0.402409,-0.06398,0
37029,Camden County,NC,2.0,10547,0.2523,0.39407995,0.417579,-0.023499,1
37031,Carteret County,NC,5.0,68353,0.3888,0.38538218,0.434027,-0.048645,3
37033,Caswell County,NC,6.0,22747,0.7302,0.36721775,0.385575,-0.018357,0
37035,Catawba County,NC,3.0,161011,0.6818,0.3590284,0.395493,-0.036464,1
37037,Chatham County,NC,3.0,76754,0.2949,0.37106329,0.451303,-0.080239,3
37039,Cherokee County,NC,6.0,28868,0.3729,0.38522056,0.444171,-0.05895,0
37041,Chowan County,NC,6.0,13835,0.7394,0.36335751,0.373366,-0.010009,0
37043,Clay County,NC,6.0,11186,0.4232,0.39850661,0.434508,-0.036002,3
37045,Cleveland County,NC,5.0,99527,0.8524,0.33788979,0.380503,-0.042613,0
37047,Columbus County,NC,6.0,50827,0.937,0.35793445,0.364314,-0.00638,0
37049,Craven County,NC,5.0,101098,0.8126,0.36391279,0.392753,-0.02884,1
37051,Cumberland County,NC,3.0,335207,0.943,0.348643,0.364596,-0.015953,1
37053,Currituck County,NC,2.0,28616,0.0862,0.4049539,0.444544,-0.03959,3
37055,Dare County,NC,5.0,37160,0.2071,0.42417055,0.46628,-0.04211,3
37057,Davidson County,NC,3.0,169498,0.553,0.3534815,0.395619,-0.042138,0
37059,Davie County,NC,3.0,43030,0.4057,0.3827354,0.413197,-0.030461,3
37061,Duplin County,NC,6.0,49312,0.9144,0.38598624,0.388438,-0.002451,0
37063,Durham County,NC,3.0,325101,0.686,0.33454528,0.390741,-0.056196,1
37065,Edgecombe County,NC,4.0,49067,0.9605,0.32664955,0.332595,-0.005945,0
37067,Forsyth County,NC,3.0,383739,0.8126,0.34521091,0.380736,-0.035525,1
37069,Franklin County,NC,2.0,69680,0.6491,0.36211279,0.398935,-0.036822,0
37071,Gaston County,NC,2.0,228972,0.65,0.34222776,0.385091,-0.042863,1
37073,Gates County,NC,2.0,10509,0.4053,0.39708433,0.401271,-0.004187,0
37075,Graham County,NC,6.0,8047,0.6933,0.37664011,0.410106,-0.033465,0
37077,Granville County,NC,6.0,61161,0.6612,0.34870607,0.3866,-0.037893,0
37079,Greene County,NC,6.0,20407,0.9863,0.34448469,0.369276,-0.024791,0
37081,Guilford County,NC,3.0,539557,0.7865,0.34704563,0.379969,-0.032924,1
37083,Halifax County,NC,5.0,48772,0.987,0.34762263,0.340801,0.006822,0
37085,Harnett County,NC,5.0,134718,0.7372,0.35963923,0.390559,-0.03092,0
37087,Haywood County,NC,5.0,62152,0.3646,0.39143288,0.418019,-0.026586,3
37089,Henderson County,NC,3.0,116469,0.4286,0.39935151,0.431135,-0.031783,3
37091,Hertford County,NC,6.0,21633,0.9427,0.33800054,0.34351,-0.00551,0
37093,Hoke County,NC,3.0,52612,0.8909,0.31604886,0.382827,-0.066778,0
37095,Hyde County,NC,6.0,4636,0.874,0.38218826,0.405777,-0.023589,0
37097,Iredell County,NC,2.0,187839,0.3773,0.35314107,0.400323,-0.047182,1
37099,Jackson County,NC,6.0,42388,0.7862,0.3944768,0.424021,-0.029544,0
37101,Johnston County,NC,2.0,219042,0.5294,0.3823956,0.407697,-0.025302,1
37103,Jones County,NC,5.0,9263,0.6736,0.38130593,0.367152,0.014154,0
37105,Lee County,NC,5.0,63560,0.8953,0.3518683,0.401579,-0.049711,0
37107,Lenoir County,NC,5.0,55071,0.9984,0.3410942,0.366534,-0.02544,0
37109,Lincoln County,NC,2.0,87933,0.2517,0.35843003,0.405401,-0.046971,3
37111,McDowell County,NC,5.0,44629,0.7518,0.36498478,0.412828,-0.047843,0
37113,Macon County,NC,6.0,37088,0.4906,0.41127616,0.428262,-0.016986,3
37115,Madison County,NC,3.0,21414,0.35,0.38602084,0.440831,-0.05481,3
37117,Martin County,NC,6.0,21992,0.9306,0.35411215,0.374871,-0.020759,0
37119,Mecklenburg County,NC,1.0,1115403,0.6115,0.35238239,0.395446,-0.043063,1
37121,Mitchell County,NC,6.0,14989,0.5689,0.4028275,0.420953,-0.018125,3
37123,Montgomery County,NC,6.0,25839,0.7741,0.35185879,0.4088,-0.056941,0
37125,Moore County,NC,4.0,100759,0.3306,0.37288934,0.426649,-0.05376,3
37127,Nash County,NC,4.0,95015,0.8902,0.35913834,0.37056,-0.011421,0
37129,New Hanover County,NC,3.0,228134,0.4289,0.35739514,0.412033,-0.054638,1
37131,Northampton County,NC,5.0,17528,0.8906,0.35076511,0.366816,-0.016051,0
37133,Onslow County,NC,4.0,203686,0.7948,0.37728947,0.389678,-0.012388,1
37135,Orange County,NC,3.0,145919,0.3945,0.38099831,0.446149,-0.065151,1
37137,Pamlico County,NC,5.0,12317,0.5616,0.36943883,0.415047,-0.045608,0
37139,Pasquotank County,NC,5.0,40454,0.7626,0.3657693,0.3744,-0.00863,1
37141,Pender County,NC,3.0,61592,0.5606,0.35985082,0.40192,-0.042069,0
37143,Perquimans County,NC,6.0,13053,0.5921,0.38317636,0.385243,-0.002066,0
37145,Person County,NC,3.0,39131,0.5393,0.35436106,0.386723,-0.032362,0
37147,Pitt County,NC,4.0,171196,0.9001,0.34700641,0.36123,-0.014223,1
37149,Polk County,NC,6.0,19538,0.3583,0.39557654,0.453255,-0.057678,3
37151,Randolph County,NC,3.0,144403,0.6475,0.36547449,0.396678,-0.031203,0
37153,Richmond County,NC,5.0,43149,0.986,0.3423534,0.356621,-0.014268,0
37155,Robeson County,NC,5.0,117573,0.9962,0.32095239,0.360245,-0.039293,0
37157,Rockingham County,NC,3.0,91209,0.8514,0.34036407,0.384841,-0.044477,0
37159,Rowan County,NC,2.0,147067,0.8435,0.34288377,0.397232,-0.054349,0
37161,Rutherford County,NC,5.0,64680,0.8072,0.35316601,0.40275,-0.049584,0
37163,Sampson County,NC,6.0,59317,0.9459,0.35913044,0.382397,-0.023267,0
37165,Scotland County,NC,5.0,34222,0.9959,0.31078675,0.346873,-0.036086,0
37167,Stanly County,NC,5.0,62723,0.6631,0.38184449,0.403659,-0.021814,0
37169,Stokes County,NC,3.0,44696,0.4324,0.38126951,0.409274,-0.028004,0
37171,Surry County,NC,5.0,71429,0.8005,0.37988111,0.396521,-0.01664,0
37173,Swain County,NC,6.0,14130,0.901,0.41320318,0.379016,0.034188,0
37175,Transylvania County,NC,5.0,33131,0.4773,0.37550288,0.451088,-0.075585,3
37177,Tyrrell County,NC,6.0,3389,0.854,0.38698328,0.373379,0.013604,0
37179,Union County,NC,2.0,240109,0.2008,0.38647729,0.439334,-0.052857,1
37181,Vance County,NC,5.0,42492,0.9672,0.32367244,0.342153,-0.01848,0
37183,Wake County,NC,1.0,1132103,0.3621,0.38944823,0.42535,-0.035901,1
37185,Warren County,NC,6.0,18803,0.9879,0.3630234,0.341784,0.021239,0
37187,Washington County,NC,6.0,11051,0.8603,0.36206496,0.354164,0.007901,0
37189,Watauga County,NC,5.0,54540,0.4238,0.41392443,0.442896,-0.028972,1
37191,Wayne County,NC,4.0,117480,0.9564,0.36100566,0.386531,-0.025525,0
37193,Wilkes County,NC,5.0,66125,0.707,0.38364351,0.39948,-0.015836,0
37195,Wilson County,NC,5.0,78667,0.952,0.34435967,0.364918,-0.020559,0
37197,Yadkin County,NC,3.0,37280,0.6233,0.37785372,0.409795,-0.031941,0
37199,Yancey County,NC,6.0,18538,0.5307,0.40745878,0.414958,-0.007499,0
38001,Adams County,ND,6.0,2190,0.2052,0.60065281,0.523759,0.076894,3
38003,Barnes County,ND,6.0,10826,0.1842,0.54493958,0.469342,0.075598,3
38005,Benson County,ND,6.0,5960,0.7426,0.40901139,0.428104,-0.019093,2
38007,Billings County,ND,5.0,839,0.0095,0.6664331,0.546452,0.119981,3
38009,Bottineau County,ND,6.0,6411,0.111,0.60787606,0.511201,0.096675,3
38011,Bowman County,ND,6.0,2975,0.2421,0.67527407,0.482243,0.193031,3
38013,Burke County,ND,6.0,2184,0.0363,0.60976744,0.564474,0.045293,3
38015,Burleigh County,ND,4.0,98443,0.1963,0.52847904,0.465182,0.063297,1
38017,Cass County,ND,3.0,186328,0.2485,0.50574797,0.458433,0.047315,1
38019,Cavalier County,ND,6.0,3691,0.0955,0.60872591,0.52928,0.079446,3
38021,Dickey County,ND,6.0,5003,0.146,0.55667686,0.476514,0.080163,3
38023,Divide County,ND,6.0,2195,0.2768,0.59494144,0.487263,0.107678,3
38025,Dunn County,ND,5.0,4049,0.4104,0.65396267,0.450354,0.203608,3
38027,Eddy County,ND,6.0,2345,0.4082,0.54212493,0.509863,0.032262,3
38029,Emmons County,ND,6.0,3297,0.0506,0.59721714,0.507667,0.089551,3
38031,Foster County,ND,6.0,3388,0.0127,0.5554049,0.545013,0.010392,3
38033,Golden Valley County,ND,6.0,1734,0.1982,0.66217667,0.479592,0.182585,3
38035,Grand Forks County,ND,4.0,72927,0.3198,0.49149635,0.452503,0.038993,1
38037,Grant County,ND,6.0,2320,0.2097,0.66699821,0.508048,0.15895,3
38039,Griggs County,ND,6.0,2309,0.0407,0.57689691,0.523717,0.05318,3
38041,Hettinger County,ND,6.0,2477,0.1495,0.6242677,0.447865,0.176402,3
38043,Kidder County,ND,6.0,2391,0.0321,0.60461605,0.522486,0.08213,3
38045,LaMoure County,ND,6.0,4135,0.0305,0.63800502,0.513473,0.124532,3
38047,Logan County,ND,6.0,1849,0.0754,0.62273419,0.545302,0.077432,3
38049,McHenry County,ND,4.0,5326,0.0907,0.58257997,0.46614,0.11644,3
38051,McIntosh County,ND,6.0,2529,0.1368,0.60909241,0.49887,0.110223,3
38053,McKenzie County,ND,6.0,14081,0.468,0.60262334,0.475313,0.12731,1
38055,McLean County,ND,6.0,9781,0.0662,0.56205195,0.513153,0.048899,3
38057,Mercer County,ND,6.0,8366,0.3296,0.58996195,0.464423,0.125538,3
38059,Morton County,ND,4.0,33192,0.0519,0.54831564,0.504625,0.043691,3
38061,Mountrail County,ND,6.0,9648,0.7156,0.61619556,0.444011,0.172184,3
38063,Nelson County,ND,6.0,3025,0.0468,0.59424508,0.551527,0.042718,3
38065,Oliver County,ND,4.0,1832,0.0808,0.63653177,0.534465,0.102066,3
38067,Pembina County,ND,6.0,6853,0.1206,0.54726171,0.488045,0.059217,3
38069,Pierce County,ND,6.0,3999,0.1155,0.55975586,0.513329,0.046427,3
38071,Ramsey County,ND,6.0,11613,0.4747,0.47914943,0.504425,-0.025275,3
38073,Ransom County,ND,6.0,5663,0.0935,0.57022041,0.47309,0.09713,3
38075,Renville County,ND,4.0,2282,0.0245,0.59162003,0.510044,0.081576,3
38077,Richland County,ND,5.0,16548,0.2459,0.5371114,0.489566,0.047545,3
38079,Rolette County,ND,6.0,12292,0.8934,0.40783581,0.393326,0.01451,2
38081,Sargent County,ND,6.0,3828,0.0251,0.55937701,0.501999,0.057378,3
38083,Sheridan County,ND,6.0,1338,0.0073,0.55257165,0.504074,0.048498,3
38085,Sioux County,ND,6.0,3896,0.9176,0.29265299,0.344017,-0.051364,2
38087,Slope County,ND,6.0,837,0.0134,0.634036,0.487999,0.146037,3
38089,Stark County,ND,5.0,32989,0.3112,0.61402977,0.48577,0.12826,1
38091,Steele County,ND,6.0,1774,0.0299,0.59993035,0.523961,0.075969,3
38093,Stutsman County,ND,5.0,21609,0.4419,0.51168531,0.442753,0.068932,3
38095,Towner County,ND,6.0,2152,0.2297,0.59718144,0.504309,0.092873,3
38097,Traill County,ND,6.0,8004,0.0697,0.54037279,0.51153,0.028843,3
38099,Walsh County,ND,6.0,10553,0.3385,0.52311653,0.476295,0.046821,3
38101,Ward County,ND,4.0,69532,0.2571,0.51160455,0.451861,0.059744,1
38103,Wells County,ND,6.0,3990,0.2437,0.56083184,0.503716,0.057116,3
38105,Williams County,ND,5.0,39076,0.5062,0.58593506,0.46292,0.123015,1
39001,Adams County,OH,6.0,27509,0.6516,0.39219898,0.39091,0.001289,0
39003,Allen County,OH,4.0,102087,0.5673,0.38553444,0.396855,-0.01132,1
39005,Ashland County,OH,5.0,52522,0.3096,0.41905248,0.445261,-0.026209,3
39007,Ashtabula County,OH,2.0,97666,0.8247,0.39432999,0.401267,-0.006937,0
39009,Athens County,OH,5.0,61276,0.5772,0.37717372,0.419698,-0.042525,1
39011,Auglaize County,OH,5.0,46263,0.0261,0.46121737,0.493139,-0.031922,3
39013,Belmont County,OH,4.0,66554,0.3067,0.45004305,0.433568,0.016475,3
39015,Brown County,OH,2.0,43715,0.3691,0.39379054,0.408339,-0.014549,3
39017,Butler County,OH,2.0,388327,0.4346,0.38046479,0.405905,-0.02544,1
39019,Carroll County,OH,3.0,26761,0.3255,0.44049466,0.42992,0.010575,3
39021,Champaign County,OH,5.0,38715,0.1123,0.4016898,0.430915,-0.029225,3
39023,Clark County,OH,4.0,135877,0.6627,0.35597235,0.394786,-0.038814,1
39025,Clermont County,OH,2.0,208851,0.1479,0.39157823,0.423694,-0.032116,1
39027,Clinton County,OH,5.0,42077,0.3038,0.38194147,0.416309,-0.034368,3
39029,Columbiana County,OH,5.0,101723,0.4162,0.41015649,0.420894,-0.010738,3
39031,Coshocton County,OH,5.0,36629,0.6351,0.40520233,0.413127,-0.007925,0
39033,Crawford County,OH,5.0,41861,0.3856,0.39984983,0.409184,-0.009334,3
39035,Cuyahoga County,OH,1.0,1256620,0.7305,0.37082997,0.373721,-0.002891,1
39037,Darke County,OH,5.0,51751,0.0961,0.44691762,0.486782,-0.039865,3
39039,Defiance County,OH,5.0,38300,0.2529,0.42485106,0.432762,-0.007911,3
39041,Delaware County,OH,2.0,216074,0.0239,0.4179261,0.46594,-0.048014,3
39043,Erie County,OH,4.0,75299,0.4015,0.39445868,0.4144,-0.019941,3
39045,Fairfield County,OH,2.0,159371,0.196,0.40479314,0.447215,-0.042422,3
39047,Fayette County,OH,5.0,28901,0.3913,0.36114526,0.403873,-0.042728,0
39049,Franklin County,OH,1.0,1318149,0.6497,0.35954931,0.379389,-0.01984,1
39051,Fulton County,OH,3.0,42602,0.0585,0.44855109,0.469185,-0.020634,3
39053,Gallia County,OH,5.0,29276,0.601,0.38476962,0.407228,-0.022458,0
39055,Geauga County,OH,2.0,95455,0.0961,0.46179065,0.498878,-0.037088,3
39057,Greene County,OH,3.0,167567,0.1658,0.39098755,0.427383,-0.036396,1
39059,Guernsey County,OH,5.0,38409,0.5352,0.41017362,0.398474,0.0117,0
39061,Hamilton County,OH,1.0,827671,0.5908,0.35728714,0.380409,-0.023122,1
39063,Hancock County,OH,5.0,75072,0.1604,0.41571629,0.44647,-0.030754,3
39065,Hardin County,OH,6.0,30622,0.5177,0.41803193,0.426156,-0.008124,3
39067,Harrison County,OH,6.0,14528,0.5262,0.45762932,0.424083,0.033546,3
39069,Henry County,OH,6.0,27601,0.0977,0.43026096,0.466096,-0.035835,3
39071,Highland County,OH,6.0,43285,0.4763,0.38546002,0.418904,-0.033444,3
39073,Hocking County,OH,2.0,28104,0.4976,0.3772597,0.394773,-0.017513,0
39075,Holmes County,OH,6.0,44273,0.3923,0.49072292,0.48397,0.006753,2
39077,Huron County,OH,5.0,58518,0.301,0.41689321,0.41366,0.003234,3
39079,Jackson County,OH,6.0,32563,0.5663,0.38034827,0.405522,-0.025174,0
39081,Jefferson County,OH,4.0,65280,0.433,0.39747748,0.428423,-0.030945,3
39083,Knox County,OH,5.0,62657,0.2822,0.42708007,0.461876,-0.034796,3
39085,Lake County,OH,2.0,232236,0.1438,0.4290207,0.450621,-0.0216,3
39087,Lawrence County,OH,3.0,57994,0.3672,0.38641745,0.392075,-0.005657,0
39089,Licking County,OH,2.0,178844,0.2256,0.39122725,0.454532,-0.063304,3
39091,Logan County,OH,5.0,46098,0.1578,0.40209234,0.45106,-0.048967,3
39093,Lorain County,OH,2.0,313101,0.4499,0.37649828,0.405229,-0.028731,1
39095,Lucas County,OH,3.0,430014,0.678,0.36965272,0.372189,-0.002537,1
39097,Madison County,OH,2.0,43961,0.195,0.39949957,0.418123,-0.018624,3
39099,Mahoning County,OH,3.0,227979,0.6179,0.39553118,0.388107,0.007424,1
39101,Marion County,OH,5.0,65366,0.6443,0.37055796,0.377462,-0.006904,1
39103,Medina County,OH,2.0,182347,0.0111,0.44577429,0.476371,-0.030597,3
39105,Meigs County,OH,6.0,22242,0.5848,0.40929213,0.409053,0.000239,0
39107,Mercer County,OH,5.0,42321,0.0223,0.50767016,0.542681,-0.035011,3
39109,Miami County,OH,3.0,108818,0.0643,0.40883115,0.470307,-0.061476,3
39111,Monroe County,OH,6.0,13401,0.4263,0.46696314,0.409126,0.057837,3
39113,Montgomery County,OH,3.0,536121,0.6904,0.35244924,0.384353,-0.031903,1
39115,Morgan County,OH,6.0,13851,0.5425,0.41496205,0.414751,0.000211,0
39117,Morrow County,OH,2.0,35049,0.1486,0.4112598,0.43917,-0.027911,3
39119,Muskingum County,OH,5.0,86393,0.511,0.38859117,0.399161,-0.01057,1
39121,Noble County,OH,6.0,14216,0.5902,0.4678086,0.412231,0.055578,0
39123,Ottawa County,OH,4.0,40367,0.105,0.44229507,0.45334,-0.011045,3
39125,Paulding County,OH,6.0,18827,0.1387,0.44101414,0.424163,0.016852,3
39127,Perry County,OH,2.0,35451,0.3688,0.39326105,0.412279,-0.019018,3
39129,Pickaway County,OH,2.0,58809,0.3592,0.37660342,0.405402,-0.028798,3
39131,Pike County,OH,6.0,27151,0.6701,0.35646042,0.397454,-0.040993,0
39133,Portage County,OH,3.0,161217,0.3293,0.42117682,0.4291,-0.007923,1
39135,Preble County,OH,6.0,40929,0.0328,0.41515416,0.453402,-0.038248,3
39137,Putnam County,OH,6.0,34400,0.0102,0.49139604,0.533916,-0.04252,3
39139,Richland County,OH,4.0,125008,0.5329,0.38115731,0.417976,-0.036818,1
39141,Ross County,OH,5.0,76957,0.5931,0.35819083,0.393163,-0.034972,0
39143,Sandusky County,OH,5.0,58885,0.2622,0.40432855,0.435192,-0.030863,3
39145,Scioto County,OH,5.0,73716,0.7474,0.3736333,0.405129,-0.031495,0
39147,Seneca County,OH,5.0,55062,0.2265,0.42119062,0.42905,-0.007859,3
39149,Shelby County,OH,5.0,48145,0.1467,0.41735759,0.439693,-0.022335,3
39151,Stark County,OH,3.0,374199,0.3147,0.38796362,0.422155,-0.034191,3
39153,Summit County,OH,3.0,539361,0.4407,0.37792158,0.396098,-0.018176,1
39155,Trumbull County,OH,3.0,201749,0.5533,0.38957953,0.404664,-0.015084,3
39157,Tuscarawas County,OH,5.0,92840,0.4216,0.43418533,0.426193,0.007992,3
39159,Union County,OH,2.0,63411,0.0172,0.4285728,0.481155,-0.052583,3
39161,Van Wert County,OH,5.0,28833,0.0449,0.41937512,0.458944,-0.039569,3
39163,Vinton County,OH,6.0,12790,0.3595,0.37919411,0.40398,-0.024786,0
39165,Warren County,OH,2.0,243189,0.0461,0.41896614,0.467925,-0.048958,3
39167,Washington County,OH,5.0,59639,0.3274,0.41751724,0.425922,-0.008405,3
39169,Wayne County,OH,5.0,116680,0.4123,0.42640829,0.438435,-0.012027,3
39171,Williams County,OH,6.0,36973,0.1785,0.41591343,0.444168,-0.028254,3
39173,Wood County,OH,3.0,131564,0.1562,0.43317854,0.455288,-0.022109,1
39175,Wyandot County,OH,6.0,21818,0.0487,0.44222394,0.487221,-0.044997,3
40001,Adair County,OK,6.0,19726,0.9472,0.37219724,0.365921,0.006276,0
40003,Alfalfa County,OK,6.0,5683,0.3048,0.54114109,0.430981,0.11016,3
40005,Atoka County,OK,6.0,14117,0.8556,0.42263991,0.397105,0.025535,0
40007,Beaver County,OK,6.0,5071,0.4034,0.5149886,0.477463,0.037526,3
40009,Beckham County,OK,5.0,22295,0.8403,0.47868913,0.393849,0.08484,0
40011,Blaine County,OK,6.0,8661,0.7553,0.45460588,0.438525,0.016081,0
40013,Bryan County,OK,5.0,46528,0.8416,0.41218403,0.391813,0.020371,0
40015,Caddo County,OK,6.0,26910,0.8705,0.4012939,0.429234,-0.02794,0
40017,Canadian County,OK,2.0,156681,0.3433,0.45771703,0.429605,0.028112,1
40019,Carter County,OK,5.0,48202,0.7751,0.40885973,0.396113,0.012747,0
40021,Cherokee County,OK,5.0,47412,0.9236,0.39319366,0.37611,0.017084,0
40023,Choctaw County,OK,6.0,14285,0.9485,0.39524904,0.378354,0.016895,0
40025,Cimarron County,OK,6.0,2272,0.3134,0.55483091,0.469664,0.085167,3
40027,Cleveland County,OK,2.0,295060,0.5527,0.4452267,0.390025,0.055201,1
40029,Coal County,OK,6.0,5287,0.8358,0.46106499,0.415685,0.04538,0
40031,Comanche County,OK,4.0,121777,0.9211,0.40641379,0.361012,0.045402,1
40033,Cotton County,OK,4.0,5537,0.3859,0.42786252,0.441298,-0.013435,0
40035,Craig County,OK,6.0,14144,0.9316,0.42418855,0.377462,0.046727,0
40037,Creek County,OK,2.0,72076,0.5205,0.40695789,0.400744,0.006214,3
40039,Custer County,OK,5.0,28391,0.7607,0.4671948,0.417893,0.049302,1
40041,Delaware County,OK,6.0,40791,0.7878,0.40095812,0.386494,0.014464,0
40043,Dewey County,OK,6.0,4504,0.3347,0.55368984,0.470123,0.083567,3
40045,Ellis County,OK,6.0,3755,0.5323,0.55168778,0.453431,0.098257,3
40047,Garfield County,OK,4.0,62456,0.7706,0.42931393,0.406638,0.022676,1
40049,Garvin County,OK,6.0,25806,0.546,0.43666449,0.425774,0.010891,0
40051,Grady County,OK,2.0,55314,0.434,0.44469231,0.416714,0.027979,3
40053,Grant County,OK,6.0,4152,0.2208,0.55995536,0.494405,0.065551,3
40055,Greer County,OK,6.0,5531,0.727,0.4684273,0.395296,0.073132,0
40057,Harmon County,OK,6.0,2499,0.7572,0.44340447,0.438291,0.005114,0
40059,Harper County,OK,6.0,3272,0.4028,0.55345017,0.47878,0.07467,3
40061,Haskell County,OK,6.0,11651,0.8387,0.43947428,0.397467,0.042007,0
40063,Hughes County,OK,6.0,13409,0.7945,0.41900942,0.401197,0.017812,0
40065,Jackson County,OK,5.0,24776,0.6981,0.412159,0.393949,0.01821,1
40067,Jefferson County,OK,6.0,5420,0.8056,0.45618045,0.396998,0.059183,0
40069,Johnston County,OK,6.0,10410,0.875,0.45212707,0.397737,0.05439,0
40071,Kay County,OK,5.0,43859,0.8549,0.41981897,0.381964,0.037855,0
40073,Kingfisher County,OK,6.0,15290,0.398,0.50138658,0.46601,0.035377,3
40075,Kiowa County,OK,6.0,8446,0.741,0.41350058,0.397559,0.015942,0
40077,Latimer County,OK,6.0,9537,0.8396,0.4436385,0.395496,0.048143,0
40079,Le Flore County,OK,6.0,48525,0.924,0.42284662,0.394439,0.028408,0
40081,Lincoln County,OK,2.0,33734,0.4101,0.41846341,0.424305,-0.005842,0
40083,Logan County,OK,2.0,49919,0.3003,0.43208331,0.428192,0.003891,3
40085,Love County,OK,6.0,10158,0.7961,0.43161821,0.414629,0.01699,0
40087,McClain County,OK,2.0,42393,0.2991,0.4474071,0.426547,0.02086,3
40089,McCurtain County,OK,6.0,31003,0.8976,0.39818236,0.400807,-0.002624,0
40091,McIntosh County,OK,6.0,19159,0.7528,0.40368307,0.388712,0.014971,0
40093,Major County,OK,6.0,7678,0.3579,0.54057884,0.502846,0.037733,3
40095,Marshall County,OK,6.0,15494,0.8769,0.44199634,0.396257,0.045739,0
40097,Mayes County,OK,6.0,39324,0.7499,0.41728821,0.396748,0.02054,0
40099,Murray County,OK,6.0,13837,0.5775,0.44852561,0.436775,0.011751,0
40101,Muskogee County,OK,5.0,66606,0.9774,0.37940943,0.371209,0.0082,0
40103,Noble County,OK,6.0,10981,0.4458,0.45607072,0.455945,0.000126,3
40105,Nowata County,OK,6.0,9460,0.6529,0.43428656,0.405528,0.028759,0
40107,Okfuskee County,OK,6.0,11349,0.8715,0.4236981,0.384826,0.038873,0
40109,Oklahoma County,OK,1.0,795822,0.8431,0.39040723,0.391217,-0.00081,1
40111,Okmulgee County,OK,2.0,36900,0.922,0.40083519,0.383256,0.017579,0
40113,Osage County,OK,2.0,46004,0.6207,0.40893736,0.402224,0.006713,0
40115,Ottawa County,OK,5.0,30472,0.9252,0.4104107,0.383313,0.027097,0
40117,Pawnee County,OK,2.0,15682,0.4979,0.44137794,0.412383,0.028995,0
40119,Payne County,OK,5.0,82058,0.6408,0.44410369,0.411818,0.032285,1
40121,Pittsburg County,OK,5.0,43758,0.868,0.41143885,0.395279,0.01616,0
40123,Pontotoc County,OK,5.0,38116,0.6561,0.41975871,0.396174,0.023585,0
40125,Pottawatomie County,OK,5.0,72734,0.7496,0.39618239,0.389752,0.00643,0
40127,Pushmataha County,OK,6.0,10845,0.8896,0.42017487,0.395036,0.025138,0
40129,Roger Mills County,OK,6.0,3423,0.2835,0.53446668,0.474616,0.05985,3
40131,Rogers County,OK,2.0,95870,0.3878,0.43768945,0.415786,0.021903,3
40133,Seminole County,OK,6.0,23592,0.9523,0.39502406,0.382136,0.012888,0
40135,Sequoyah County,OK,4.0,39538,0.8183,0.39765969,0.381086,0.016573,0
40137,Stephens County,OK,5.0,43140,0.6892,0.44099784,0.416877,0.02412,0
40139,Texas County,OK,5.0,21144,0.9084,0.45647657,0.430498,0.025979,2
40141,Tillman County,OK,6.0,7013,0.9125,0.42468703,0.40945,0.015237,0
40143,Tulsa County,OK,1.0,668923,0.7846,0.39612219,0.390881,0.005241,1
40145,Wagoner County,OK,2.0,82269,0.4489,0.42081404,0.415427,0.005387,3
40147,Washington County,OK,5.0,52579,0.5867,0.41702858,0.402708,0.01432,3
40149,Washita County,OK,5.0,10930,0.5947,0.48955998,0.412064,0.077496,3
40151,Woods County,OK,6.0,8661,0.5584,0.49329129,0.421522,0.07177,3
40153,Woodward County,OK,5.0,20411,0.7611,0.46807864,0.427127,0.040952,0
41001,Baker County,OR,5.0,16685,0.4811,0.43905511,0.436555,0.0025,3
41003,Benton County,OR,4.0,95615,0.5005,0.44519559,0.449394,-0.004198,1
41005,Clackamas County,OR,2.0,420925,0.3023,0.43468857,0.430216,0.004473,1
41007,Clatsop County,OR,5.0,41190,0.5813,0.42897701,0.429581,-0.000604,3
41009,Columbia County,OR,2.0,52865,0.2453,0.41779009,0.405942,0.011848,3
41011,Coos County,OR,5.0,64908,0.7661,0.40548992,0.42162,-0.01613,0
41013,Crook County,OR,3.0,24987,0.356,0.41163138,0.411311,0.000321,3
41015,Curry County,OR,5.0,23404,0.6067,0.41694099,0.432659,-0.015718,3
41017,Deschutes County,OR,3.0,199352,0.2634,0.43062332,0.443029,-0.012406,3
41019,Douglas County,OR,5.0,111322,0.6487,0.4076106,0.428485,-0.020875,0
41021,Gilliam County,OR,6.0,1983,0.5282,0.42011762,0.437789,-0.017671,3
41023,Grant County,OR,6.0,7237,0.5784,0.4696677,0.418636,0.051031,3
41025,Harney County,OR,6.0,7496,0.8034,0.41838452,0.418426,-4.2e-05,0
41027,Hood River County,OR,5.0,23965,0.7111,0.44208935,0.428065,0.014025,1
41029,Jackson County,OR,4.0,222604,0.7025,0.40990344,0.421317,-0.011413,1
41031,Jefferson County,OR,3.0,24659,0.9278,0.39144856,0.396091,-0.004642,0
41033,Josephine County,OR,4.0,87994,0.7817,0.41580522,0.424685,-0.00888,0
41035,Klamath County,OR,5.0,69506,0.8438,0.41477308,0.410832,0.003941,0
41037,Lake County,OR,6.0,8201,0.8517,0.46085563,0.422674,0.038182,0
41039,Lane County,OR,3.0,382218,0.7375,0.40850973,0.418157,-0.009647,1
41041,Lincoln County,OR,5.0,50334,0.7165,0.40164706,0.426966,-0.025319,0
41043,Linn County,OR,4.0,128598,0.6586,0.40478057,0.420758,-0.015978,1
41045,Malheur County,OR,5.0,31538,0.9908,0.42200261,0.410171,0.011832,2
41047,Marion County,OR,3.0,345815,0.902,0.39765701,0.410236,-0.012579,1
41049,Morrow County,OR,5.0,12140,0.7735,0.45956939,0.435631,0.023939,2
41051,Multnomah County,OR,1.0,808098,0.5927,0.40287063,0.410584,-0.007713,1
41053,Polk County,OR,3.0,87600,0.6395,0.4172501,0.418086,-0.000836,1
41055,Sherman County,OR,6.0,1900,0.3376,0.42530939,0.427269,-0.001959,3
41057,Tillamook County,OR,6.0,27345,0.6507,0.42598352,0.433266,-0.007282,3
41059,Umatilla County,OR,5.0,79904,0.9259,0.41691139,0.417327,-0.000416,1
41061,Union County,OR,5.0,26286,0.7187,0.44449237,0.441835,0.002658,3
41063,Wallowa County,OR,6.0,7439,0.4461,0.47885618,0.455636,0.02322,3
41065,Wasco County,OR,5.0,26639,0.8937,0.42248067,0.418698,0.003783,0
41067,Washington County,OR,2.0,599541,0.3703,0.4319689,0.43288,-0.000911,1
41069,Wheeler County,OR,6.0,1407,0.2479,0.49662483,0.431494,0.065131,3
41071,Yamhill County,OR,2.0,107674,0.7232,0.41647947,0.418675,-0.002195,1
42001,Adams County,PA,4.0,104604,0.21,0.45563412,0.435818,0.019816,3
42003,Allegheny County,PA,1.0,1245310,0.314,0.42562932,0.418573,0.007056,1
42005,Armstrong County,PA,2.0,65538,0.132,0.46521413,0.444376,0.020839,3
42007,Beaver County,PA,2.0,167629,0.2386,0.43636879,0.439557,-0.003188,3
42009,Bedford County,PA,6.0,47613,0.1868,0.44124061,0.41914,0.022101,3
42011,Berks County,PA,3.0,428483,0.6659,0.42438889,0.414114,0.010275,1
42013,Blair County,PA,4.0,122640,0.3108,0.42264315,0.435879,-0.013236,3
42015,Bradford County,PA,5.0,60159,0.3754,0.45534164,0.437699,0.017643,3
42017,Bucks County,PA,2.0,645163,0.1317,0.46760008,0.442964,0.024636,3
42019,Butler County,PA,2.0,194562,0.0786,0.46316692,0.451633,0.011534,3
42021,Cambria County,PA,4.0,133263,0.3605,0.45576891,0.440191,0.015578,3
42023,Cameron County,PA,6.0,4536,0.4734,0.41122991,0.421895,-0.010665,0
42025,Carbon County,PA,3.0,65018,0.2895,0.45852551,0.429833,0.028692,3
42027,Centre County,PA,4.0,158665,0.3344,0.45282644,0.46266,-0.009834,1
42029,Chester County,PA,2.0,536474,0.1244,0.44793132,0.46803,-0.020099,1
42031,Clarion County,PA,6.0,37489,0.315,0.48216233,0.429185,0.052977,3
42033,Clearfield County,PA,5.0,79707,0.5017,0.4492628,0.422382,0.026881,3
42035,Clinton County,PA,5.0,37860,0.5409,0.43444613,0.416428,0.018018,3
42037,Columbia County,PA,5.0,64924,0.2813,0.44238836,0.434322,0.008066,3
42039,Crawford County,PA,5.0,83876,0.5842,0.43910643,0.426843,0.012264,3
42041,Cumberland County,PA,3.0,261269,0.2068,0.45088053,0.435941,0.01494,3
42043,Dauphin County,PA,3.0,286108,0.5476,0.38839087,0.392045,-0.003655,1
42045,Delaware County,PA,2.0,575312,0.5654,0.43458602,0.39633,0.038256,1
42047,Elk County,PA,5.0,30886,0.0824,0.45062852,0.452498,-0.001869,3
42049,Erie County,PA,3.0,270495,0.6242,0.40761742,0.405804,0.001813,1
42051,Fayette County,PA,2.0,128417,0.5224,0.43283102,0.415779,0.017052,3
42053,Forest County,PA,6.0,6959,0.5072,0.43540964,0.416915,0.018494,0
42055,Franklin County,PA,4.0,156084,0.3194,0.43874699,0.417347,0.0214,3
42057,Fulton County,PA,6.0,14545,0.1184,0.44503301,0.417721,0.027312,3
42059,Greene County,PA,6.0,35781,0.342,0.47509074,0.424738,0.050353,3
42061,Huntingdon County,PA,5.0,44123,0.3481,0.44995984,0.432659,0.017301,3
42063,Indiana County,PA,5.0,83394,0.4528,0.48686141,0.42906,0.057801,3
42065,Jefferson County,PA,6.0,44326,0.3745,0.46141005,0.44093,0.02048,3
42067,Juniata County,PA,6.0,23535,0.4846,0.46377292,0.448641,0.015132,3
42069,Lackawanna County,PA,3.0,215672,0.5558,0.44802672,0.414292,0.033735,1
42071,Lancaster County,PA,3.0,553202,0.5399,0.44070688,0.433537,0.00717,1
42073,Lawrence County,PA,2.0,85907,0.5151,0.43707779,0.420465,0.016612,3
42075,Lebanon County,PA,4.0,143258,0.6176,0.44392481,0.425798,0.018127,3
42077,Lehigh County,PA,3.0,374110,0.734,0.43312383,0.401387,0.031737,1
42079,Luzerne County,PA,3.0,325396,0.6942,0.44204918,0.406654,0.035395,1
42081,Lycoming County,PA,4.0,114022,0.5091,0.43198708,0.419248,0.01274,3
42083,McKean County,PA,5.0,40459,0.3188,0.43958393,0.44519,-0.005606,3
42085,Mercer County,PA,5.0,110600,0.5278,0.42376709,0.426371,-0.002604,3
42087,Mifflin County,PA,5.0,46146,0.5934,0.42336681,0.430796,-0.007429,3
42089,Monroe County,PA,5.0,168128,0.4136,0.4337526,0.406112,0.02764,1
42091,Montgomery County,PA,2.0,856399,0.2119,0.46882311,0.448277,0.020546,1
42093,Montour County,PA,5.0,18165,0.3818,0.4370366,0.471615,-0.034578,3
42095,Northampton County,PA,3.0,314299,0.4038,0.43258461,0.425714,0.006871,1
42097,Northumberland County,PA,5.0,91340,0.4206,0.45474944,0.429319,0.02543,3
42099,Perry County,PA,3.0,45941,0.1737,0.42804828,0.424687,0.003361,3
42101,Philadelphia County,PA,1.0,1593208,0.9465,0.36610064,0.36997,-0.003869,1
42103,Pike County,PA,5.0,58996,0.2405,0.46349388,0.43514,0.028354,3
42105,Potter County,PA,6.0,16390,0.405,0.46325719,0.427628,0.035629,3
42107,Schuylkill County,PA,5.0,143201,0.4928,0.44971392,0.425017,0.024697,3
42109,Snyder County,PA,5.0,39797,0.2819,0.44214579,0.458225,-0.016079,3
42111,Somerset County,PA,5.0,73802,0.3618,0.45376033,0.433538,0.020222,3
42113,Sullivan County,PA,6.0,5880,0.2444,0.53044689,0.44631,0.084137,3
42115,Susquehanna County,PA,6.0,38540,0.1814,0.45959121,0.430469,0.029122,3
42117,Tioga County,PA,6.0,41186,0.2975,0.47293359,0.431472,0.041461,3
42119,Union County,PA,5.0,42908,0.4531,0.47548053,0.435618,0.039862,3
42121,Venango County,PA,5.0,50475,0.3656,0.41739526,0.429466,-0.012071,3
42123,Warren County,PA,5.0,38492,0.153,0.42634737,0.45382,-0.027472,3
42125,Washington County,PA,2.0,209631,0.1648,0.46436018,0.449588,0.014772,3
42127,Wayne County,PA,6.0,51227,0.3952,0.47583526,0.446512,0.029324,3
42129,Westmoreland County,PA,2.0,354414,0.1091,0.46299458,0.451741,0.011253,3
42131,Wyoming County,PA,3.0,26219,0.0872,0.47153375,0.449223,0.022311,3
42133,York County,PA,3.0,457051,0.3379,0.42114979,0.41408,0.00707,1
44001,Bristol County,RI,2.0,50658,0.1327,0.46408543,0.460824,0.003262,3
44003,Kent County,RI,2.0,170168,0.2116,0.43465173,0.427359,0.007293,1
44005,Newport County,RI,2.0,85442,0.2787,0.42680976,0.445166,-0.018356,3
44007,Providence County,RI,1.0,657984,0.8097,0.42099854,0.398189,0.022809,1
44009,Washington County,RI,2.0,129998,0.1324,0.44308859,0.459862,-0.016774,3
45001,Abbeville County,SC,5.0,24368,0.5988,0.36302206,0.393026,-0.030004,0
45003,Aiken County,SC,3.0,169865,0.6322,0.36505768,0.38741,-0.022353,0
45005,Allendale County,SC,6.0,8073,0.9955,0.3140409,0.335043,-0.021002,0
45007,Anderson County,SC,3.0,204592,0.6303,0.35749573,0.397546,-0.040051,0
45009,Bamberg County,SC,6.0,13311,0.958,0.32871559,0.341731,-0.013016,0
45011,Barnwell County,SC,6.0,20653,0.9612,0.33685982,0.353509,-0.016649,0
45013,Beaufort County,SC,4.0,189071,0.469,0.37319136,0.421544,-0.048353,3
45015,Berkeley County,SC,3.0,231419,0.5447,0.37994879,0.388831,-0.008882,1
45017,Calhoun County,SC,3.0,14145,0.7273,0.3568759,0.376878,-0.020002,0
45019,Charleston County,SC,3.0,409840,0.4343,0.36443993,0.404757,-0.040317,1
45021,Cherokee County,SC,5.0,56200,0.7798,0.33409831,0.38303,-0.048931,0
45023,Chester County,SC,2.0,32171,0.7047,0.33758575,0.37735,-0.039764,0
45025,Chesterfield County,SC,6.0,43536,0.9462,0.34973195,0.377074,-0.027342,0
45027,Clarendon County,SC,6.0,31163,0.9691,0.35901266,0.354742,0.004271,0
45029,Colleton County,SC,6.0,38561,0.966,0.3594847,0.374066,-0.014581,0
45031,Darlington County,SC,4.0,63025,0.8921,0.3379581,0.366362,-0.028404,0
45033,Dillon County,SC,6.0,28255,0.9745,0.3288188,0.361493,-0.032674,0
45035,Dorchester County,SC,3.0,162139,0.6306,0.38715836,0.391021,-0.003863,1
45037,Edgefield County,SC,3.0,26181,0.8476,0.34676284,0.380386,-0.033623,0
45039,Fairfield County,SC,3.0,20942,0.8893,0.32955003,0.364574,-0.035024,0
45041,Florence County,SC,4.0,137015,0.8256,0.35022402,0.367145,-0.016921,0
45043,Georgetown County,SC,5.0,63594,0.5301,0.3506048,0.395723,-0.045118,0
45045,Greenville County,SC,3.0,528251,0.6246,0.36447281,0.395633,-0.031161,1
45047,Greenwood County,SC,5.0,69309,0.8466,0.34375152,0.372969,-0.029218,0
45049,Hampton County,SC,6.0,18890,0.9621,0.34773338,0.348025,-0.000292,0
45051,Horry County,SC,3.0,356578,0.7022,0.36631173,0.40174,-0.035428,1
45053,Jasper County,SC,4.0,29444,0.8829,0.33272314,0.3983,-0.065577,0
45055,Kershaw County,SC,3.0,65779,0.4782,0.36409491,0.387724,-0.023629,0
45057,Lancaster County,SC,2.0,97611,0.4575,0.342426,0.417517,-0.075091,3
45059,Laurens County,SC,3.0,67456,0.8947,0.34825429,0.372636,-0.024382,0
45061,Lee County,SC,6.0,16557,0.9704,0.33804891,0.347139,-0.00909,0
45063,Lexington County,SC,3.0,295934,0.4855,0.38097638,0.394921,-0.013945,1
45065,McCormick County,SC,6.0,9612,0.6087,0.34233049,0.388288,-0.045958,0
45067,Marion County,SC,6.0,29212,0.8753,0.33668154,0.350797,-0.014116,0
45069,Marlboro County,SC,6.0,26585,0.9405,0.32818368,0.343564,-0.015381,0
45071,Newberry County,SC,5.0,37918,0.8027,0.36509457,0.37961,-0.014515,0
45073,Oconee County,SC,5.0,78775,0.6968,0.37738848,0.403924,-0.026536,0
45075,Orangeburg County,SC,5.0,84159,0.9516,0.34816667,0.341172,0.006994,0
45077,Pickens County,SC,3.0,131106,0.5717,0.36054209,0.408133,-0.047591,0
45079,Richland County,SC,3.0,416161,0.7922,0.33710688,0.361026,-0.023919,1
45081,Saluda County,SC,3.0,18952,0.8228,0.3638905,0.397665,-0.033775,0
45083,Spartanburg County,SC,3.0,330119,0.7486,0.35413489,0.392121,-0.037986,1
45085,Sumter County,SC,4.0,105199,0.8762,0.35542685,0.352193,0.003234,0
45087,Union County,SC,3.0,27158,0.9173,0.34257308,0.373791,-0.031217,0
45089,Williamsburg County,SC,6.0,30879,0.9634,0.3518706,0.354803,-0.002932,0
45091,York County,SC,2.0,282987,0.3436,0.35804442,0.403135,-0.04509,1
46003,Aurora County,SD,6.0,2590,0.104,0.56149024,0.539083,0.022407,3
46005,Beadle County,SD,5.0,19089,0.7289,0.48727971,0.464008,0.023272,1
46007,Bennett County,SD,6.0,3391,0.811,0.42284983,0.414847,0.008003,2
46009,Bon Homme County,SD,6.0,7018,0.1899,0.56463987,0.46515,0.09949,3
46011,Brookings County,SD,5.0,34631,0.154,0.53063548,0.482934,0.047701,1
46013,Brown County,SD,5.0,38278,0.2669,0.50886953,0.481018,0.027852,1
46015,Brule County,SD,6.0,5247,0.3872,0.54367548,0.442571,0.101105,3
46017,Buffalo County,SD,6.0,1859,0.9892,0.35297927,0.336992,0.015987,2
46019,Butte County,SD,6.0,10369,0.5431,0.4887557,0.421601,0.067155,3
46021,Campbell County,SD,6.0,1534,0.0878,0.64075756,0.466104,0.174654,3
46023,Charles Mix County,SD,6.0,9302,0.6777,0.49512973,0.44034,0.05479,1
46025,Clark County,SD,6.0,3837,0.3659,0.58590591,0.486101,0.099805,3
46027,Clay County,SD,5.0,14953,0.6367,0.49118146,0.421863,0.069318,1
46029,Codington County,SD,5.0,28402,0.2415,0.49549243,0.509148,-0.013655,3
46031,Corson County,SD,6.0,3906,0.7324,0.4951005,0.38627,0.108831,2
46033,Custer County,SD,4.0,8515,0.2937,0.5225113,0.479923,0.042588,3
46035,Davison County,SD,5.0,19966,0.3742,0.49640808,0.49343,0.002978,3
46037,Day County,SD,6.0,5485,0.1282,0.52431262,0.50795,0.016363,3
46039,Deuel County,SD,6.0,4298,0.0213,0.55837452,0.563684,-0.005309,3
46041,Dewey County,SD,6.0,5275,0.8263,0.32285646,0.402368,-0.079511,2
46043,Douglas County,SD,6.0,2823,0.3166,0.62231493,0.525107,0.097208,3
46045,Edmunds County,SD,5.0,4014,0.0258,0.63141114,0.539245,0.092166,3
46047,Fall River County,SD,6.0,7079,0.6277,0.48048779,0.460492,0.019996,3
46049,Faulk County,SD,6.0,2140,0.3627,0.57583451,0.512325,0.063509,3
46051,Grant County,SD,6.0,7533,0.231,0.52377838,0.498122,0.025657,3
46053,Gregory County,SD,6.0,3983,0.1817,0.57165724,0.493935,0.077722,3
46055,Haakon County,SD,6.0,1755,0.2389,0.58954352,0.535753,0.053791,3
46057,Hamlin County,SD,6.0,6196,0.1336,0.55332106,0.504351,0.04897,3
46059,Hand County,SD,6.0,3075,0.048,0.58249176,0.555267,0.027225,3
46061,Hanson County,SD,5.0,3443,0.0003,0.57912052,0.536552,0.042568,3
46063,Harding County,SD,6.0,1176,0.0264,0.68827528,0.492218,0.196057,3
46065,Hughes County,SD,5.0,17812,0.3013,0.45549461,0.49564,-0.040146,3
46067,Hutchinson County,SD,6.0,7401,0.1209,0.60897982,0.563363,0.045617,3
46069,Hyde County,SD,6.0,1319,0.0153,0.56090772,0.527854,0.033054,3
46071,Jackson County,SD,6.0,2838,0.9771,0.48445693,0.353098,0.131359,2
46073,Jerauld County,SD,6.0,1836,0.1976,0.58494878,0.509829,0.07512,3
46075,Jones County,SD,6.0,1006,0.2036,0.44659027,0.498083,-0.051493,3
46077,Kingsbury County,SD,6.0,5172,0.1114,0.58351773,0.531718,0.0518,3
46079,Lake County,SD,6.0,11207,0.09,0.54938751,0.518688,0.0307,3
46081,Lawrence County,SD,5.0,26047,0.3449,0.5049876,0.498115,0.006873,3
46083,Lincoln County,SD,3.0,65801,0.0309,0.51451063,0.50502,0.009491,3
46085,Lyman County,SD,6.0,3719,0.867,0.39020699,0.403283,-0.013076,0
46087,McCook County,SD,3.0,5714,0.0366,0.5833137,0.534239,0.049074,3
46089,McPherson County,SD,6.0,2251,0.1788,0.57158643,0.497006,0.074581,3
46091,Marshall County,SD,6.0,4363,0.1193,0.51115954,0.524281,-0.013121,3
46093,Meade County,SD,4.0,29970,0.1744,0.47256964,0.466768,0.005801,3
46095,Mellette County,SD,6.0,1989,0.8552,0.48796114,0.391631,0.09633,2
46097,Miner County,SD,6.0,2312,0.2154,0.56584352,0.513321,0.052523,3
46099,Minnehaha County,SD,3.0,197742,0.3748,0.45521829,0.460873,-0.005654,1
46101,Moody County,SD,6.0,6346,0.2431,0.50789303,0.494924,0.012969,3
46102,Oglala Lakota County,SD,6.0,13695,0.9545,0.24840364,0.290421,-0.042017,2
46103,Pennington County,SD,4.0,110386,0.5539,0.42782056,0.422843,0.004977,1
46105,Perkins County,SD,6.0,2970,0.3417,0.55530196,0.474712,0.08059,3
46107,Potter County,SD,6.0,2587,0.0296,0.55808425,0.534712,0.023373,3
46109,Roberts County,SD,6.0,10242,0.6694,0.45691672,0.407036,0.049881,0
46111,Sanborn County,SD,5.0,2373,0.167,0.55815685,0.533089,0.025068,3
46115,Spink County,SD,6.0,6355,0.1381,0.57105494,0.519952,0.051103,3
46117,Stanley County,SD,5.0,2979,0.0452,0.52386951,0.537928,-0.014059,3
46119,Sully County,SD,6.0,1318,0.027,0.62413061,0.507776,0.116355,3
46121,Todd County,SD,6.0,9353,0.9475,0.30178499,0.29094,0.010845,2
46123,Tripp County,SD,6.0,5607,0.6236,0.52794182,0.449952,0.07799,3
46125,Turner County,SD,3.0,8687,0.0725,0.57038289,0.535298,0.035085,3
46127,Union County,SD,4.0,16700,0.0627,0.52143943,0.462595,0.058844,3
46129,Walworth County,SD,6.0,5317,0.5024,0.49720278,0.446857,0.050346,3
46135,Yankton County,SD,5.0,23311,0.2014,0.49434793,0.508717,-0.014369,3
46137,Ziebach County,SD,6.0,2455,0.8842,0.38368574,0.349656,0.03403,2
47001,Anderson County,TN,3.0,77337,0.6363,0.38087597,0.40152,-0.020644,3
47003,Bedford County,TN,5.0,50533,0.7261,0.38758874,0.397747,-0.010158,0
47005,Benton County,TN,6.0,15933,0.4508,0.37248281,0.419369,-0.046886,0
47007,Bledsoe County,TN,6.0,14816,0.6997,0.41126662,0.394306,0.016961,0
47009,Blount County,TN,3.0,135951,0.2313,0.37461588,0.426501,-0.051885,3
47011,Bradley County,TN,4.0,108859,0.6726,0.37486762,0.388413,-0.013546,0
47013,Campbell County,TN,3.0,39397,0.7143,0.35711318,0.409266,-0.052153,0
47015,Cannon County,TN,2.0,14481,0.2739,0.41260573,0.412774,-0.000168,3
47017,Carroll County,TN,6.0,28381,0.5457,0.39007095,0.417079,-0.027008,0
47019,Carter County,TN,4.0,56315,0.6666,0.36028162,0.413078,-0.052796,0
47021,Cheatham County,TN,2.0,41184,0.1995,0.39842758,0.407621,-0.009193,3
47023,Chester County,TN,4.0,17392,0.4553,0.39474192,0.420654,-0.025912,0
47025,Claiborne County,TN,6.0,32092,0.5619,0.38336492,0.398283,-0.014918,0
47027,Clay County,TN,6.0,7592,0.6605,0.41744497,0.421921,-0.004476,0
47029,Cocke County,TN,5.0,36186,0.7369,0.35064262,0.401432,-0.05079,0
47031,Coffee County,TN,5.0,58080,0.6411,0.39557439,0.395907,-0.000332,0
47033,Crockett County,TN,4.0,13955,0.7203,0.37640527,0.401959,-0.025553,0
47035,Cumberland County,TN,5.0,61552,0.3506,0.39205098,0.415622,-0.023571,3
47037,Davidson County,TN,1.0,709786,0.7171,0.35509214,0.383781,-0.028689,1
47039,Decatur County,TN,6.0,11483,0.4496,0.41179168,0.427656,-0.015864,0
47041,DeKalb County,TN,6.0,20209,0.8018,0.38730413,0.398478,-0.011174,0
47043,Dickson County,TN,2.0,54563,0.2316,0.40143868,0.40477,-0.003331,3
47045,Dyer County,TN,5.0,36818,0.6335,0.36140946,0.382152,-0.020743,0
47047,Fayette County,TN,2.0,42228,0.3668,0.33418763,0.41089,-0.076703,3
47049,Fentress County,TN,6.0,18642,0.4413,0.36449346,0.408314,-0.043821,0
47051,Franklin County,TN,5.0,42980,0.4219,0.3945379,0.436419,-0.041882,3
47053,Gibson County,TN,4.0,50455,0.7833,0.35932791,0.393252,-0.033924,0
47055,Giles County,TN,6.0,30317,0.4524,0.38008285,0.413005,-0.032922,3
47057,Grainger County,TN,3.0,23648,0.6128,0.38071308,0.397074,-0.016361,0
47059,Greene County,TN,5.0,70399,0.615,0.36166871,0.410243,-0.048574,0
47061,Grundy County,TN,6.0,13550,0.5192,0.3889381,0.40995,-0.021012,0
47063,Hamblen County,TN,4.0,64531,0.8591,0.35783371,0.401113,-0.04328,0
47065,Hamilton County,TN,3.0,367193,0.5635,0.35301656,0.391995,-0.038979,1
47067,Hancock County,TN,6.0,6726,0.8419,0.38425693,0.3929,-0.008643,0
47069,Hardeman County,TN,6.0,25519,0.8871,0.34753621,0.369712,-0.022175,0
47071,Hardin County,TN,6.0,26824,0.503,0.38925275,0.411235,-0.021982,0
47073,Hawkins County,TN,3.0,57107,0.5555,0.36921012,0.411343,-0.042133,0
47075,Haywood County,TN,6.0,17806,0.8883,0.31953949,0.354147,-0.034608,0
47077,Henderson County,TN,6.0,27845,0.6274,0.3846578,0.406391,-0.021733,0
47079,Henry County,TN,5.0,32305,0.6118,0.37534887,0.402029,-0.02668,0
47081,Hickman County,TN,2.0,24996,0.4181,0.38483703,0.399601,-0.014764,0
47083,Houston County,TN,6.0,8253,0.3847,0.41098171,0.412318,-0.001336,0
47085,Humphreys County,TN,6.0,19032,0.3735,0.38878846,0.427745,-0.038956,0
47087,Jackson County,TN,5.0,11730,0.7035,0.37578982,0.406333,-0.030543,0
47089,Jefferson County,TN,4.0,55017,0.4954,0.37141019,0.411426,-0.040015,0
47091,Johnson County,TN,6.0,17982,0.6882,0.35657963,0.401884,-0.045304,0
47093,Knox County,TN,3.0,481406,0.3738,0.3602325,0.41164,-0.051407,1
47095,Lake County,TN,6.0,6898,0.9345,0.33154741,0.39411,-0.062562,0
47097,Lauderdale County,TN,6.0,25171,0.9246,0.35393196,0.363802,-0.00987,0
47099,Lawrence County,TN,5.0,44377,0.7391,0.38200092,0.413513,-0.031512,0
47101,Lewis County,TN,6.0,12637,0.5288,0.38793707,0.405708,-0.017771,0
47103,Lincoln County,TN,5.0,35365,0.3726,0.41405612,0.416676,-0.00262,3
47105,Loudon County,TN,3.0,55507,0.1715,0.37602723,0.450739,-0.074712,3
47107,McMinn County,TN,5.0,53532,0.5705,0.37986007,0.413704,-0.033844,0
47109,McNairy County,TN,6.0,25895,0.3404,0.38462278,0.425916,-0.041293,0
47111,Macon County,TN,2.0,25365,0.5686,0.41042402,0.394619,0.015805,0
47113,Madison County,TN,4.0,98644,0.8969,0.34448504,0.363405,-0.01892,1
47115,Marion County,TN,3.0,28852,0.4951,0.38235199,0.400473,-0.018121,0
47117,Marshall County,TN,5.0,34567,0.3513,0.38198176,0.407159,-0.025178,1
47119,Maury County,TN,2.0,102002,0.2214,0.3699193,0.434738,-0.064819,1
47121,Meigs County,TN,5.0,12839,0.4881,0.37347463,0.415384,-0.04191,0
47123,Monroe County,TN,6.0,46489,0.7569,0.37495977,0.402488,-0.027528,0
47125,Montgomery County,TN,3.0,222305,0.5997,0.37216002,0.390877,-0.018717,1
47127,Moore County,TN,5.0,6558,0.2262,0.44952258,0.415811,0.033712,3
47129,Morgan County,TN,3.0,21124,0.6122,0.38531432,0.395893,-0.010579,0
47131,Obion County,TN,5.0,30670,0.6064,0.37508652,0.410056,-0.03497,0
47133,Overton County,TN,5.0,22576,0.252,0.39765087,0.407535,-0.009884,0
47135,Perry County,TN,6.0,8432,0.4677,0.37251553,0.415924,-0.043409,0
47137,Pickett County,TN,6.0,5042,0.3283,0.42832074,0.422595,0.005726,0
47139,Polk County,TN,4.0,17620,0.5157,0.37386617,0.415155,-0.041289,0
47141,Putnam County,TN,5.0,80157,0.5536,0.39504185,0.401202,-0.00616,1
47143,Rhea County,TN,6.0,33031,0.7238,0.37086412,0.406359,-0.035494,0
47145,Roane County,TN,3.0,53777,0.3083,0.35640827,0.41769,-0.061281,3
47147,Robertson County,TN,2.0,73297,0.279,0.39402518,0.393749,0.000276,3
47149,Rutherford County,TN,2.0,343727,0.4267,0.38541704,0.407206,-0.021789,1
47151,Scott County,TN,6.0,21917,0.7388,0.37750253,0.393336,-0.015833,0
47153,Sequatchie County,TN,3.0,16065,0.504,0.3554472,0.410167,-0.05472,0
47155,Sevier County,TN,5.0,98455,0.566,0.36616534,0.41242,-0.046255,3
47157,Shelby County,TN,1.0,926440,0.8708,0.31822866,0.355821,-0.037592,1
47159,Smith County,TN,2.0,20034,0.4146,0.41190237,0.405388,0.006514,0
47161,Stewart County,TN,3.0,13724,0.3885,0.40899262,0.431646,-0.022653,3
47163,Sullivan County,TN,3.0,158722,0.4839,0.35718608,0.410089,-0.052903,0
47165,Sumner County,TN,2.0,196845,0.2927,0.40631235,0.418313,-0.012001,1
47167,Tipton County,TN,2.0,61116,0.4158,0.35908478,0.393197,-0.034112,0
47169,Trousdale County,TN,2.0,11596,0.2157,0.38320497,0.462571,-0.079366,1
47171,Unicoi County,TN,4.0,17845,0.5371,0.36653757,0.414936,-0.048398,0
47173,Union County,TN,3.0,19860,0.3783,0.36554793,0.403643,-0.038095,0
47175,Van Buren County,TN,6.0,6182,0.623,0.38386759,0.396182,-0.012315,0
47177,Warren County,TN,5.0,41163,0.7805,0.37481052,0.387371,-0.01256,0
47179,Washington County,TN,4.0,133282,0.5857,0.35660639,0.407311,-0.050705,1
47181,Wayne County,TN,6.0,16325,0.7474,0.41273278,0.382683,0.03005,0
47183,Weakley County,TN,5.0,32946,0.608,0.38108546,0.390278,-0.009192,0
47185,White County,TN,5.0,27420,0.5154,0.36978859,0.398019,-0.028231,0
47187,Williamson County,TN,2.0,248897,0.0165,0.43447807,0.493994,-0.059516,3
47189,Wilson County,TN,2.0,149096,0.175,0.40067139,0.422752,-0.02208,1
48001,Anderson County,TX,5.0,58077,0.896,0.39933142,0.378402,0.020929,0
48003,Andrews County,TX,5.0,18362,0.6834,0.54313022,0.449094,0.094036,2
48005,Angelina County,TX,5.0,86608,0.9917,0.40251619,0.381466,0.02105,0
48007,Aransas County,TX,3.0,24048,0.7614,0.44396698,0.399597,0.04437,0
48009,Archer County,TX,4.0,8649,0.2657,0.47960144,0.452004,0.027597,3
48011,Armstrong County,TX,3.0,1912,0.0865,0.48240829,0.565876,-0.083467,3
48013,Atascosa County,TX,2.0,49403,0.8664,0.43785176,0.395192,0.04266,2
48015,Austin County,TX,2.0,30406,0.7133,0.44262847,0.391987,0.050641,0
48017,Bailey County,TX,6.0,6902,0.7843,0.45072377,0.421055,0.029669,2
48019,Bandera County,TX,2.0,21182,0.5899,0.41130218,0.420358,-0.009056,0
48021,Bastrop County,TX,2.0,98435,0.7566,0.39969209,0.411705,-0.012013,2
48023,Baylor County,TX,6.0,3475,0.462,0.48146331,0.505714,-0.024251,3
48025,Bee County,TX,5.0,30977,0.9166,0.42976871,0.370864,0.058905,0
48027,Bell County,TX,3.0,372821,0.937,0.38150492,0.362889,0.018616,1
48029,Bexar County,TX,1.0,2014059,0.9192,0.39763954,0.369927,0.027713,2
48031,Blanco County,TX,6.0,11608,0.2339,0.41617861,0.426901,-0.010722,3
48033,Borden County,TX,6.0,686,0.0267,0.51119179,0.517574,-0.006382,3
48035,Bosque County,TX,3.0,18404,0.5794,0.4154121,0.416973,-0.001561,0
48037,Bowie County,TX,4.0,92747,0.8766,0.37213114,0.381865,-0.009734,1
48039,Brazoria County,TX,2.0,374600,0.6519,0.45193887,0.400525,0.051414,1
48041,Brazos County,TX,3.0,234548,0.804,0.40521902,0.368308,0.036911,1
48043,Brewster County,TX,6.0,9454,0.6478,0.48156571,0.376657,0.104909,3
48045,Briscoe County,TX,6.0,1290,0.5479,0.53149396,0.454219,0.077275,0
48047,Brooks County,TX,5.0,7059,0.9163,0.46043929,0.389362,0.071078,2
48049,Brown County,TX,5.0,38159,0.9135,0.41986787,0.384415,0.035453,0
48051,Burleson County,TX,3.0,17958,0.5049,0.44433939,0.442895,0.001444,3
48053,Burnet County,TX,6.0,49684,0.5819,0.40914196,0.40009,0.009052,3
48055,Caldwell County,TX,2.0,46141,0.8956,0.40088642,0.372141,0.028745,2
48057,Calhoun County,TX,5.0,20127,0.72,0.44452664,0.408556,0.03597,0
48059,Callahan County,TX,4.0,13869,0.2956,0.46301886,0.433523,0.029496,3
48061,Cameron County,TX,3.0,421854,0.9844,0.42624635,0.387093,0.039153,2
48063,Camp County,TX,5.0,12543,0.917,0.3853991,0.377691,0.007708,2
48065,Carson County,TX,3.0,5801,0.083,0.51317883,0.542833,-0.029654,3
48067,Cass County,TX,6.0,28637,0.8619,0.40611151,0.38759,0.018522,0
48069,Castro County,TX,6.0,7381,0.7801,0.43991107,0.424183,0.015728,2
48071,Chambers County,TX,2.0,47037,0.4798,0.44866237,0.428674,0.019989,1
48073,Cherokee County,TX,5.0,50824,0.9717,0.39653513,0.378013,0.018522,2
48075,Childress County,TX,6.0,6781,0.7178,0.4231095,0.365179,0.057931,0
48077,Clay County,TX,4.0,10290,0.1772,0.44790524,0.514599,-0.066694,3
48079,Cochran County,TX,3.0,2529,0.938,0.43910554,0.433955,0.00515,2
48081,Coke County,TX,6.0,3305,0.6379,0.44959652,0.401085,0.048511,0
48083,Coleman County,TX,6.0,7808,0.6449,0.43546647,0.427867,0.007599,0
48085,Collin County,TX,1.0,1079153,0.2997,0.45394358,0.435958,0.017985,1
48087,Collingsworth County,TX,6.0,2865,0.8498,0.46057707,0.459749,0.000828,2
48089,Colorado County,TX,6.0,20582,0.7639,0.42540532,0.405762,0.019644,0
48091,Comal County,TX,2.0,165201,0.2749,0.43416798,0.417777,0.016391,1
48093,Comanche County,TX,6.0,13651,0.7267,0.45486316,0.432455,0.022408,0
48095,Concho County,TX,6.0,3235,0.7534,0.52415884,0.414298,0.109861,0
48097,Cooke County,TX,5.0,41860,0.6946,0.44585288,0.400807,0.045046,1
48099,Coryell County,TX,3.0,82927,0.833,0.40343523,0.375304,0.028132,1
48101,Cottle County,TX,6.0,1647,0.6732,0.39484718,0.41931,-0.024463,0
48103,Crane County,TX,6.0,4636,0.7092,0.53925216,0.442579,0.096673,2
48105,Crockett County,TX,6.0,2949,0.4098,0.47646713,0.45231,0.024157,3
48107,Crosby County,TX,3.0,5157,0.9504,0.40937132,0.378342,0.031029,2
48109,Culberson County,TX,6.0,2181,0.8393,0.46897694,0.404441,0.064535,0
48111,Dallam County,TX,6.0,7165,0.6039,0.45967686,0.461394,-0.001718,2
48113,Dallas County,TX,1.0,2604053,0.8925,0.37589943,0.391131,-0.015232,2
48115,Dawson County,TX,6.0,12342,0.9876,0.44701844,0.356402,0.090616,2
48117,Deaf Smith County,TX,5.0,18585,0.7245,0.42450094,0.442651,-0.01815,2
48119,Delta County,TX,6.0,5278,0.3665,0.41349772,0.443288,-0.02979,3
48121,Denton County,TX,2.0,914870,0.3796,0.44373801,0.416179,0.027559,1
48123,DeWitt County,TX,6.0,19826,0.8441,0.44684204,0.389406,0.057436,0
48125,Dickens County,TX,6.0,1570,0.7588,0.45186526,0.382678,0.069187,0
48127,Dimmit County,TX,6.0,8672,0.9994,0.43902838,0.356296,0.082733,2
48129,Donley County,TX,6.0,3298,0.3353,0.40681529,0.46961,-0.062795,3
48131,Duval County,TX,6.0,9960,0.9768,0.47473663,0.383286,0.091451,2
48133,Eastland County,TX,6.0,17812,0.8616,0.46302685,0.395523,0.067504,0
48135,Ector County,TX,4.0,162300,0.9421,0.4858841,0.401029,0.084855,2
48137,Edwards County,TX,6.0,1380,0.6844,0.50898141,0.412549,0.096432,0
48139,Ellis County,TX,2.0,195509,0.5695,0.41296163,0.400307,0.012655,1
48141,El Paso County,TX,3.0,863832,0.9825,0.42117468,0.367184,0.05399,2
48143,Erath County,TX,5.0,42788,0.7996,0.45399144,0.411095,0.042896,1
48145,Falls County,TX,3.0,17013,0.972,0.40163869,0.407648,-0.006009,0
48147,Fannin County,TX,5.0,36052,0.643,0.40095612,0.407244,-0.006288,0
48149,Fayette County,TX,6.0,24564,0.5234,0.48260251,0.398207,0.084395,3
48151,Fisher County,TX,6.0,3680,0.4248,0.459178,0.424522,0.034656,3
48153,Floyd County,TX,5.0,5386,0.7722,0.42164025,0.370345,0.051295,2
48155,Foard County,TX,6.0,1075,0.6071,0.44192326,0.440064,0.001859,0
48157,Fort Bend County,TX,2.0,832607,0.4515,0.4382951,0.423317,0.014978,1
48159,Franklin County,TX,6.0,10445,0.3821,0.44132471,0.483681,-0.042356,3
48161,Freestone County,TX,6.0,19599,0.8088,0.43880776,0.373585,0.065222,0
48163,Frio County,TX,6.0,18151,0.9698,0.42790347,0.373495,0.054408,2
48165,Gaines County,TX,6.0,21523,0.6745,0.50503486,0.428606,0.076428,2
48167,Galveston County,TX,2.0,350801,0.7378,0.40848082,0.388976,0.019505,1
48169,Garza County,TX,3.0,5735,0.6984,0.42851636,0.425238,0.003278,2
48171,Gillespie County,TX,5.0,26953,0.6392,0.46424899,0.426997,0.037252,3
48173,Glasscock County,TX,6.0,1068,0.2784,0.39547464,0.439839,-0.044364,2
48175,Goliad County,TX,4.0,7092,0.5243,0.48718569,0.402027,0.085159,3
48177,Gonzales County,TX,6.0,19736,0.9087,0.42258596,0.432299,-0.009713,2
48179,Gray County,TX,5.0,21272,0.8645,0.45541066,0.395888,0.059523,2
48181,Grayson County,TX,4.0,137008,0.6888,0.40058738,0.391612,0.008975,1
48183,Gregg County,TX,3.0,124245,0.8731,0.40444586,0.373822,0.030624,1
48185,Grimes County,TX,6.0,29442,0.8676,0.4015308,0.383267,0.018264,0
48187,Guadalupe County,TX,2.0,173828,0.5256,0.41176385,0.397239,0.014525,1
48189,Hale County,TX,5.0,32525,0.9332,0.40487853,0.370956,0.033923,2
48191,Hall County,TX,6.0,2847,0.8689,0.44830352,0.3996,0.048703,2
48193,Hamilton County,TX,6.0,8244,0.6634,0.4526138,0.437266,0.015347,3
48195,Hansford County,TX,6.0,5270,0.4836,0.48489514,0.45786,0.027035,2
48197,Hardeman County,TX,6.0,3541,0.4222,0.4525106,0.418503,0.034007,3
48199,Hardin County,TX,3.0,56576,0.6465,0.45513985,0.409035,0.046105,0
48201,Harris County,TX,1.0,4726177,0.9201,0.41847333,0.391882,0.026592,2
48203,Harrison County,TX,3.0,69098,0.9036,0.39470598,0.379702,0.015004,0
48205,Hartley County,TX,6.0,5369,0.4683,0.53914273,0.419388,0.119754,3
48207,Haskell County,TX,6.0,5408,0.812,0.46886519,0.403997,0.064868,0
48209,Hays County,TX,2.0,245351,0.6723,0.41159955,0.409836,0.001763,1
48211,Hemphill County,TX,6.0,3371,0.5577,0.48552525,0.444528,0.040997,3
48213,Henderson County,TX,5.0,82627,0.8291,0.40969431,0.404768,0.004926,0
48215,Hidalgo County,TX,3.0,873167,0.9841,0.43422085,0.393655,0.040566,2
48217,Hill County,TX,6.0,36138,0.8562,0.39610156,0.404119,-0.008018,0
48219,Hockley County,TX,3.0,21495,0.93,0.44742355,0.378041,0.069383,2
48221,Hood County,TX,5.0,62459,0.525,0.42995507,0.430681,-0.000726,3
48223,Hopkins County,TX,5.0,37008,0.7525,0.42814624,0.415762,0.012384,0
48225,Houston County,TX,6.0,22107,0.9625,0.39603227,0.377778,0.018255,0
48227,Howard County,TX,5.0,34488,0.8816,0.45060152,0.374311,0.07629,2
48229,Hudspeth County,TX,3.0,3329,0.9943,0.43164927,0.361271,0.070379,2
48231,Hunt County,TX,2.0,101596,0.8746,0.39095184,0.40251,-0.011559,1
48233,Hutchinson County,TX,5.0,20595,0.3245,0.46785823,0.43057,0.037288,3
48235,Irion County,TX,4.0,1561,0.2962,0.60812765,0.477154,0.130974,3
48237,Jack County,TX,6.0,8588,0.9418,0.46976399,0.384156,0.085608,0
48239,Jackson County,TX,6.0,15010,0.8094,0.46249822,0.407335,0.055163,0
48241,Jasper County,TX,6.0,33032,0.8737,0.41306955,0.40519,0.00788,0
48243,Jeff Davis County,TX,6.0,1992,0.4738,0.43552548,0.508672,-0.073146,3
48245,Jefferson County,TX,3.0,254942,0.9723,0.40101311,0.356538,0.044475,2
48247,Jim Hogg County,TX,6.0,4830,0.6427,0.42917284,0.426486,0.002687,2
48249,Jim Wells County,TX,5.0,39060,0.9491,0.45932999,0.359513,0.099817,2
48251,Johnson County,TX,2.0,182690,0.6284,0.43232504,0.415656,0.016669,1
48253,Jones County,TX,4.0,19758,0.5829,0.43938729,0.395428,0.043959,0
48255,Karnes County,TX,6.0,14805,0.9367,0.45315117,0.37516,0.077992,2
48257,Kaufman County,TX,2.0,149773,0.7089,0.39391732,0.388342,0.005575,1
48259,Kendall County,TX,2.0,45376,0.3411,0.47303209,0.445408,0.027625,3
48261,Kenedy County,TX,6.0,116,0.6678,0.41697171,0.45095,-0.033979,2
48263,Kent County,TX,6.0,635,0.2393,0.50684392,0.526575,-0.019732,3
48265,Kerr County,TX,5.0,52810,0.7442,0.41304678,0.395574,0.017472,0
48267,Kimble County,TX,6.0,4316,0.4948,0.38525343,0.454038,-0.068784,3
48271,Kinney County,TX,6.0,3157,0.6265,0.43010029,0.428564,0.001536,0
48273,Kleberg County,TX,5.0,30860,0.9924,0.44121334,0.35997,0.081243,2
48275,Knox County,TX,6.0,3333,0.6564,0.4526116,0.475627,-0.023015,0
48277,Lamar County,TX,5.0,50149,0.8536,0.38877261,0.386099,0.002674,0
48279,Lamb County,TX,6.0,13024,0.8221,0.4184708,0.434342,-0.015871,2
48281,Lampasas County,TX,3.0,21829,0.658,0.42475972,0.397453,0.027307,0
48283,La Salle County,TX,6.0,6965,0.9128,0.42044938,0.383292,0.037158,2
48285,Lavaca County,TX,6.0,20379,0.5752,0.51137054,0.413556,0.097814,3
48287,Lee County,TX,6.0,17543,0.7856,0.44259998,0.366954,0.075646,0
48289,Leon County,TX,6.0,15928,0.6974,0.46870422,0.411274,0.05743,0
48291,Liberty County,TX,2.0,93523,0.9739,0.43195239,0.416659,0.015293,2
48293,Limestone County,TX,6.0,22222,0.9065,0.3974745,0.371096,0.026378,0
48295,Lipscomb County,TX,6.0,3038,0.7703,0.56081539,0.457307,0.103509,2
48297,Live Oak County,TX,6.0,11374,0.9039,0.47196448,0.378655,0.09331,0
48299,Llano County,TX,6.0,21637,0.6192,0.43429258,0.421133,0.013159,3
48303,Lubbock County,TX,3.0,311509,0.8422,0.39573172,0.366247,0.029485,1
48305,Lynn County,TX,3.0,5619,0.6898,0.39801472,0.400314,-0.0023,0
48307,McCulloch County,TX,6.0,7638,0.7897,0.45341477,0.417217,0.036198,0
48309,McLennan County,TX,3.0,261090,0.8861,0.37387672,0.379186,-0.005309,1
48311,McMullen County,TX,6.0,670,0.8104,0.40198398,0.416988,-0.015005,2
48313,Madison County,TX,6.0,13556,0.9131,0.40095058,0.388163,0.012787,0
48315,Marion County,TX,6.0,9668,0.7315,0.39820769,0.39982,-0.001612,0
48317,Martin County,TX,4.0,5228,0.5966,0.50581974,0.445548,0.060272,2
48319,Mason County,TX,6.0,3959,0.2724,0.52247471,0.463037,0.059437,3
48321,Matagorda County,TX,5.0,36251,0.9758,0.44488379,0.368704,0.07618,2
48323,Maverick County,TX,4.0,57806,0.9901,0.45269269,0.389556,0.063137,2
48325,Medina County,TX,2.0,51432,0.741,0.42984411,0.384866,0.044978,0
48327,Menard County,TX,6.0,1964,0.8606,0.38886821,0.413156,-0.024288,0
48329,Midland County,TX,4.0,169393,0.7397,0.48224217,0.426542,0.0557,2
48331,Milam County,TX,6.0,25080,0.798,0.43101338,0.414618,0.016395,0
48333,Mills County,TX,6.0,4501,0.4693,0.5088861,0.466306,0.04258,3
48335,Mitchell County,TX,6.0,8947,0.6958,0.46863002,0.412192,0.056438,2
48337,Montague County,TX,6.0,20197,0.5959,0.48217112,0.416594,0.065578,3
48339,Montgomery County,TX,2.0,629989,0.5212,0.4421981,0.42795,0.014248,1
48341,Moore County,TX,5.0,21284,0.882,0.44145736,0.433641,0.007816,2
48343,Morris County,TX,5.0,11993,0.7792,0.4003447,0.401246,-0.000901,0
48345,Motley County,TX,6.0,1223,0.1721,0.41590071,0.466796,-0.050895,3
48347,Nacogdoches County,TX,5.0,64768,0.9952,0.39081571,0.377989,0.012827,0
48349,Navarro County,TX,5.0,52834,0.979,0.39063919,0.386113,0.004526,2
48351,Newton County,TX,6.0,12333,0.8463,0.39614344,0.389715,0.006429,0
48353,Nolan County,TX,5.0,14657,0.9815,0.42455965,0.384358,0.040202,2
48355,Nueces County,TX,3.0,353245,0.9351,0.41893426,0.351506,0.067428,1
48357,Ochiltree County,TX,6.0,9924,0.8244,0.51969689,0.445374,0.074323,2
48359,Oldham County,TX,3.0,2171,0.392,0.46796575,0.463947,0.004018,3
48361,Orange County,TX,3.0,84761,0.6853,0.43300965,0.417169,0.01584,0
48363,Palo Pinto County,TX,5.0,28569,0.8015,0.41776469,0.411173,0.006592,0
48365,Panola County,TX,6.0,22540,0.7331,0.44320121,0.383199,0.060003,0
48367,Parker County,TX,2.0,151188,0.2638,0.44140595,0.434626,0.00678,3
48369,Parmer County,TX,6.0,9809,0.6596,0.44634131,0.449798,-0.003456,2
48371,Pecos County,TX,6.0,15114,0.9049,0.50219679,0.386406,0.115791,2
48373,Polk County,TX,6.0,50536,0.9208,0.41557303,0.378813,0.03676,0
48375,Potter County,TX,3.0,117905,0.9889,0.38451529,0.37433,0.010186,2
48377,Presidio County,TX,6.0,6168,0.9933,0.46223339,0.432463,0.02977,2
48379,Rains County,TX,6.0,12257,0.4706,0.41488081,0.433694,-0.018814,3
48381,Randall County,TX,3.0,141489,0.3519,0.45808455,0.406791,0.051293,1
48383,Reagan County,TX,6.0,3308,0.5052,0.52718776,0.448474,0.078713,2
48385,Real County,TX,6.0,2830,0.783,0.4328301,0.457611,-0.024781,0
48387,Red River County,TX,5.0,11627,0.6895,0.4044407,0.398814,0.005626,0
48389,Reeves County,TX,5.0,14022,0.9548,0.49530956,0.375589,0.119721,2
48391,Refugio County,TX,6.0,6718,0.9653,0.45862758,0.343524,0.115104,0
48393,Roberts County,TX,5.0,764,0.0576,0.60016263,0.502559,0.097604,3
48395,Robertson County,TX,3.0,16912,0.8546,0.39409891,0.396567,-0.002468,0
48397,Rockwall County,TX,2.0,110631,0.1164,0.45091552,0.431989,0.018926,1
48399,Runnels County,TX,6.0,9858,0.5148,0.43726292,0.440258,-0.002995,0
48401,Rusk County,TX,3.0,52755,0.7973,0.42364955,0.383047,0.040603,0
48403,Sabine County,TX,6.0,9980,0.5609,0.47390556,0.412487,0.061418,0
48405,San Augustine County,TX,6.0,7920,0.9885,0.38396072,0.385225,-0.001265,0
48407,San Jacinto County,TX,2.0,27666,0.8091,0.41709203,0.406248,0.010844,0
48409,San Patricio County,TX,3.0,68942,0.9249,0.44429055,0.37687,0.067421,2
48411,San Saba County,TX,6.0,5779,0.6389,0.43184859,0.435246,-0.003397,0
48413,Schleicher County,TX,6.0,2474,0.5803,0.49143574,0.462391,0.029045,0
48415,Scurry County,TX,5.0,16883,0.5332,0.46248981,0.477794,-0.015304,3
48417,Shackelford County,TX,6.0,3134,0.3936,0.43966123,0.454806,-0.015145,3
48419,Shelby County,TX,6.0,24157,0.8778,0.41976452,0.402031,0.017733,2
48421,Sherman County,TX,6.0,2414,0.6309,0.52187091,0.4502,0.071671,0
48423,Smith County,TX,4.0,234667,0.8234,0.40057874,0.388947,0.011632,1
48425,Somervell County,TX,6.0,9337,0.5135,0.4950605,0.429407,0.065653,3
48427,Starr County,TX,5.0,65716,0.9905,0.4592663,0.379174,0.080092,2
48429,Stephens County,TX,6.0,9260,0.9898,0.43010625,0.379658,0.050448,0
48431,Sterling County,TX,6.0,1392,0.1419,0.44092748,0.499406,-0.058478,3
48433,Stonewall County,TX,6.0,1331,0.2994,0.49008301,0.496212,-0.006129,3
48435,Sutton County,TX,6.0,3345,0.7687,0.4879806,0.407142,0.080838,2
48437,Swisher County,TX,6.0,6989,0.9103,0.42682654,0.424427,0.0024,2
48439,Tarrant County,TX,1.0,2113854,0.7585,0.39986667,0.389508,0.010359,1
48441,Taylor County,TX,4.0,143029,0.7591,0.42067429,0.450942,-0.030268,1
48443,Terrell County,TX,6.0,862,0.0859,0.5141812,0.468432,0.045749,3
48445,Terry County,TX,6.0,11816,0.9828,0.4159402,0.358695,0.057245,2
48447,Throckmorton County,TX,6.0,1439,0.1581,0.520024,0.504117,0.015907,3
48449,Titus County,TX,5.0,31301,0.8995,0.38507792,0.409624,-0.024546,2
48451,Tom Green County,TX,4.0,119276,0.8113,0.41553217,0.411222,0.00431,1
48453,Travis County,TX,1.0,1289054,0.5702,0.39073342,0.420175,-0.029441,1
48455,Trinity County,TX,6.0,13735,0.9185,0.40777615,0.393159,0.014617,0
48457,Tyler County,TX,6.0,19962,0.9319,0.44028082,0.392832,0.047449,0
48459,Upshur County,TX,3.0,41261,0.6017,0.43058187,0.408288,0.022293,0
48461,Upton County,TX,6.0,3284,0.77,0.58243614,0.418124,0.164312,2
48463,Uvalde County,TX,5.0,24833,0.9911,0.42372495,0.406739,0.016986,2
48465,Val Verde County,TX,5.0,47693,0.9437,0.45489299,0.399688,0.055205,2
48467,Van Zandt County,TX,6.0,60053,0.5714,0.43018118,0.409687,0.020494,0
48469,Victoria County,TX,4.0,91209,0.9198,0.42922232,0.36799,0.061233,1
48471,Walker County,TX,5.0,77182,0.9392,0.40679318,0.358983,0.04781,1
48473,Waller County,TX,2.0,57463,0.8317,0.42171067,0.380285,0.041425,2
48475,Ward County,TX,6.0,11347,0.7235,0.5208708,0.421435,0.099435,2
48477,Washington County,TX,5.0,35807,0.6522,0.42181206,0.411863,0.009949,3
48479,Webb County,TX,3.0,267282,0.9831,0.41624326,0.387776,0.028467,2
48481,Wharton County,TX,5.0,41614,0.9456,0.40717557,0.385532,0.021644,2
48483,Wheeler County,TX,6.0,4980,0.9045,0.49311015,0.406524,0.086586,2
48485,Wichita County,TX,4.0,129584,0.8167,0.41278672,0.370663,0.042123,1
48487,Wilbarger County,TX,5.0,12795,0.9561,0.39849624,0.410713,-0.012217,0
48489,Willacy County,TX,5.0,20308,0.985,0.41823342,0.373234,0.044999,2
48491,Williamson County,TX,2.0,617396,0.3207,0.44164768,0.418648,0.022999,1
48493,Wilson County,TX,2.0,50381,0.2972,0.44670323,0.417217,0.029487,3
48495,Winkler County,TX,6.0,7582,0.4448,0.52421725,0.461951,0.062267,2
48497,Wise County,TX,2.0,70062,0.5422,0.46766007,0.422672,0.044988,0
48499,Wood County,TX,6.0,45341,0.7655,0.43994939,0.403744,0.036206,0
48501,Yoakum County,TX,6.0,7630,0.587,0.51737344,0.439148,0.078225,2
48503,Young County,TX,6.0,17903,0.5345,0.46433187,0.466159,-0.001827,3
48505,Zapata County,TX,5.0,13896,0.9968,0.47575295,0.37988,0.095873,2
48507,Zavala County,TX,6.0,9700,0.909,0.43483034,0.394291,0.04054,2
49001,Beaver County,UT,6.0,7102,0.1457,0.52820009,0.457331,0.070869,3
49003,Box Elder County,UT,5.0,58291,0.1215,0.47520891,0.488795,-0.013586,3
49005,Cache County,UT,4.0,134428,0.3478,0.49140003,0.494756,-0.003356,1
49007,Carbon County,UT,5.0,20338,0.6297,0.44646707,0.43693,0.009538,1
49009,Daggett County,UT,6.0,638,0.1849,0.47970551,0.503109,-0.023403,3
49011,Davis County,UT,3.0,363032,0.0678,0.47799587,0.485338,-0.007342,1
49013,Duchesne County,UT,6.0,19779,0.5361,0.52213639,0.437017,0.08512,3
49015,Emery County,UT,6.0,9898,0.2269,0.49079612,0.460162,0.030634,3
49017,Garfield County,UT,6.0,5121,0.3423,0.58106065,0.481452,0.099609,3
49019,Grand County,UT,6.0,9680,0.4582,0.46442679,0.474169,-0.009742,1
49021,Iron County,UT,5.0,58068,0.4114,0.45985511,0.464559,-0.004704,1
49023,Juab County,UT,3.0,11943,0.0659,0.47875315,0.51815,-0.039397,3
49025,Kane County,UT,6.0,7814,0.259,0.47130415,0.483787,-0.012483,3
49027,Millard County,UT,6.0,13027,0.4502,0.53519493,0.440359,0.094836,3
49029,Morgan County,UT,3.0,12367,0.0,0.5412398,0.54123,1e-05,3
49031,Piute County,UT,6.0,1764,0.5402,0.59049457,0.457793,0.132702,3
49033,Rich County,UT,5.0,2543,0.2141,0.5400449,0.49391,0.046134,3
49035,Salt Lake County,UT,1.0,1180643,0.4512,0.45413134,0.425659,0.028472,1
49037,San Juan County,UT,6.0,14524,0.9567,0.47108415,0.414404,0.05668,2
49039,Sanpete County,UT,6.0,28816,0.5116,0.47790322,0.449815,0.028089,3
49041,Sevier County,UT,6.0,21667,0.2886,0.48767856,0.483554,0.004125,3
49043,Summit County,UT,5.0,42524,0.0509,0.56058908,0.479658,0.080931,1
49045,Tooele County,UT,2.0,74032,0.1766,0.44071734,0.446683,-0.005966,1
49047,Uintah County,UT,5.0,35951,0.5297,0.53525269,0.437383,0.097869,1
49049,Utah County,UT,3.0,666021,0.2555,0.48925093,0.484786,0.004465,1
49051,Wasatch County,UT,5.0,35009,0.0748,0.5232498,0.513275,0.009975,3
49053,Washington County,UT,4.0,183297,0.3875,0.46801808,0.498576,-0.030557,3
49055,Wayne County,UT,6.0,2532,0.1053,0.52390552,0.525771,-0.001865,3
49057,Weber County,UT,3.0,262960,0.3471,0.43813813,0.451954,-0.013816,1
50001,Addison County,VT,6.0,37434,0.139,0.44529819,0.445545,-0.000246,3
50003,Bennington County,VT,5.0,37326,0.349,0.43400648,0.431271,0.002735,3
50005,Caledonia County,VT,6.0,30418,0.2844,0.44201702,0.466995,-0.024978,3
50007,Chittenden County,VT,4.0,168309,0.2205,0.42985603,0.452507,-0.022651,1
50009,Essex County,VT,6.0,5976,0.4155,0.41684607,0.415982,0.000864,3
50011,Franklin County,VT,4.0,50101,0.1219,0.45016715,0.419338,0.03083,3
50013,Grand Isle County,VT,4.0,7335,0.006,0.44355068,0.483759,-0.040208,3
50015,Lamoille County,VT,6.0,25977,0.1409,0.4362404,0.43117,0.00507,3
50017,Orange County,VT,5.0,29439,0.0939,0.43335241,0.451361,-0.018009,3
50019,Orleans County,VT,6.0,27459,0.3548,0.44846994,0.432264,0.016206,3
50021,Rutland County,VT,5.0,60585,0.3955,0.44143957,0.447396,-0.005956,3
50023,Washington County,VT,5.0,59768,0.161,0.46262053,0.46281,-0.000189,3
50025,Windham County,VT,5.0,45857,0.3185,0.42705536,0.431225,-0.004169,3
50027,Windsor County,VT,5.0,57832,0.1499,0.44318396,0.441742,0.001442,3
51001,Accomack County,VA,6.0,33367,0.8597,0.39668337,0.387153,0.00953,0
51003,Albemarle County,VA,4.0,112513,0.2469,0.42378911,0.446094,-0.022305,1
51005,Alleghany County,VA,6.0,15159,0.3102,0.39861944,0.470361,-0.071741,3
51007,Amelia County,VA,2.0,13309,0.3853,0.38895157,0.437584,-0.048633,3
51009,Amherst County,VA,3.0,31426,0.4022,0.40852979,0.420022,-0.011492,3
51011,Appomattox County,VA,3.0,16253,0.1441,0.38499621,0.41916,-0.034164,3
51013,Arlington County,VA,2.0,235845,0.1597,0.46281385,0.414806,0.048008,1
51015,Augusta County,VA,4.0,77433,0.2129,0.42428565,0.45425,-0.029965,3
51017,Bath County,VA,6.0,4177,0.1674,0.46435922,0.506664,-0.042305,3
51019,Bedford County,VA,3.0,79761,0.0853,0.39864248,0.486107,-0.087465,3
51021,Bland County,VA,6.0,6241,0.0974,0.44452465,0.486429,-0.041904,3
51023,Botetourt County,VA,3.0,33734,0.013,0.43311757,0.500992,-0.067874,3
51025,Brunswick County,VA,6.0,15965,0.8311,0.36184171,0.371634,-0.009792,0
51027,Buchanan County,VA,6.0,20246,0.5975,0.4691408,0.393986,0.075155,0
51029,Buckingham County,VA,6.0,16869,0.6758,0.36150408,0.372566,-0.011062,0
51031,Campbell County,VA,3.0,55518,0.4152,0.40702936,0.403796,0.003233,3
51033,Caroline County,VA,6.0,31181,0.399,0.37686071,0.386887,-0.010026,1
51035,Carroll County,VA,6.0,29126,0.2797,0.38452122,0.39894,-0.014419,0
51036,Charles City County,VA,2.0,6760,0.2685,0.38371271,0.419432,-0.035719,3
51037,Charlotte County,VA,6.0,11563,0.7436,0.38205841,0.385089,-0.003031,0
51041,Chesterfield County,VA,2.0,366019,0.2943,0.40921095,0.409986,-0.000775,1
51043,Clarke County,VA,2.0,14882,0.0598,0.4364804,0.473676,-0.037195,3
51045,Craig County,VA,3.0,4898,0.0589,0.36933729,0.494051,-0.124714,3
51047,Culpeper County,VA,2.0,52822,0.4327,0.38800779,0.415937,-0.027929,1
51049,Cumberland County,VA,6.0,9697,0.4426,0.35641685,0.375374,-0.018958,0
51051,Dickenson County,VA,6.0,14089,0.4629,0.4218004,0.403531,0.018269,0
51053,Dinwiddie County,VA,2.0,28057,0.3261,0.36218694,0.410628,-0.048441,3
51057,Essex County,VA,6.0,10602,0.8272,0.40704662,0.357924,0.049123,0
51059,Fairfax County,VA,2.0,1145354,0.2412,0.51112968,0.457058,0.054071,1
51061,Fauquier County,VA,2.0,73290,0.0732,0.41864818,0.457568,-0.03892,3
51063,Floyd County,VA,4.0,15532,0.0929,0.42835999,0.537507,-0.109147,3
51065,Fluvanna County,VA,4.0,27442,0.0582,0.38828513,0.470142,-0.081856,3
51067,Franklin County,VA,3.0,54838,0.321,0.39638251,0.442505,-0.046123,3
51069,Frederick County,VA,4.0,92007,0.2545,0.41383007,0.442584,-0.028754,3
51071,Giles County,VA,4.0,16711,0.1037,0.3937988,0.549754,-0.155955,3
51073,Gloucester County,VA,2.0,38875,0.0344,0.40517917,0.464855,-0.059676,3
51075,Goochland County,VA,2.0,24906,0.0592,0.38416347,0.521056,-0.136892,3
51077,Grayson County,VA,6.0,15356,0.5851,0.38430697,0.392343,-0.008036,0
51079,Greene County,VA,4.0,20631,0.2199,0.38141575,0.441552,-0.060136,3
51081,Greensville County,VA,6.0,11373,0.8979,0.34149846,0.353289,-0.01179,0
51083,Halifax County,VA,6.0,34013,0.7684,0.364398,0.373602,-0.009204,0
51085,Hanover County,VA,2.0,110513,0.0274,0.43410647,0.45775,-0.023644,3
51087,Henrico County,VA,2.0,333120,0.3414,0.38742572,0.393396,-0.005971,1
51089,Henry County,VA,5.0,50760,0.7757,0.36869702,0.388713,-0.020016,0
51091,Highland County,VA,6.0,2247,0.1352,0.45947635,0.483236,-0.02376,3
51093,Isle of Wight County,VA,2.0,38898,0.2243,0.37956876,0.415295,-0.035727,3
51095,James City County,VA,2.0,78818,0.1763,0.38955265,0.445182,-0.055629,3
51097,King and Queen County,VA,2.0,6681,0.1973,0.40510106,0.452699,-0.047598,3
51099,King George County,VA,6.0,26985,0.0528,0.38729626,0.454081,-0.066785,3
51101,King William County,VA,2.0,17845,0.0334,0.39119008,0.432995,-0.041805,3
51103,Lancaster County,VA,6.0,10866,0.5075,0.396009,0.426101,-0.030092,3
51105,Lee County,VA,6.0,22287,0.8788,0.37982893,0.387596,-0.007767,0
51107,Loudoun County,VA,2.0,420773,0.1059,0.49527624,0.463195,0.032082,1
51109,Louisa County,VA,6.0,38106,0.2542,0.37311447,0.425743,-0.052629,3
51111,Lunenburg County,VA,6.0,11988,0.9243,0.3698197,0.370077,-0.000258,0
51113,Madison County,VA,6.0,13828,0.1594,0.40125242,0.463896,-0.062644,3
51115,Mathews County,VA,2.0,8537,0.1002,0.42852098,0.496168,-0.067647,3
51117,Mecklenburg County,VA,6.0,30367,0.7308,0.35999188,0.382076,-0.022084,0
51119,Middlesex County,VA,6.0,10738,0.3042,0.41379911,0.461331,-0.047532,3
51121,Montgomery County,VA,4.0,99373,0.2873,0.40227202,0.452359,-0.050086,1
51125,Nelson County,VA,4.0,14773,0.2536,0.40518695,0.443524,-0.038337,3
51127,New Kent County,VA,2.0,23296,0.0025,0.44059747,0.476769,-0.036172,3
51131,Northampton County,VA,6.0,12132,0.79,0.36284214,0.405433,-0.042591,0
51133,Northumberland County,VA,6.0,12007,0.1922,0.41456681,0.41135,0.003217,3
51135,Nottoway County,VA,6.0,15638,0.8425,0.36071733,0.353634,0.007083,0
51137,Orange County,VA,5.0,36593,0.2593,0.3993834,0.439939,-0.040556,3
51139,Page County,VA,6.0,23753,0.363,0.40231007,0.43636,-0.03405,3
51141,Patrick County,VA,6.0,17660,0.2558,0.40190187,0.472045,-0.070143,3
51143,Pittsylvania County,VA,5.0,60541,0.7054,0.37591249,0.382249,-0.006337,0
51145,Powhatan County,VA,2.0,30503,0.0022,0.41520038,0.522949,-0.107749,3
51147,Prince Edward County,VA,6.0,21922,0.6106,0.36162248,0.420292,-0.058669,1
51149,Prince George County,VA,2.0,42634,0.3805,0.39288318,0.385532,0.007351,1
51153,Prince William County,VA,2.0,481114,0.4117,0.43390542,0.418795,0.015111,1
51155,Pulaski County,VA,4.0,33841,0.2011,0.35317874,0.449833,-0.096654,3
51157,Rappahannock County,VA,2.0,7422,0.0573,0.47069612,0.496085,-0.025389,3
51159,Richmond County,VA,6.0,8968,0.5485,0.39217684,0.415577,-0.0234,0
51161,Roanoke County,VA,3.0,96653,0.1333,0.4217622,0.496618,-0.074856,3
51163,Rockbridge County,VA,6.0,22673,0.125,0.40741509,0.470239,-0.062824,3
51165,Rockingham County,VA,4.0,83905,0.2526,0.42741969,0.456691,-0.029271,3
51167,Russell County,VA,6.0,25763,0.3468,0.42082796,0.405265,0.015563,0
51169,Scott County,VA,3.0,21536,0.4712,0.39151242,0.411422,-0.019909,0
51171,Shenandoah County,VA,6.0,44337,0.4298,0.43203691,0.427346,0.004691,3
51173,Smyth County,VA,6.0,29799,0.6841,0.37587297,0.401009,-0.025136,0
51175,Southampton County,VA,6.0,18003,0.4279,0.38308978,0.402493,-0.019404,0
51177,Spotsylvania County,VA,2.0,141097,0.2654,0.40408307,0.411478,-0.007394,1
51179,Stafford County,VA,2.0,157606,0.2428,0.4260841,0.415421,0.010663,1
51181,Surry County,VA,2.0,6546,0.448,0.38775831,0.378097,0.009661,0
51183,Sussex County,VA,2.0,10866,0.7385,0.36032462,0.361843,-0.001519,0
51185,Tazewell County,VA,5.0,40392,0.5883,0.41694725,0.398585,0.018362,0
51187,Warren County,VA,2.0,40800,0.496,0.41777122,0.408845,0.008926,1
51191,Washington County,VA,3.0,53985,0.2549,0.38098025,0.431945,-0.050964,3
51193,Westmoreland County,VA,6.0,18480,0.8193,0.38238847,0.387299,-0.00491,0
51195,Wise County,VA,6.0,36105,0.8046,0.38816714,0.385389,0.002779,0
51197,Wythe County,VA,6.0,28275,0.4139,0.39861265,0.420067,-0.021454,0
51199,York County,VA,2.0,70238,0.1543,0.42852077,0.433772,-0.005252,1
51510,Alexandria City,VA,2.0,157594,0.3178,0.43009669,0.419662,0.010435,1
51520,Bristol City,VA,3.0,17036,0.7696,0.37831053,0.39754,-0.01923,0
51530,Buena Vista City,VA,6.0,6639,0.4983,0.37240055,0.480793,-0.108392,1
51540,Charlottesville City,VA,4.0,46289,0.5727,0.35528252,0.404981,-0.049698,1
51550,Chesapeake City,VA,1.0,249377,0.4149,0.38100606,0.387416,-0.00641,1
51570,Colonial Heights City,VA,2.0,18158,0.5651,0.42654896,0.390899,0.03565,1
51580,Covington City,VA,6.0,5722,0.3128,0.37672833,0.449592,-0.072864,3
51590,Danville City,VA,5.0,42507,0.9796,0.33381909,0.342208,-0.008389,1
51595,Emporia City,VA,6.0,5680,0.9233,0.32023576,0.338569,-0.018333,0
51600,Fairfax City,VA,2.0,24242,0.3551,0.51237965,0.480703,0.031677,1
51610,Falls Church City,VA,2.0,14576,0.2189,0.50038087,0.45878,0.041601,1
51620,Franklin City,VA,6.0,8194,0.7938,0.36709273,0.404423,-0.03733,1
51630,Fredericksburg City,VA,2.0,28258,0.7636,0.37464082,0.389138,-0.014498,1
51640,Galax City,VA,6.0,6687,0.9532,0.36551464,0.400444,-0.034929,0
51650,Hampton City,VA,2.0,137217,0.748,0.37049267,0.353335,0.017158,1
51660,Harrisonburg City,VA,4.0,51784,0.8648,0.40140036,0.397207,0.004193,1
51670,Hopewell City,VA,2.0,23046,0.8801,0.35406482,0.357354,-0.003289,1
51678,Lexington City,VA,6.0,7346,0.0474,0.42037919,0.439225,-0.018846,1
51680,Lynchburg City,VA,3.0,79166,0.7066,0.35788783,0.377581,-0.019693,1
51683,Manassas City,VA,2.0,42620,0.4884,0.43691581,0.454114,-0.017198,2
51685,Manassas Park City,VA,2.0,17123,0.6532,0.41096577,0.434729,-0.023763,2
51690,Martinsville City,VA,5.0,13539,0.9297,0.31427053,0.342407,-0.028136,1
51700,Newport News City,VA,2.0,185118,0.8406,0.36231923,0.348744,0.013575,1
51710,Norfolk City,VA,2.0,236973,0.8594,0.34708124,0.341655,0.005426,1
51720,Norton City,VA,6.0,3668,0.769,0.38600317,0.400633,-0.01463,0
51730,Petersburg City,VA,2.0,33261,0.9733,0.30953476,0.330207,-0.020672,1
51735,Poquoson City,VA,2.0,12479,0.0038,0.462311,0.508741,-0.04643,3
51740,Portsmouth City,VA,2.0,97384,0.8355,0.34396493,0.340585,0.00338,1
51750,Radford City,VA,4.0,16379,0.3408,0.36301178,0.420377,-0.057366,1
51760,Richmond City,VA,1.0,227171,0.8333,0.3109512,0.354895,-0.043944,1
51770,Roanoke City,VA,3.0,99213,0.8521,0.33756897,0.36907,-0.031501,1
51775,Salem City,VA,3.0,25372,0.3248,0.40463948,0.448577,-0.043938,1
51790,Staunton City,VA,4.0,25581,0.6048,0.38494247,0.417393,-0.03245,1
51800,Suffolk City,VA,2.0,94856,0.4788,0.3524369,0.383169,-0.030732,1
51810,Virginia Beach City,VA,1.0,457900,0.307,0.40409806,0.395995,0.008103,1
51820,Waynesboro City,VA,4.0,22341,0.7601,0.37388992,0.373423,0.000467,1
51830,Williamsburg City,VA,2.0,15486,0.3802,0.36738774,0.428845,-0.061457,1
51840,Winchester City,VA,4.0,28103,0.9033,0.40239111,0.389851,0.01254,1
53001,Adams County,WA,5.0,20557,0.98,0.45146132,0.404252,0.04721,2
53003,Asotin County,WA,4.0,22370,0.4283,0.41148183,0.441193,-0.029712,3
53005,Benton County,WA,3.0,207560,0.6405,0.43548444,0.416146,0.019339,1
53007,Chelan County,WA,4.0,79076,0.7999,0.43931967,0.418493,0.020827,1
53009,Clallam County,WA,5.0,77333,0.5861,0.41539603,0.420995,-0.005599,3
53011,Clark County,WA,2.0,504091,0.4257,0.42882645,0.429178,-0.000352,1
53013,Columbia County,WA,6.0,3980,0.3576,0.43658987,0.424999,0.011591,3
53015,Cowlitz County,WA,4.0,110621,0.7124,0.395531,0.410275,-0.014744,1
53017,Douglas County,WA,4.0,43189,0.8116,0.43682402,0.42273,0.014094,2
53019,Ferry County,WA,6.0,7260,0.7159,0.43534043,0.415544,0.019796,0
53021,Franklin County,WA,3.0,96692,0.9147,0.42117432,0.416513,0.004661,2
53023,Garfield County,WA,6.0,2310,0.2456,0.48261648,0.487277,-0.00466,3
53025,Grant County,WA,5.0,99145,0.931,0.42928672,0.412964,0.016323,2
53027,Grays Harbor County,WA,5.0,75672,0.8215,0.41536888,0.42419,-0.008821,0
53029,Island County,WA,5.0,86510,0.3032,0.4472104,0.444306,0.002904,3
53031,Jefferson County,WA,5.0,33006,0.3643,0.438905,0.453012,-0.014107,3
53033,King County,WA,1.0,2254371,0.3761,0.45312586,0.455494,-0.002368,1
53035,Kitsap County,WA,3.0,275411,0.3334,0.42488608,0.424863,2.3e-05,1
53037,Kittitas County,WA,5.0,44424,0.3366,0.49629563,0.433746,0.062549,1
53039,Klickitat County,WA,6.0,22798,0.6414,0.4329097,0.411073,0.021837,3
53041,Lewis County,WA,5.0,82663,0.7028,0.42201695,0.411822,0.010195,3
53043,Lincoln County,WA,6.0,11036,0.2113,0.52511251,0.495417,0.029695,3
53045,Mason County,WA,5.0,66053,0.573,0.39598638,0.421423,-0.025437,3
53047,Okanogan County,WA,6.0,42336,0.9453,0.44186184,0.39295,0.048911,0
53049,Pacific County,WA,6.0,23396,0.7038,0.43783805,0.422471,0.015367,3
53051,Pend Oreille County,WA,6.0,13570,0.4314,0.45692343,0.427219,0.029704,3
53053,Pierce County,WA,2.0,918993,0.5434,0.41604432,0.415436,0.000608,1
53055,San Juan County,WA,6.0,18001,0.1527,0.4566128,0.483959,-0.027346,3
53057,Skagit County,WA,4.0,129480,0.5982,0.43779993,0.41943,0.01837,1
53059,Skamania County,WA,2.0,12118,0.2345,0.41948113,0.431103,-0.011622,3
53061,Snohomish County,WA,2.0,828337,0.3557,0.45004418,0.436969,0.013075,1
53063,Spokane County,WA,3.0,538711,0.5638,0.42490393,0.413304,0.0116,1
53065,Stevens County,WA,3.0,46774,0.4652,0.44440252,0.444833,-0.000431,3
53067,Thurston County,WA,3.0,294272,0.3939,0.4247748,0.416168,0.008606,1
53069,Wahkiakum County,WA,6.0,4476,0.2039,0.44333866,0.469662,-0.026323,3
53071,Walla Walla County,WA,4.0,62150,0.8078,0.42130429,0.406761,0.014543,1
53073,Whatcom County,WA,4.0,226523,0.5002,0.44325513,0.433878,0.009377,1
53075,Whitman County,WA,5.0,47141,0.5186,0.48012689,0.432891,0.047236,1
53077,Yakima County,WA,3.0,256143,0.9647,0.40869036,0.41396,-0.005269,2
54001,Barbour County,WV,6.0,15527,0.4563,0.45548418,0.438774,0.01671,0
54003,Berkeley County,WV,3.0,123283,0.2704,0.38061044,0.408819,-0.028208,1
54005,Boone County,WV,4.0,21705,0.4003,0.39686668,0.414506,-0.01764,0
54007,Braxton County,WV,6.0,12505,0.6013,0.43297413,0.390754,0.04222,0
54009,Brooke County,WV,4.0,22349,0.378,0.40250942,0.451951,-0.049441,3
54011,Cabell County,WV,3.0,93965,0.7276,0.36893839,0.407734,-0.038796,1
54013,Calhoun County,WV,6.0,6279,0.4696,0.4745855,0.425843,0.048742,0
54015,Clay County,WV,4.0,8049,0.538,0.42534333,0.398304,0.027039,0
54017,Doddridge County,WV,5.0,7847,0.2625,0.43227404,0.424801,0.007473,3
54019,Fayette County,WV,4.0,40545,0.7019,0.41605961,0.410108,0.005952,0
54021,Gilmer County,WV,6.0,7444,0.4849,0.43647057,0.431457,0.005013,0
54023,Grant County,WV,6.0,11034,0.2695,0.39847219,0.423426,-0.024954,3
54025,Greenbrier County,WV,6.0,32995,0.4537,0.40947682,0.420752,-0.011275,3
54027,Hampshire County,WV,4.0,23275,0.4699,0.40226078,0.409624,-0.007363,0
54029,Hancock County,WV,4.0,28907,0.2969,0.39672202,0.434669,-0.037947,3
54031,Hardy County,WV,6.0,14249,0.3942,0.41217995,0.415273,-0.003093,3
54033,Harrison County,WV,5.0,65862,0.4703,0.42397833,0.417428,0.006551,3
54035,Jackson County,WV,6.0,27868,0.2934,0.39311758,0.431821,-0.038703,3
54037,Jefferson County,WV,2.0,58043,0.217,0.38936555,0.427075,-0.037709,3
54039,Kanawha County,WV,4.0,179895,0.5339,0.38050783,0.410693,-0.030185,3
54041,Lewis County,WV,6.0,16920,0.5568,0.42955923,0.413298,0.016261,0
54043,Lincoln County,WV,6.0,20410,0.3983,0.41134503,0.410184,0.001161,0
54045,Logan County,WV,6.0,32350,0.6624,0.39443293,0.395231,-0.000798,0
54047,McDowell County,WV,6.0,18911,0.8721,0.37073523,0.388595,-0.01786,0
54049,Marion County,WV,5.0,56194,0.4394,0.42948195,0.419125,0.010357,3
54051,Marshall County,WV,4.0,30509,0.2167,0.45522022,0.450861,0.00436,3
54053,Mason County,WV,6.0,25488,0.2774,0.39196849,0.42926,-0.037292,3
54055,Mercer County,WV,5.0,59530,0.7343,0.381374,0.407103,-0.025729,0
54057,Mineral County,WV,5.0,26957,0.2135,0.41707379,0.45593,-0.038856,3
54059,Mingo County,WV,6.0,23466,0.6761,0.40481827,0.393276,0.011542,0
54061,Monongalia County,WV,4.0,105988,0.3325,0.43176028,0.434514,-0.002754,1
54063,Monroe County,WV,6.0,12438,0.3901,0.43971238,0.442186,-0.002474,0
54065,Morgan County,WV,3.0,17237,0.1759,0.40254909,0.440128,-0.037579,3
54067,Nicholas County,WV,6.0,24624,0.2794,0.42141983,0.438997,-0.017577,3
54069,Ohio County,WV,4.0,42224,0.4741,0.42190182,0.447801,-0.025899,1
54071,Pendleton County,WV,6.0,6156,0.2666,0.43508109,0.435681,-0.000599,3
54073,Pleasants County,WV,6.0,7622,0.4295,0.48239341,0.414731,0.067663,0
54075,Pocahontas County,WV,6.0,7940,0.5546,0.41511455,0.43026,-0.015146,0
54077,Preston County,WV,4.0,34206,0.4591,0.44848606,0.421942,0.026544,3
54079,Putnam County,WV,3.0,57347,0.077,0.41490504,0.443935,-0.029029,3
54081,Raleigh County,WV,4.0,74303,0.7887,0.40020555,0.398399,0.001807,0
54083,Randolph County,WV,5.0,28005,0.5189,0.40600058,0.416609,-0.010608,0
54085,Ritchie County,WV,6.0,8507,0.2609,0.41655013,0.416392,0.000159,0
54087,Roane County,WV,6.0,14027,0.6141,0.41699594,0.392211,0.024785,0
54089,Summers County,WV,6.0,11985,0.6752,0.39783511,0.416557,-0.018721,0
54091,Taylor County,WV,5.0,16602,0.3538,0.41157141,0.440686,-0.029114,0
54093,Tucker County,WV,6.0,6747,0.2615,0.45519081,0.463393,-0.008202,3
54095,Tyler County,WV,6.0,8336,0.1349,0.44316429,0.495295,-0.052131,3
54097,Upshur County,WV,6.0,23875,0.6045,0.44054127,0.398877,0.041664,0
54099,Wayne County,WV,3.0,38933,0.3694,0.39207786,0.413237,-0.02116,0
54101,Webster County,WV,6.0,8362,0.4916,0.43224537,0.396307,0.035939,0
54103,Wetzel County,WV,6.0,14431,0.3201,0.43513608,0.446412,-0.011276,3
54105,Wirt County,WV,4.0,5202,0.2552,0.42748761,0.429064,-0.001576,0
54107,Wood County,WV,4.0,84272,0.3869,0.39263654,0.425746,-0.03311,3
54109,Wyoming County,WV,6.0,21237,0.5173,0.42430922,0.403326,0.020983,0
55001,Adams County,WI,6.0,20730,0.5259,0.40926808,0.43263,-0.023362,3
55003,Ashland County,WI,6.0,16041,0.4852,0.4398492,0.432416,0.007433,3
55005,Barron County,WI,5.0,46683,0.4009,0.47642335,0.447852,0.028572,3
55007,Bayfield County,WI,6.0,16214,0.097,0.45997739,0.45347,0.006507,3
55009,Brown County,WI,3.0,268393,0.3007,0.44847515,0.453741,-0.005266,1
55011,Buffalo County,WI,6.0,13329,0.0595,0.51301509,0.501487,0.011528,3
55013,Burnett County,WI,6.0,16561,0.1928,0.45561081,0.445507,0.010103,3
55015,Calumet County,WI,4.0,52361,0.0115,0.49285743,0.491008,0.001849,3
55017,Chippewa County,WI,4.0,66254,0.1056,0.48345125,0.486201,-0.00275,3
55019,Clark County,WI,6.0,34703,0.6347,0.49571508,0.442747,0.052968,3
55021,Columbia County,WI,3.0,58272,0.0993,0.45611382,0.478015,-0.021901,3
55023,Crawford County,WI,6.0,16123,0.2905,0.46712586,0.500081,-0.032955,3
55025,Dane County,WI,3.0,559891,0.1855,0.43010265,0.462615,-0.032513,1
55027,Dodge County,WI,5.0,89032,0.1584,0.45906836,0.432979,0.02609,3
55029,Door County,WI,6.0,30038,0.0525,0.50136667,0.456197,0.045169,3
55031,Douglas County,WI,3.0,44092,0.2946,0.43560475,0.435064,0.000541,3
55033,Dunn County,WI,5.0,45221,0.188,0.47370669,0.45978,0.013927,3
55035,Eau Claire County,WI,4.0,105697,0.1616,0.44859952,0.474304,-0.025705,3
55037,Florence County,WI,5.0,4574,0.112,0.45735937,0.445328,0.012031,3
55039,Fond du Lac County,WI,4.0,104027,0.1887,0.4605431,0.461544,-0.001001,3
55041,Forest County,WI,6.0,9239,0.3799,0.45994213,0.423619,0.036323,3
55043,Grant County,WI,5.0,51842,0.2224,0.51518267,0.467664,0.047518,3
55045,Green County,WI,3.0,37066,0.0684,0.47452295,0.445979,0.028543,3
55047,Green Lake County,WI,6.0,19093,0.4228,0.46286643,0.454933,0.007933,3
55049,Iowa County,WI,3.0,23766,0.0051,0.50928736,0.499915,0.009372,3
55051,Iron County,WI,6.0,6136,0.0926,0.42444006,0.466254,-0.041813,3
55053,Jackson County,WI,6.0,20958,0.5231,0.44170102,0.426393,0.015308,3
55055,Jefferson County,WI,5.0,85932,0.1276,0.46513158,0.453281,0.01185,3
55057,Juneau County,WI,6.0,26695,0.4273,0.44895756,0.42001,0.028947,3
55059,Kenosha County,WI,4.0,168693,0.5215,0.38593858,0.392736,-0.006797,1
55061,Kewaunee County,WI,3.0,20570,0.0064,0.48333654,0.541196,-0.05786,3
55063,La Crosse County,WI,4.0,120216,0.182,0.4561184,0.477879,-0.02176,1
55065,Lafayette County,WI,6.0,16716,0.1339,0.51928043,0.507283,0.011997,3
55067,Langlade County,WI,6.0,19512,0.1607,0.43578655,0.43442,0.001367,3
55069,Lincoln County,WI,6.0,28402,0.1775,0.4367581,0.442813,-0.006055,3
55071,Manitowoc County,WI,5.0,81242,0.1346,0.46936321,0.52733,-0.057967,3
55073,Marathon County,WI,4.0,137820,0.1473,0.47811922,0.456524,0.021595,3
55075,Marinette County,WI,5.0,41827,0.1088,0.44831753,0.457127,-0.008809,3
55077,Marquette County,WI,6.0,15619,0.2227,0.4425424,0.443499,-0.000956,3
55078,Menominee County,WI,5.0,4279,0.5743,0.27423379,0.353548,-0.079314,2
55079,Milwaukee County,WI,1.0,933063,0.8276,0.36294535,0.369267,-0.006322,1
55081,Monroe County,WI,5.0,46208,0.4432,0.44947651,0.465384,-0.015908,3
55083,Oconto County,WI,3.0,39048,0.0204,0.45696345,0.517917,-0.060954,3
55085,Oneida County,WI,6.0,37799,0.036,0.44890639,0.520693,-0.071787,3
55087,Outagamie County,WI,4.0,190611,0.0671,0.46785104,0.468158,-0.000307,3
55089,Ozaukee County,WI,2.0,91745,0.0395,0.48989257,0.502106,-0.012213,3
55091,Pepin County,WI,6.0,7363,0.0442,0.54970735,0.538509,0.011199,3
55093,Pierce County,WI,2.0,42187,0.0216,0.53239816,0.481709,0.050689,3
55095,Polk County,WI,6.0,45128,0.0703,0.48797402,0.441518,0.046456,3
55097,Portage County,WI,5.0,70281,0.1063,0.47804737,0.457444,0.020604,3
55099,Price County,WI,6.0,14066,0.2253,0.50338387,0.475965,0.027419,3
55101,Racine County,WI,4.0,197068,0.4674,0.39205289,0.389219,0.002834,1
55103,Richland County,WI,6.0,17256,0.3764,0.47576597,0.50589,-0.030124,3
55105,Rock County,WI,4.0,163817,0.2988,0.39698279,0.406898,-0.009915,1
55107,Rusk County,WI,6.0,14179,0.216,0.47437027,0.431319,0.043052,3
55109,St. Croix County,WI,2.0,93752,0.0086,0.4993405,0.501883,-0.002543,3
55111,Sauk County,WI,5.0,65664,0.2323,0.44157493,0.456784,-0.015209,3
55113,Sawyer County,WI,6.0,18057,0.3758,0.41182184,0.421613,-0.009791,3
55115,Shawano County,WI,5.0,40848,0.1769,0.4615739,0.457553,0.004021,3
55117,Sheboygan County,WI,4.0,117741,0.16,0.46229032,0.471332,-0.009042,3
55119,Taylor County,WI,6.0,19979,0.189,0.50139439,0.449393,0.052001,3
55121,Trempealeau County,WI,6.0,30679,0.1989,0.50556678,0.503567,0.002,3
55123,Vernon County,WI,4.0,30811,0.4779,0.47194624,0.504186,-0.032239,3
55125,Vilas County,WI,6.0,23146,0.0729,0.47800592,0.447488,0.030518,3
55127,Walworth County,WI,5.0,105127,0.2074,0.44411889,0.449798,-0.005679,3
55129,Washburn County,WI,6.0,16685,0.119,0.44290963,0.438561,0.004348,3
55131,Washington County,WI,2.0,136842,0.008,0.47980195,0.46727,0.012532,3
55133,Waukesha County,WI,2.0,407290,0.0191,0.47150677,0.496574,-0.025067,3
55135,Waupaca County,WI,6.0,51822,0.1142,0.47164854,0.463414,0.008234,3
55137,Waushara County,WI,6.0,24672,0.3917,0.43297023,0.440545,-0.007575,3
55139,Winnebago County,WI,4.0,171197,0.1549,0.43941084,0.481315,-0.041905,1
55141,Wood County,WI,5.0,74138,0.1791,0.48092645,0.444226,0.0367,3
56001,Albany County,WY,5.0,37525,0.2533,0.47532144,0.4465,0.028822,1
56003,Big Horn County,WY,6.0,11690,0.531,0.5100556,0.451727,0.058329,3
56005,Campbell County,WY,5.0,46857,0.2367,0.52075905,0.470691,0.050068,3
56007,Carbon County,WY,6.0,14609,0.5377,0.44514847,0.412838,0.03231,3
56009,Converse County,WY,6.0,13729,0.2781,0.51451492,0.444192,0.070323,3
56011,Crook County,WY,6.0,7258,0.0722,0.60546488,0.551676,0.053789,3
56013,Fremont County,WY,5.0,39402,0.7642,0.47711253,0.42175,0.055362,0
56015,Goshen County,WY,6.0,12592,0.2918,0.50003821,0.489522,0.010516,3
56017,Hot Springs County,WY,6.0,4616,0.1938,0.54999864,0.527699,0.022299,3
56019,Johnson County,WY,6.0,8536,0.1709,0.5391863,0.531282,0.007904,3
56021,Laramie County,WY,4.0,100316,0.2514,0.4432556,0.42068,0.022576,3
56023,Lincoln County,WY,6.0,19794,0.118,0.54061657,0.518168,0.022449,3
56025,Natrona County,WY,4.0,79506,0.3987,0.47916022,0.429328,0.049832,1
56027,Niobrara County,WY,6.0,2460,0.419,0.55414099,0.464049,0.090092,3
56029,Park County,WY,5.0,29878,0.1072,0.50351298,0.509413,-0.0059,3
56031,Platte County,WY,6.0,8618,0.3309,0.51550686,0.45085,0.064657,3
56033,Sheridan County,WY,5.0,31176,0.2211,0.49311802,0.498574,-0.005456,3
56035,Sublette County,WY,6.0,8801,0.1225,0.51982349,0.493886,0.025937,3
56037,Sweetwater County,WY,5.0,42079,0.4722,0.4862521,0.433194,0.053058,3
56039,Teton County,WY,5.0,23346,0.1693,0.5336684,0.486715,0.046954,3
56041,Uinta County,WY,5.0,20546,0.2803,0.48714781,0.490903,-0.003756,3
56043,Washakie County,WY,6.0,7725,0.2192,0.45380688,0.511892,-0.058085,3
56045,Weston County,WY,6.0,6870,0.3331,0.4814133,0.426936,0.054477,3
