FIPS,COUNTY,ST_ABBR,CODE2023,E_TOTPOP,RPL_THEMES,EP_POV150,EP_UNEMP,EP_HBURD,EP_NOHSDP,EP_UNINSUR,EP_AGE65,EP_AGE17,EP_DISABL,EP_SNGPNT,EP_LIMENG,EP_MINRTY,EP_MUNIT,EP_MOBILE,EP_CROWD,EP_NOVEH,EP_GROUPQ,MOBILITY
01001,Autauga County,AL,3.0,58761,0.2663,20.2,2.8,19.7,9.6,7.4,15.6,23.4,16.4,5.6,0.4,27.4,3.9,15.6,1.4,4.0,0.9,0.36166623
01003,Baldwin County,AL,4.0,233420,0.3487,18.3,3.4,23.2,8.4,9.3,21.2,21.2,13.9,4.2,0.8,17.7,16.6,10.2,1.9,2.3,1.5,0.38884708
01005,Barbour County,AL,5.0,24877,0.9927,37.7,5.8,25.1,23.5,10.7,19.8,20.7,18.1,11.3,2.0,55.4,1.4,29.2,3.8,11.7,12.0,0.34938559
01007,Bibb County,AL,2.0,22251,0.8451,29.0,8.7,23.2,21.1,8.4,16.8,21.2,19.6,7.2,0.3,25.8,2.7,30.6,1.3,7.5,6.4,0.36339074
01009,Blount County,AL,2.0,59077,0.6166,22.9,6.0,19.4,18.2,10.2,18.3,23.0,17.0,5.3,2.2,14.3,0.9,23.9,2.3,4.8,1.0,0.39187884
01011,Bullock County,AL,6.0,10328,0.8985,47.4,3.7,23.3,26.6,12.2,16.6,21.1,11.2,16.3,1.8,79.4,4.1,42.4,0.8,10.4,7.1,0.34565896
01013,Butler County,AL,6.0,18981,0.6872,33.8,6.8,22.5,12.4,11.0,21.2,22.3,16.2,7.2,0.1,49.1,0.8,21.5,0.6,5.0,1.8,0.35724857
01015,Calhoun County,AL,4.0,116162,0.8145,28.7,6.9,23.0,14.9,10.8,17.9,21.2,20.2,6.9,0.5,29.5,3.7,14.6,1.7,5.6,3.2,0.36184675
01017,Chambers County,AL,5.0,34612,0.8295,28.8,3.6,23.1,16.5,10.8,19.7,20.8,20.8,5.6,0.3,45.7,7.2,13.6,5.3,7.0,1.8,0.34057492
01019,Cherokee County,AL,6.0,25069,0.406,25.6,4.0,19.9,18.1,10.2,23.2,18.9,20.3,4.6,0.9,9.3,1.2,26.9,0.7,3.2,1.2,0.36542159
01021,Chilton County,AL,2.0,45140,0.5336,22.8,5.3,16.0,17.8,11.5,16.8,23.7,19.4,3.8,2.1,20.9,0.5,30.6,2.6,3.3,1.0,0.38805655
01023,Choctaw County,AL,6.0,12669,0.6548,31.9,5.2,19.3,17.6,8.2,23.3,19.9,23.6,6.5,0.3,43.5,0.9,33.4,0.6,5.7,1.3,0.3969731
01025,Clarke County,AL,6.0,23058,0.8365,29.7,12.5,20.0,18.6,9.5,20.4,22.0,19.6,7.8,0.1,48.8,1.4,25.2,1.4,10.6,1.6,0.38430709
01027,Clay County,AL,6.0,14209,0.6223,29.1,5.7,20.6,16.7,8.1,20.8,20.5,19.6,5.6,0.0,19.9,0.7,23.9,2.1,6.4,1.8,0.40678033
01029,Cleburne County,AL,6.0,15144,0.5196,27.7,2.6,17.8,17.5,10.1,19.6,22.8,21.4,4.9,0.4,7.8,0.3,31.5,2.6,6.8,1.1,0.4124786
01031,Coffee County,AL,5.0,53559,0.6802,26.2,4.8,20.6,13.4,10.9,17.1,23.7,18.3,8.8,1.7,31.2,1.6,13.3,2.0,4.0,1.3,0.38671088
01033,Colbert County,AL,4.0,57270,0.4467,23.1,3.4,22.9,13.6,7.9,20.0,20.9,17.3,6.3,0.9,22.3,3.1,8.4,1.4,4.7,0.9,0.3732456
01035,Conecuh County,AL,6.0,11576,0.5122,38.6,4.4,17.9,10.6,8.6,23.4,20.5,20.9,5.6,0.0,50.3,1.3,26.0,0.7,7.0,0.5,0.36797199
01037,Coosa County,AL,5.0,10329,0.4808,22.2,4.4,15.3,16.5,6.2,24.4,16.1,25.6,4.7,0.0,35.8,0.1,30.0,3.7,3.8,3.5,0.35266301
01039,Covington County,AL,6.0,37542,0.7121,30.1,5.5,20.9,14.2,10.3,21.7,21.9,20.8,7.2,0.1,17.5,1.0,20.4,1.6,6.4,1.9,0.4055416
01041,Crenshaw County,AL,6.0,13205,0.685,28.4,6.1,20.7,17.9,8.5,19.8,22.9,16.9,5.3,0.5,30.1,0.4,26.2,1.1,7.3,1.9,0.40949893
01043,Cullman County,AL,5.0,88284,0.4909,23.3,4.3,18.6,15.4,10.6,18.8,22.3,18.2,5.8,0.8,9.2,2.7,20.1,1.9,2.9,1.4,0.40455472
01045,Dale County,AL,5.0,49455,0.7766,29.6,7.8,23.3,14.3,10.0,17.5,23.1,20.8,7.5,0.9,32.7,1.7,18.0,0.7,5.2,1.8,0.38080323
01047,Dallas County,AL,5.0,38326,0.9189,40.8,9.1,28.4,14.7,9.5,19.4,23.6,19.8,8.7,0.2,73.0,1.7,17.4,1.4,14.6,1.5,0.33595914
01049,DeKalb County,AL,5.0,71680,0.756,33.6,3.9,20.6,22.3,14.6,17.3,23.9,15.4,5.5,4.7,20.9,1.1,22.8,3.4,4.2,1.5,0.39647737
01051,Elmore County,AL,3.0,87694,0.4397,18.7,4.2,18.5,11.5,8.2,15.8,21.7,15.2,6.9,0.7,27.6,3.2,16.3,1.3,4.3,4.9,0.37799388
01053,Escambia County,AL,6.0,36755,0.8473,38.3,9.2,22.4,17.7,12.3,18.6,22.7,20.3,6.3,0.4,39.8,0.7,20.4,0.5,6.1,6.9,0.3677946
01055,Etowah County,AL,4.0,103348,0.672,27.2,6.0,22.1,13.9,11.7,19.4,21.4,17.4,6.9,0.9,22.9,3.1,10.7,1.7,4.2,1.5,0.36484614
01057,Fayette County,AL,6.0,16297,0.7458,34.5,9.6,19.7,16.3,10.1,21.2,21.1,23.5,4.8,0.1,16.1,2.6,18.9,1.1,10.7,2.0,0.40141243
01059,Franklin County,AL,5.0,32011,0.7576,33.3,3.8,16.6,19.9,12.5,17.1,24.7,17.0,6.9,4.2,24.8,2.2,15.5,1.6,9.2,0.9,0.40572405
01061,Geneva County,AL,4.0,26647,0.5822,32.0,3.9,18.9,16.6,12.1,20.3,21.9,23.9,4.0,0.6,19.2,0.4,25.5,1.6,6.8,1.0,0.39071053
01063,Greene County,AL,3.0,7706,0.9157,50.0,4.5,25.1,18.1,13.9,23.7,22.0,28.2,6.7,0.0,82.9,3.5,34.2,0.3,13.2,1.7,0.3280988
01065,Hale County,AL,3.0,14742,0.8826,35.9,7.6,28.6,19.4,7.0,19.7,23.4,25.0,3.3,0.2,61.6,0.9,38.2,2.6,11.5,1.5,0.35585302
01067,Henry County,AL,4.0,17282,0.6195,25.9,5.3,18.3,18.5,9.6,22.9,20.4,20.6,4.9,0.3,30.5,0.8,25.2,1.1,7.6,1.7,0.35838878
01069,Houston County,AL,4.0,107040,0.7175,27.8,5.0,24.0,12.4,11.7,18.2,22.9,16.8,8.1,0.5,35.1,4.1,12.5,1.3,6.2,1.1,0.35789412
01071,Jackson County,AL,5.0,52618,0.7194,31.0,6.0,21.9,18.0,11.0,20.6,20.6,21.7,6.3,0.7,11.2,1.1,21.5,2.2,4.6,1.3,0.39407125
01073,Jefferson County,AL,2.0,672265,0.7251,24.6,5.4,28.3,8.9,9.0,16.3,22.7,14.9,7.4,1.0,51.1,13.9,2.9,1.3,6.9,2.8,0.34393278
01075,Lamar County,AL,6.0,13885,0.4731,26.7,5.0,17.3,17.9,7.8,22.1,21.8,22.4,4.1,0.1,14.3,2.5,20.3,1.0,5.7,1.2,0.42915851
01077,Lauderdale County,AL,4.0,94329,0.4919,24.4,3.6,20.8,11.2,9.5,20.1,19.4,15.3,5.7,0.9,16.6,7.1,8.6,0.9,6.1,2.7,0.3963314
01079,Lawrence County,AL,4.0,33116,0.3624,27.2,3.0,16.9,17.3,9.1,18.6,21.7,21.4,3.3,0.6,23.7,1.0,26.8,1.0,5.1,0.8,0.38764086
01081,Lee County,AL,4.0,175126,0.6446,27.0,3.8,27.3,8.3,8.6,12.7,20.9,13.2,6.4,1.3,33.1,12.7,14.6,2.2,4.8,4.2,0.36433998
01083,Limestone County,AL,3.0,104199,0.3233,18.4,4.1,16.7,12.7,8.2,15.4,22.1,14.3,5.3,1.0,25.3,3.6,10.4,1.7,3.1,2.9,0.36662039
01085,Lowndes County,AL,3.0,10153,0.9042,45.0,7.5,36.2,16.7,8.9,19.4,22.0,22.4,10.5,0.0,75.4,0.0,35.7,1.7,11.1,1.4,0.329528
01087,Macon County,AL,4.0,19198,0.9656,36.7,12.5,24.7,17.3,11.1,20.2,16.6,18.4,10.1,0.4,83.9,5.0,19.1,1.4,10.8,13.6,0.3151837
01089,Madison County,AL,3.0,389781,0.3509,17.8,4.2,21.4,7.8,7.8,15.4,21.5,13.5,6.9,1.1,36.5,10.2,3.8,1.3,4.1,2.8,0.36340868
01091,Marengo County,AL,6.0,19180,0.6691,32.5,2.8,22.1,10.9,9.3,19.9,22.7,22.6,7.7,0.0,55.5,2.1,28.5,0.3,8.6,1.4,0.37045205
01093,Marion County,AL,6.0,29203,0.6946,30.1,6.5,21.0,19.4,11.0,20.9,21.1,25.7,3.4,0.3,9.2,1.4,21.7,2.7,5.0,2.2,0.39463562
01095,Marshall County,AL,5.0,97923,0.6201,26.6,3.8,20.6,15.6,11.1,17.2,25.2,14.1,7.6,3.4,20.9,1.9,13.2,1.6,4.8,1.3,0.38712749
01097,Mobile County,AL,3.0,413878,0.8304,28.3,5.9,28.3,11.9,11.3,16.7,23.2,13.8,7.9,0.9,44.2,10.1,7.2,1.9,6.7,1.9,0.35896039
01099,Monroe County,AL,6.0,19816,0.7416,34.2,12.2,21.6,16.3,11.0,21.0,21.1,16.4,5.4,0.1,46.3,1.4,20.5,1.9,6.3,1.3,0.36833104
01101,Montgomery County,AL,3.0,228132,0.929,30.0,6.8,30.4,12.0,10.6,15.6,23.6,16.4,12.0,1.4,68.4,9.1,3.8,2.4,6.9,3.5,0.32733279
01103,Morgan County,AL,4.0,123102,0.6787,23.4,4.2,19.1,14.8,11.0,17.9,22.9,16.7,5.8,2.5,25.7,5.1,10.3,2.5,5.1,1.7,0.36942601
01105,Perry County,AL,6.0,8479,0.9214,49.2,15.7,26.4,20.4,6.6,20.5,21.1,25.2,12.0,0.0,71.6,0.5,29.4,0.4,10.4,10.9,0.33660656
01107,Pickens County,AL,3.0,18925,0.8918,33.6,5.3,22.1,15.1,8.5,19.4,19.3,24.1,8.1,1.8,46.4,2.3,24.3,1.0,7.8,8.9,0.36965418
01109,Pike County,AL,5.0,32997,0.8002,34.0,4.9,30.5,12.1,8.9,15.3,18.9,15.1,7.7,0.8,44.7,5.4,24.4,0.9,6.7,7.2,0.36580148
01111,Randolph County,AL,6.0,22179,0.559,27.2,3.2,18.7,18.0,8.4,20.9,20.9,19.0,7.5,0.2,25.4,0.9,27.1,1.2,5.3,2.6,0.37275833
01113,Russell County,AL,3.0,58849,0.8963,32.0,6.5,33.1,14.8,11.7,14.9,24.1,21.0,10.0,0.6,55.9,4.8,13.2,1.0,8.8,1.0,0.331193
01115,St. Clair County,AL,2.0,91719,0.2587,16.5,4.3,17.9,12.7,8.2,17.4,22.3,16.3,5.4,0.1,15.4,1.1,21.6,1.7,3.3,2.2,0.39964822
01117,Shelby County,AL,2.0,223916,0.1238,11.6,3.1,18.9,6.2,6.4,16.2,22.8,12.0,5.0,1.3,24.1,7.1,7.8,1.0,2.6,1.6,0.41377839
01119,Sumter County,AL,6.0,12196,0.9255,44.1,8.2,26.9,11.2,9.7,18.6,18.9,20.3,10.9,0.5,74.8,2.1,31.9,1.3,7.7,11.0,0.34428778
01121,Talladega County,AL,5.0,81105,0.908,29.7,8.4,23.4,16.8,9.4,18.6,20.7,21.5,9.2,0.6,37.7,1.9,25.6,1.7,7.7,4.6,0.35622436
01123,Tallapoosa County,AL,5.0,41251,0.8692,27.4,10.4,19.9,18.1,9.5,22.3,20.4,20.8,8.8,1.0,31.4,3.9,16.7,1.4,6.9,1.9,0.3650265
01125,Tuscaloosa County,AL,3.0,231558,0.651,25.9,5.5,27.3,9.4,6.7,13.6,20.4,12.5,7.5,0.7,39.5,16.9,8.9,1.7,5.7,5.7,0.35644168
01127,Walker County,AL,2.0,64978,0.6398,28.0,5.7,18.1,17.3,12.1,19.6,22.2,24.3,6.1,0.5,12.4,0.8,28.6,1.4,4.7,1.6,0.37566268
01129,Washington County,AL,6.0,15434,0.3217,30.2,6.3,15.0,11.7,9.2,19.8,20.6,15.6,5.2,0.0,34.7,0.0,27.0,1.3,4.1,0.9,0.41849449
01131,Wilcox County,AL,6.0,10441,0.9819,44.2,10.7,24.1,22.3,9.4,20.8,23.0,21.2,11.2,0.5,72.6,0.1,37.7,2.7,13.6,2.0,0.3492828
01133,Winston County,AL,6.0,23655,0.6125,29.4,4.4,18.6,20.0,11.3,21.7,20.2,22.5,5.7,0.9,7.7,1.1,30.3,1.3,5.3,1.7,0.38814789
02013,Aleutians East Borough,AK,6.0,3407,0.7754,23.7,4.4,15.7,19.0,39.7,11.6,12.2,10.4,6.7,14.5,84.3,3.6,6.9,5.1,25.0,36.3,0.34843248
02016,Aleutians West Census Area,AK,6.0,5219,0.5033,15.4,3.0,12.6,10.5,17.2,6.3,17.0,7.5,3.7,10.0,76.6,19.0,2.0,10.2,9.9,29.1,0.34952685
02020,Anchorage Municipality,AK,3.0,290674,0.6052,15.8,5.2,24.6,5.8,10.5,12.0,23.9,11.2,6.0,2.1,44.8,11.8,3.9,4.5,5.7,2.6,0.39022613
02050,Bethel Census Area,AK,6.0,18538,0.9424,39.5,16.2,17.2,17.3,14.0,7.7,34.8,11.5,8.2,1.3,91.2,4.8,3.8,33.7,61.9,6.1,0.24522647
02060,Bristol Bay Borough,AK,6.0,854,0.2332,10.5,2.7,7.4,5.0,19.1,12.6,19.1,14.9,2.2,0.0,55.6,2.3,6.5,4.6,10.2,15.0,0.30094439
02068,Denali Borough,AK,6.0,2101,0.0353,9.3,1.9,15.6,3.3,3.0,14.1,12.9,11.5,1.3,0.4,24.8,3.2,6.7,4.0,3.2,42.6,0.31032866
02070,Dillingham Census Area,AK,6.0,4854,0.8931,27.3,11.3,16.9,11.9,18.1,11.7,30.2,11.3,11.6,1.7,85.7,3.0,1.0,28.1,36.2,8.5,0.30598083
02090,Fairbanks North Star Borough,AK,4.0,96299,0.4925,13.4,5.5,24.6,5.3,8.6,11.8,23.8,12.6,5.6,0.8,32.2,8.5,2.6,4.8,4.8,4.2,0.39939216
02100,Haines Borough,AK,6.0,2079,0.4594,15.0,4.3,24.4,2.3,9.1,21.6,30.2,15.1,1.0,0.0,27.2,1.6,6.7,5.2,9.0,2.8,0.4371523
02105,Hoonah-Angoon Census Area,AK,6.0,2329,0.6376,24.2,14.0,15.7,6.0,19.5,24.0,13.3,19.9,2.1,0.6,50.3,1.1,5.7,2.3,33.1,6.7,0.23737538
02110,Juneau City and Borough,AK,5.0,32108,0.3528,12.3,4.5,20.0,4.6,6.9,14.8,20.6,11.5,4.9,1.0,38.2,14.0,7.8,2.9,9.6,1.9,0.37157425
02122,Kenai Peninsula Borough,AK,6.0,59235,0.4725,19.1,7.2,22.3,5.8,12.7,18.6,22.1,15.5,4.3,0.4,22.0,2.5,4.2,4.4,4.8,2.7,0.41978163
02130,Ketchikan Gateway Borough,AK,5.0,13910,0.5027,16.6,4.1,25.6,5.3,9.4,16.7,21.0,14.1,4.6,0.7,38.1,11.6,3.3,3.9,11.8,2.0,0.39546809
02150,Kodiak Island Borough,AK,6.0,13065,0.637,15.0,5.7,16.6,8.8,12.9,12.3,24.0,9.2,4.4,7.2,54.0,10.0,4.1,11.8,8.9,3.2,0.43025735
02158,Kusilvak Census Area,AK,6.0,8372,0.8568,53.1,20.9,16.1,18.6,14.1,6.1,41.2,13.7,17.4,0.3,96.9,0.4,1.2,40.7,85.9,4.0,0.2158971
02164,Lake and Peninsula Borough,AK,6.0,999,0.7926,26.9,14.0,8.9,9.2,31.5,9.2,25.5,13.7,10.7,0.7,82.9,0.1,0.8,15.3,42.0,13.7,0.30806768
02170,Matanuska-Susitna Borough,AK,3.0,108661,0.4792,16.6,7.0,24.3,5.8,13.3,12.9,26.1,13.9,5.7,0.7,23.3,2.2,2.8,5.3,3.7,2.2,0.39588046
02180,Nome Census Area,AK,6.0,10018,0.8683,35.7,16.5,19.8,11.8,14.7,7.5,34.0,9.9,9.8,0.3,86.1,3.2,0.6,31.3,57.2,6.8,0.24851827
02185,North Slope Borough,AK,6.0,10924,0.7747,12.7,6.8,16.4,9.3,15.0,7.6,22.8,11.4,12.2,1.4,68.7,12.1,0.9,25.6,36.5,35.4,0.28824368
02188,Northwest Arctic Borough,AK,6.0,7682,0.8734,31.3,15.5,15.4,13.9,19.2,7.9,36.2,10.3,9.9,0.3,90.4,4.7,1.6,32.7,65.3,6.7,0.24227615
02195,Petersburg Borough,AK,6.0,3374,0.6857,12.4,4.4,21.1,13.0,9.6,25.0,18.0,19.0,3.5,6.8,45.4,3.6,8.6,1.6,12.6,3.9,0.44674322
02198,Prince of Wales-Hyder Census Area,AK,6.0,5799,0.818,25.6,7.5,15.8,7.5,18.9,19.3,21.5,21.3,6.0,0.3,56.3,3.4,16.9,4.9,8.3,2.1,0.2986097
02220,Sitka City and Borough,AK,6.0,8462,0.4442,11.7,5.0,21.3,4.8,12.3,16.2,20.2,14.2,4.5,0.9,40.1,6.0,9.7,1.3,10.5,3.5,0.41343737
02230,Skagway Municipality,AK,6.0,1303,0.3328,13.0,11.0,12.9,7.3,9.7,13.8,15.9,14.3,4.4,1.1,23.5,1.2,8.9,3.1,6.3,17.7,0.51409113
02240,Southeast Fairbanks Census Area,AK,6.0,6888,0.6755,22.2,6.6,17.3,6.3,16.4,14.2,26.8,19.1,3.6,2.2,28.2,2.7,4.4,6.2,5.7,6.3,0.42866734
02275,Wrangell City and Borough,AK,6.0,2134,0.5342,16.6,3.4,19.0,12.9,16.5,27.0,22.1,23.1,4.4,0.1,44.4,1.7,8.2,1.4,6.3,2.6,0.38835242
02282,Yakutat City and Borough,AK,6.0,564,0.3723,15.5,1.8,6.1,6.0,23.2,24.6,18.6,9.6,1.3,1.5,69.3,1.0,1.7,5.2,12.6,15.1,0.15431266
02290,Yukon-Koyukuk Census Area,AK,6.0,5355,0.8807,35.4,11.1,15.2,13.0,21.0,16.2,27.2,17.8,9.0,0.1,78.2,0.6,2.2,14.5,46.9,8.5,0.27879399
04001,Apache County,AZ,6.0,66054,0.965,47.1,9.5,12.9,16.0,23.6,15.8,26.5,14.0,8.7,4.8,81.8,0.6,23.2,12.5,12.7,2.2,0.33915681
04003,Cochise County,AZ,4.0,125504,0.9325,27.0,6.8,23.1,11.1,7.7,23.2,21.1,17.9,6.3,3.7,46.3,6.4,20.1,2.5,6.0,4.8,0.41243395
04005,Coconino County,AZ,4.0,144705,0.8031,26.7,7.0,28.7,8.5,11.2,13.4,19.9,12.7,4.3,2.1,47.0,9.7,13.1,7.1,5.4,8.8,0.40403309
04007,Gila County,AZ,5.0,53419,0.847,30.6,6.9,24.2,12.9,9.8,29.6,19.4,21.2,3.6,0.6,38.8,1.2,19.8,4.4,6.9,2.3,0.39617312
04009,Graham County,AZ,5.0,38453,0.8486,25.9,6.0,20.7,15.4,8.5,14.0,26.3,12.9,6.9,1.5,49.6,2.9,19.6,5.9,4.9,8.3,0.4117319
04011,Greenlee County,AZ,6.0,9483,0.3598,16.5,3.0,10.8,14.1,2.3,13.7,27.3,12.5,9.2,0.9,55.3,2.8,21.4,4.1,2.7,0.9,0.44606653
04012,La Paz County,AZ,6.0,16681,0.9195,30.9,10.7,20.7,17.4,15.2,40.5,16.2,23.2,6.0,5.1,43.9,0.5,55.6,9.2,4.8,1.1,0.37949997
04013,Maricopa County,AZ,1.0,4430871,0.713,19.0,4.8,26.6,10.8,11.0,15.6,23.1,11.7,6.4,4.4,46.8,15.8,4.9,4.4,5.2,1.4,0.39858052
04015,Mohave County,AZ,4.0,214229,0.8489,27.1,7.5,25.9,12.2,9.1,31.3,16.5,22.3,4.9,1.5,24.5,4.2,25.1,3.1,4.4,1.7,0.39757812
04017,Navajo County,AZ,5.0,107110,0.9806,38.8,9.7,18.8,14.4,14.5,19.0,25.9,17.9,7.3,2.4,58.1,1.4,19.9,9.3,8.5,2.7,0.37639859
04019,Pima County,AZ,1.0,1042393,0.888,24.1,5.9,28.5,10.5,9.1,20.4,20.2,15.0,6.1,3.5,49.9,14.1,9.9,3.5,7.2,2.8,0.38399237
04021,Pinal County,AZ,2.0,433338,0.797,20.0,6.4,22.8,11.5,9.6,20.8,22.0,16.1,5.4,2.8,45.2,2.2,17.3,4.1,3.5,4.8,0.36687279
04023,Santa Cruz County,AZ,5.0,47838,0.9383,33.4,9.8,27.5,22.0,14.0,18.5,26.3,12.9,7.0,21.6,84.9,2.0,7.0,6.1,6.0,0.6,0.38348687
04025,Yavapai County,AZ,4.0,237830,0.5991,21.4,4.9,25.9,7.9,10.9,32.7,15.8,18.1,3.2,1.5,21.2,4.0,16.8,2.3,3.9,2.0,0.4318611
04027,Yuma County,AZ,4.0,204374,0.9978,31.7,8.3,26.8,23.8,13.5,19.7,25.1,12.9,8.8,13.9,70.8,4.2,28.9,10.2,5.3,3.3,0.38422301
05001,Arkansas County,AR,6.0,17024,0.7226,27.7,6.5,21.7,14.0,6.3,19.9,22.9,20.9,3.9,0.3,31.8,2.6,13.4,2.6,9.7,1.5,0.35955381
05003,Ashley County,AR,6.0,19018,0.8237,37.6,6.0,22.9,14.1,8.4,21.1,22.6,22.9,5.1,1.3,32.4,2.2,20.2,1.4,8.9,0.9,0.37255526
05005,Baxter County,AR,5.0,41801,0.4333,28.9,5.1,24.1,10.4,6.5,31.1,17.6,26.1,3.5,0.1,8.0,3.1,13.6,2.1,4.4,1.0,0.41312975
05007,Benton County,AR,3.0,286528,0.3268,14.9,2.9,17.2,9.9,9.4,13.6,25.7,10.0,6.3,3.7,35.4,8.0,4.3,3.7,2.8,1.0,0.42820385
05009,Boone County,AR,5.0,37662,0.2647,22.9,4.4,21.6,9.4,7.4,20.8,22.7,20.0,3.8,0.2,7.0,2.7,9.0,0.8,5.5,1.2,0.41718379
05011,Bradley County,AR,6.0,10461,0.8864,33.0,5.6,23.7,14.2,12.5,18.5,24.5,20.0,5.5,1.1,45.5,1.0,16.0,2.5,8.6,1.8,0.36967647
05013,Calhoun County,AR,5.0,4773,0.4967,21.1,9.1,9.9,14.7,8.1,21.4,18.7,24.5,4.2,1.2,28.6,0.4,34.7,0.1,3.3,3.7,0.41484836
05015,Carroll County,AR,6.0,28362,0.6421,26.3,3.1,23.4,14.2,12.4,23.1,22.0,13.9,3.6,4.4,26.8,2.1,11.5,4.5,5.0,1.1,0.43037787
05017,Chicot County,AR,6.0,10234,0.9987,43.1,10.9,27.4,20.4,9.8,21.3,21.9,24.4,9.2,1.1,61.4,4.3,14.8,2.5,11.4,7.2,0.34589764
05019,Clark County,AR,5.0,21469,0.8339,31.7,4.1,24.3,10.3,9.3,16.2,19.4,21.1,8.1,0.5,32.4,7.1,16.9,2.8,6.3,12.0,0.39639875
05021,Clay County,AR,6.0,14537,0.3929,28.7,5.6,21.1,15.7,8.0,22.1,20.9,20.4,5.7,0.0,5.9,0.7,12.4,1.1,5.9,0.6,0.40700525
05023,Cleburne County,AR,6.0,24948,0.3532,26.8,6.0,18.3,12.1,7.2,27.4,18.9,22.0,3.9,0.3,7.6,0.2,20.8,2.0,3.1,1.3,0.41772431
05025,Cleveland County,AR,5.0,7548,0.286,31.8,0.8,19.0,8.1,3.5,20.8,20.6,22.4,8.2,0.0,16.0,0.1,26.7,1.1,7.0,1.0,0.43524539
05027,Columbia County,AR,5.0,22707,0.7598,31.3,3.2,22.3,11.7,7.4,17.2,21.0,18.8,8.0,0.6,40.9,3.3,19.0,4.1,4.2,8.7,0.36223033
05029,Conway County,AR,6.0,20782,0.7461,33.8,7.1,20.3,10.8,7.3,19.5,22.5,24.4,8.0,0.9,19.5,1.7,18.3,1.6,7.5,0.9,0.40632898
05031,Craighead County,AR,4.0,111038,0.8342,28.9,5.9,25.3,9.8,8.6,13.6,24.9,18.4,9.7,0.9,27.0,7.9,5.0,2.2,6.8,3.1,0.39591953
05033,Crawford County,AR,4.0,60593,0.7531,28.1,5.3,20.6,14.5,8.9,17.2,24.0,19.1,8.3,1.4,18.4,3.0,11.3,3.5,4.8,1.2,0.38996616
05035,Crittenden County,AR,2.0,47945,0.9205,32.5,10.4,29.6,14.4,8.6,14.6,27.1,17.5,12.1,0.4,59.8,6.1,6.2,2.7,9.6,1.4,0.33124423
05037,Cross County,AR,6.0,16827,0.9227,34.3,8.1,26.9,16.5,7.4,18.5,24.0,19.1,12.9,0.6,27.9,1.5,17.4,5.2,9.3,1.2,0.3735705
05039,Dallas County,AR,6.0,6472,0.6885,21.8,6.0,14.6,11.6,5.4,24.5,20.3,28.2,4.6,0.2,48.1,3.7,18.0,1.9,7.7,6.2,0.37491551
05041,Desha County,AR,6.0,11285,0.9749,44.7,5.2,26.7,21.0,8.9,19.2,25.3,20.4,11.8,2.0,56.4,2.9,10.4,4.0,14.6,0.9,0.36001599
05043,Drew County,AR,6.0,17309,0.7668,33.0,3.2,20.5,12.6,4.7,17.8,23.0,19.0,6.5,0.9,35.0,5.0,24.6,1.6,7.6,4.8,0.36812791
05045,Faulkner County,AR,3.0,124611,0.5326,25.8,3.3,27.7,7.0,7.8,13.3,22.6,14.1,5.6,0.7,21.1,11.0,11.2,2.1,4.8,4.1,0.40832007
05047,Franklin County,AR,6.0,17160,0.6198,33.9,5.1,21.6,13.8,6.7,19.9,22.6,24.2,4.8,0.3,11.7,1.1,12.8,2.6,5.6,2.1,0.41591936
05049,Fulton County,AR,6.0,12183,0.6535,39.9,1.7,26.2,13.1,10.6,25.5,21.1,23.7,5.3,0.1,7.1,0.6,24.9,4.4,5.4,1.5,0.41703022
05051,Garland County,AR,4.0,100021,0.8661,26.4,5.7,25.7,9.4,9.2,24.0,19.8,22.1,8.0,1.4,19.2,7.0,14.1,2.5,6.2,1.8,0.37727845
05053,Grant County,AR,3.0,18022,0.1852,19.9,3.3,19.0,7.4,6.1,18.2,21.7,19.6,6.6,0.1,8.8,3.5,25.0,1.4,2.4,0.9,0.41122073
05055,Greene County,AR,5.0,45954,0.6917,28.6,7.5,22.9,12.1,9.1,16.2,24.1,20.0,7.2,0.2,9.5,3.9,12.3,2.4,4.9,1.6,0.39618325
05057,Hempstead County,AR,6.0,20037,0.8998,32.8,4.4,20.8,16.1,11.3,18.3,25.2,20.1,7.2,3.7,46.7,1.6,21.3,1.8,7.8,1.9,0.35957634
05059,Hot Spring County,AR,5.0,33129,0.6437,30.0,4.6,19.6,11.5,7.7,19.2,19.6,24.7,6.1,0.1,18.2,1.2,22.2,2.8,5.9,6.8,0.37737459
05061,Howard County,AR,6.0,12779,0.8797,28.6,6.4,24.0,11.6,12.4,18.1,25.9,18.4,10.8,2.8,37.4,0.8,17.3,3.7,4.4,1.5,0.39111823
05063,Independence County,AR,5.0,37910,0.8241,30.1,5.2,23.2,13.2,10.1,17.4,23.8,19.6,5.2,1.1,15.1,2.5,24.8,3.0,6.1,2.7,0.40738338
05065,Izard County,AR,6.0,13748,0.671,34.2,7.5,21.6,16.8,6.8,25.4,17.3,26.2,4.5,0.0,12.2,0.9,14.2,1.6,7.2,8.2,0.39725721
05067,Jackson County,AR,6.0,16784,0.7101,36.0,10.9,22.5,13.7,8.4,17.8,19.5,23.2,7.7,0.1,24.1,0.9,9.6,0.4,8.0,13.7,0.36290771
05069,Jefferson County,AR,5.0,66934,0.9096,31.9,7.8,27.0,10.9,6.2,17.7,21.5,19.1,9.9,0.7,62.2,6.9,12.0,1.7,7.7,9.1,0.33640218
05071,Johnson County,AR,6.0,25925,0.895,37.7,4.8,27.2,19.5,8.2,16.7,24.7,20.6,7.2,3.6,22.6,1.8,11.8,3.0,5.2,2.9,0.40672851
05073,Lafayette County,AR,6.0,6277,0.8075,36.6,8.7,19.6,18.9,9.3,24.2,19.0,21.7,3.3,1.2,42.2,0.7,29.8,1.7,7.4,1.8,0.35205176
05075,Lawrence County,AR,6.0,16258,0.7003,33.2,6.7,18.2,17.7,8.8,18.8,22.5,23.4,7.0,0.2,7.1,2.0,11.7,2.2,5.5,3.5,0.39864597
05077,Lee County,AR,6.0,8666,0.9714,40.1,14.3,31.1,16.5,7.6,19.7,18.6,24.8,12.1,1.0,59.4,1.4,9.2,2.2,21.7,17.4,0.35436222
05079,Lincoln County,AR,6.0,13016,0.5864,28.7,4.0,20.7,16.5,8.2,15.0,14.7,17.8,6.9,0.4,37.2,1.1,29.9,1.7,4.8,35.5,0.3787449
05081,Little River County,AR,4.0,12024,0.4197,25.0,8.0,14.1,9.4,4.9,21.1,22.1,18.3,5.6,0.1,28.3,0.0,19.2,2.4,4.9,1.4,0.39364776
05083,Logan County,AR,6.0,21247,0.5444,29.0,5.5,17.2,11.8,6.7,20.0,21.1,22.1,5.8,0.4,11.4,1.5,12.0,2.4,5.2,2.8,0.39898005
05085,Lonoke County,AR,3.0,74292,0.4063,19.7,4.5,20.9,10.1,7.5,14.0,25.0,16.2,8.0,0.6,15.7,2.0,13.5,1.8,4.9,1.0,0.38053194
05087,Madison County,AR,3.0,16737,0.5272,30.1,4.8,16.5,15.0,10.4,19.5,23.4,19.8,6.3,0.0,24.2,1.1,18.2,3.5,3.2,0.5,0.43956083
05089,Marion County,AR,6.0,16905,0.4588,30.1,7.0,19.9,12.3,7.3,28.8,18.4,25.0,4.1,0.3,7.5,1.2,17.8,2.1,4.2,0.9,0.40492791
05091,Miller County,AR,4.0,42682,0.9354,33.4,7.7,25.3,13.3,10.2,16.6,23.6,19.3,10.7,0.1,33.0,5.7,12.7,3.7,8.9,3.2,0.37120056
05093,Mississippi County,AR,5.0,40361,0.9335,33.8,9.8,23.3,17.2,8.3,15.0,26.0,20.8,9.8,0.8,43.5,3.3,6.5,3.1,10.4,2.0,0.34071478
05095,Monroe County,AR,6.0,6787,0.9341,34.7,11.0,22.4,19.8,8.7,23.5,21.6,24.6,6.4,0.0,46.1,3.3,15.6,5.5,15.6,1.4,0.37839964
05097,Montgomery County,AR,6.0,8555,0.5765,31.7,7.3,16.2,13.3,11.7,27.0,18.0,26.9,4.7,1.2,10.2,0.8,28.1,0.7,4.6,1.5,0.41945341
05099,Nevada County,AR,6.0,8292,0.8527,37.0,7.8,29.0,10.4,4.9,21.0,22.5,22.4,8.4,0.1,37.3,2.4,24.2,3.1,4.6,2.2,0.37468189
05101,Newton County,AR,5.0,7243,0.1985,23.5,3.8,20.8,15.1,6.1,26.7,19.4,19.4,3.5,0.0,8.0,1.6,12.4,1.7,2.2,1.0,0.4344652
05103,Ouachita County,AR,5.0,22606,0.7464,32.1,6.5,21.2,11.8,6.5,20.6,22.4,26.9,8.8,0.1,45.6,0.8,14.9,1.0,12.4,1.7,0.36784491
05105,Perry County,AR,3.0,10055,0.4292,29.4,4.6,14.3,9.0,5.3,20.3,22.4,23.5,4.5,0.3,9.5,0.2,22.0,3.8,6.1,1.5,0.41772452
05107,Phillips County,AR,6.0,16373,0.9628,44.4,13.3,27.3,18.0,7.6,19.6,26.4,22.5,11.6,0.0,66.2,4.2,11.0,2.3,13.9,1.3,0.32216185
05109,Pike County,AR,6.0,10205,0.5972,29.1,3.1,19.1,11.3,10.2,20.5,21.7,24.0,3.7,1.4,14.8,0.9,24.2,3.4,4.9,2.0,0.41889343
05111,Poinsett County,AR,4.0,22997,0.7381,35.2,5.1,22.7,18.2,9.3,18.3,23.9,23.6,8.4,0.1,14.9,1.4,12.5,1.3,8.7,1.5,0.36081532
05113,Polk County,AR,6.0,19384,0.6863,30.9,9.0,19.3,12.0,9.5,22.7,22.7,21.9,4.1,0.9,12.9,2.4,18.1,2.1,5.3,0.8,0.42600602
05115,Pope County,AR,5.0,63475,0.8171,31.5,4.8,25.1,14.7,8.5,15.9,22.9,18.9,7.3,1.8,17.7,3.4,13.2,2.2,4.5,5.1,0.40715635
05117,Prairie County,AR,6.0,8217,0.4601,26.3,4.1,16.4,14.4,7.2,23.6,20.0,23.3,4.9,0.7,15.8,2.2,21.5,0.3,4.6,1.9,0.41591874
05119,Pulaski County,AR,3.0,398322,0.7811,26.6,5.2,28.2,7.9,8.8,16.2,23.0,15.6,8.6,1.5,49.6,15.3,4.6,1.8,7.4,1.8,0.34691188
05121,Randolph County,AR,6.0,18619,0.7051,35.1,7.5,21.2,12.6,7.5,19.7,23.8,22.3,3.9,0.9,9.8,1.3,11.7,3.0,6.0,1.7,0.41706014
05123,St. Francis County,AR,5.0,23138,0.9777,42.9,6.6,30.3,15.8,8.7,17.4,21.3,20.9,12.3,2.2,61.3,3.0,11.2,1.8,12.9,12.8,0.3393988
05125,Saline County,AR,3.0,123988,0.2864,17.3,3.8,18.7,8.1,5.8,18.3,23.0,15.8,5.8,0.9,18.4,4.7,15.5,1.8,3.7,1.0,0.38589579
05127,Scott County,AR,6.0,9871,0.7537,28.0,5.7,18.7,16.2,10.5,20.8,23.2,20.3,4.4,1.8,16.7,1.3,16.5,2.7,9.3,0.8,0.41697285
05129,Searcy County,AR,6.0,7880,0.517,38.4,5.2,20.5,18.0,5.7,25.3,20.2,26.5,2.9,0.3,11.8,1.9,18.8,0.3,7.7,1.1,0.4302806
05131,Sebastian County,AR,4.0,128184,0.8696,28.7,5.2,22.9,15.0,11.2,16.5,23.8,20.9,7.2,3.4,32.3,8.7,3.3,3.3,6.3,1.5,0.38598964
05133,Sevier County,AR,6.0,15913,0.825,32.0,4.6,19.3,26.5,18.4,13.7,28.3,14.0,7.4,8.8,45.2,0.8,24.6,8.4,4.7,0.7,0.41784802
05135,Sharp County,AR,6.0,17422,0.5838,31.3,6.2,22.4,15.4,5.8,25.3,20.7,24.3,6.2,0.1,8.7,1.5,12.1,2.3,4.8,1.2,0.41550666
05137,Stone County,AR,6.0,12393,0.7709,39.1,5.4,21.8,13.9,8.6,27.3,19.8,27.9,7.9,0.0,9.6,1.4,24.9,3.2,7.6,1.2,0.43088451
05139,Union County,AR,5.0,38815,0.6682,28.8,3.7,23.8,12.8,6.2,18.4,23.9,16.3,6.2,0.8,39.6,1.2,20.5,3.2,5.2,1.4,0.35887739
05141,Van Buren County,AR,6.0,15900,0.7763,34.6,4.7,24.3,15.6,9.4,26.8,19.4,26.4,6.0,0.5,8.1,3.1,20.2,2.3,6.4,1.2,0.42880493
05143,Washington County,AR,3.0,247331,0.7658,25.6,4.3,25.4,13.0,12.2,12.0,23.7,11.0,6.3,4.6,34.5,14.5,4.7,4.2,4.6,3.3,0.40926707
05145,White County,AR,5.0,77118,0.8482,29.6,5.2,23.7,13.7,9.6,16.5,23.2,18.7,8.6,0.5,14.0,5.5,19.3,2.2,6.3,4.4,0.42487273
05147,Woodruff County,AR,6.0,6259,0.7671,33.4,6.7,22.1,15.6,6.9,24.0,21.5,18.1,5.5,0.3,30.7,2.0,13.5,1.4,10.9,2.0,0.35425344
05149,Yell County,AR,5.0,20342,0.7738,30.9,3.9,16.8,22.6,8.2,17.5,23.8,18.2,4.4,5.8,26.1,4.7,15.5,6.2,5.8,1.6,0.39004129
06001,Alameda County,CA,1.0,1663823,0.5129,14.1,4.9,23.5,10.8,4.0,14.6,20.0,9.5,4.6,7.4,70.7,23.0,1.2,7.4,9.3,2.1,0.4454354
06003,Alpine County,CA,5.0,1515,0.4044,18.3,4.9,11.5,6.7,6.4,25.5,22.8,13.5,3.4,1.7,41.9,21.5,1.8,2.0,3.4,4.6,0.35494533
06005,Amador County,CA,6.0,40577,0.5647,14.8,6.0,29.5,9.5,4.8,26.9,15.4,18.1,2.5,1.1,25.1,3.7,6.9,2.7,5.4,7.5,0.46767178
06007,Butte County,CA,4.0,213605,0.8225,28.2,7.1,32.3,9.7,6.6,18.2,20.1,16.4,5.0,2.5,31.2,8.9,11.1,3.8,6.1,2.9,0.4174532
06009,Calaveras County,CA,6.0,45674,0.3357,21.4,6.2,32.2,7.4,5.8,28.8,16.8,21.3,3.2,0.6,21.7,1.4,6.5,2.0,2.1,1.1,0.43895984
06011,Colusa County,CA,6.0,21811,0.84,22.6,7.4,27.6,26.7,9.1,15.1,26.6,13.1,8.0,14.6,66.5,2.2,6.2,5.1,4.6,1.1,0.43434104
06013,Contra Costa County,CA,2.0,1162648,0.4785,13.5,5.8,22.4,10.3,4.7,16.4,22.2,11.2,5.7,5.9,59.4,13.1,1.5,5.6,5.1,1.0,0.43915075
06015,Del Norte County,CA,5.0,27462,0.9004,25.3,6.3,27.6,16.8,6.1,19.2,21.1,19.3,4.5,1.6,39.3,4.7,20.2,3.0,7.3,8.5,0.39385891
06017,El Dorado County,CA,2.0,191713,0.1896,13.7,4.6,25.1,5.3,4.2,22.2,19.7,12.3,3.9,1.2,24.5,4.4,5.5,2.3,3.8,1.0,0.46889934
06019,Fresno County,CA,1.0,1008280,0.9618,30.8,8.6,33.6,21.7,7.2,12.5,28.1,12.9,8.7,10.2,72.6,9.7,4.0,10.5,7.4,1.9,0.39173633
06021,Glenn County,CA,6.0,28657,0.8622,25.9,7.7,28.7,22.2,10.9,16.9,26.5,12.7,4.4,8.0,50.4,9.8,13.5,4.1,3.6,0.9,0.407442
06023,Humboldt County,CA,5.0,136132,0.8269,29.8,9.2,37.2,8.7,6.1,18.9,18.8,17.9,6.2,1.7,28.4,4.5,7.7,4.1,7.0,3.0,0.40055817
06025,Imperial County,CA,4.0,179578,0.9936,35.5,13.2,34.8,28.7,6.8,13.2,28.4,14.2,9.8,19.8,90.4,7.5,9.9,9.4,6.3,4.6,0.36645997
06027,Inyo County,CA,5.0,18829,0.6147,19.7,4.9,27.2,6.9,6.7,23.8,20.4,16.7,4.1,0.9,40.4,2.1,23.1,2.1,5.2,4.2,0.45439193
06029,Kern County,CA,3.0,906883,0.9685,32.2,8.4,34.1,23.4,7.8,11.3,28.8,11.4,9.2,10.0,68.5,6.3,7.4,9.6,6.4,3.0,0.42490715
06031,Kings County,CA,4.0,152515,0.9507,27.8,9.2,31.1,25.5,7.4,10.5,26.9,12.4,8.4,10.2,69.9,6.6,4.3,8.3,4.8,8.5,0.39569581
06033,Lake County,CA,5.0,68024,0.9055,28.5,10.4,32.4,13.4,6.5,23.2,21.3,19.8,4.9,3.1,33.5,3.3,21.0,4.1,5.6,1.5,0.42103842
06035,Lassen County,CA,5.0,31873,0.8231,23.6,7.9,28.1,19.5,7.4,15.2,17.1,17.9,5.8,2.3,37.0,3.4,12.5,2.6,5.1,25.2,0.42902815
06037,Los Angeles County,CA,1.0,9936690,0.8629,22.7,7.0,33.9,19.7,9.0,14.2,21.1,10.6,5.9,12.5,74.8,27.7,1.6,11.0,8.7,2.0,0.43123019
06039,Madera County,CA,2.0,157243,0.9593,30.9,11.1,30.3,27.9,7.6,14.2,27.3,13.9,7.7,12.4,68.3,4.6,6.5,10.9,4.3,4.3,0.39287484
06041,Marin County,CA,2.0,260485,0.37,10.4,5.8,20.9,6.6,3.7,23.2,19.6,9.6,4.4,4.3,30.8,13.0,1.2,4.2,4.6,2.6,0.47873285
06043,Mariposa County,CA,6.0,17130,0.8613,24.4,6.2,29.2,8.1,7.2,29.3,17.1,18.9,6.2,2.4,22.7,3.3,16.8,3.8,5.2,10.2,0.46297544
06045,Mendocino County,CA,5.0,91145,0.9726,25.4,9.1,33.4,13.2,9.2,23.3,21.1,18.7,7.0,4.4,37.2,4.4,9.9,4.9,8.0,2.7,0.39904401
06047,Merced County,CA,3.0,282290,0.973,30.0,10.7,31.8,28.6,9.0,11.4,29.2,12.8,9.6,13.7,74.8,4.6,6.8,8.6,7.2,2.0,0.40979525
06049,Modoc County,CA,6.0,8651,0.8186,27.2,7.6,20.1,11.7,8.7,29.7,18.9,17.4,5.8,2.6,24.1,2.8,11.6,2.2,5.7,6.5,0.44629347
06051,Mono County,CA,6.0,13219,0.3891,15.6,1.9,22.1,12.8,14.7,15.7,19.0,8.0,1.6,4.0,35.8,18.1,6.3,4.6,2.4,3.4,0.43463239
06053,Monterey County,CA,3.0,437609,0.8686,21.5,5.3,28.8,26.6,9.9,14.3,25.8,9.2,5.6,16.9,71.4,11.3,4.4,14.0,4.8,4.1,0.40575898
06055,Napa County,CA,4.0,137384,0.6831,14.1,5.2,25.0,15.6,6.1,20.2,20.0,12.2,4.7,7.5,49.6,10.4,6.9,6.5,4.9,3.0,0.43577325
06057,Nevada County,CA,5.0,102322,0.2148,17.4,4.4,31.9,4.9,5.6,28.4,17.0,13.7,3.2,1.2,16.9,4.0,5.1,1.4,4.1,1.4,0.45311219
06059,Orange County,CA,1.0,3175227,0.5692,16.1,5.4,25.8,13.2,6.9,15.4,21.4,9.1,4.9,8.8,61.5,20.0,2.6,8.8,4.6,1.6,0.46124375
06061,Placer County,CA,2.0,406608,0.1992,11.0,4.3,23.6,5.1,3.3,20.0,21.9,11.2,4.5,1.7,31.1,7.7,2.8,2.1,3.8,1.3,0.46106142
06063,Plumas County,CA,6.0,19650,0.4088,18.0,8.0,23.8,5.9,5.0,29.6,17.4,18.2,3.0,0.6,18.0,2.2,10.0,2.7,4.5,2.2,0.43394718
06065,Riverside County,CA,1.0,2429487,0.8199,19.7,6.7,30.2,16.9,8.1,14.8,24.6,11.6,6.3,7.5,67.6,7.7,8.7,7.4,4.0,1.6,0.4091011
06067,Sacramento County,CA,1.0,1579211,0.7509,20.9,6.3,30.8,11.6,5.2,14.6,23.1,12.3,6.9,6.3,57.8,13.2,2.3,5.7,6.2,1.6,0.42372814
06069,San Benito County,CA,2.0,64753,0.5094,14.4,6.2,22.3,16.3,6.2,13.2,25.4,10.7,6.6,9.1,69.0,2.4,3.6,7.0,3.2,0.6,0.41333178
06071,San Bernardino County,CA,2.0,2180563,0.8858,23.5,7.2,32.3,18.6,8.6,11.9,25.9,11.4,7.7,7.5,74.1,10.5,5.7,9.1,4.5,2.0,0.41319978
06073,San Diego County,CA,1.0,3289701,0.7057,17.5,6.3,29.3,11.3,7.3,14.7,21.2,10.4,5.4,6.0,56.4,22.3,3.4,6.8,5.4,3.0,0.42578506
06075,San Francisco County,CA,1.0,851036,0.482,16.2,5.4,21.1,11.2,3.6,16.7,13.6,10.8,2.9,10.8,61.7,39.2,0.1,6.7,29.9,2.7,0.50388849
06077,San Joaquin County,CA,3.0,779445,0.8718,21.8,7.2,29.3,19.8,6.5,13.0,26.6,12.2,7.7,9.3,71.3,8.6,3.3,8.5,5.2,2.3,0.4109748
06079,San Luis Obispo County,CA,3.0,281712,0.5227,18.2,5.0,29.1,7.9,5.9,21.1,17.4,13.0,3.8,3.0,33.1,5.9,7.5,3.6,3.8,5.2,0.44881001
06081,San Mateo County,CA,2.0,754250,0.2899,10.3,4.5,19.2,9.4,3.8,16.9,19.9,8.7,3.5,6.6,63.0,22.1,1.1,7.3,5.6,1.6,0.47538444
06083,Santa Barbara County,CA,3.0,445213,0.8667,22.6,6.0,29.3,17.9,9.6,15.9,22.1,10.9,5.2,10.2,57.4,14.2,4.5,10.3,6.3,4.9,0.43162468
06085,Santa Clara County,CA,1.0,1916831,0.3614,11.0,4.4,18.3,10.7,4.0,14.1,21.2,8.6,4.1,8.7,70.8,23.2,2.8,7.8,5.8,2.0,0.47475955
06087,Santa Cruz County,CA,3.0,268571,0.6131,17.9,5.9,25.2,11.3,5.4,17.7,18.7,11.7,4.4,6.3,44.3,8.3,6.3,6.8,5.2,5.1,0.41556695
06089,Shasta County,CA,4.0,181852,0.7649,21.6,6.6,30.9,8.1,6.6,21.1,21.6,18.1,6.0,1.0,22.6,5.0,11.3,3.1,6.1,1.9,0.42409173
06091,Sierra County,CA,6.0,2916,0.3522,19.8,5.6,30.6,6.4,10.9,31.2,13.9,14.8,3.9,0.8,13.4,1.3,4.2,2.3,3.0,2.3,0.45638773
06093,Siskiyou County,CA,6.0,44049,0.7884,26.9,7.4,30.7,9.4,7.1,26.4,20.1,18.0,4.5,1.3,25.8,3.3,12.4,3.5,5.6,1.8,0.44827986
06095,Solano County,CA,3.0,450995,0.6201,14.8,5.9,26.1,11.1,4.9,16.5,22.0,12.4,6.1,4.9,64.5,9.9,2.7,5.2,4.6,2.3,0.42531589
06097,Sonoma County,CA,3.0,488436,0.5562,14.4,5.2,25.7,10.8,5.6,20.6,19.3,11.8,5.0,5.5,39.1,10.4,4.5,4.8,4.8,2.0,0.4450615
06099,Stanislaus County,CA,3.0,552063,0.8511,23.7,8.2,31.7,19.7,6.1,13.3,26.8,12.7,7.4,9.1,61.5,7.1,4.4,7.6,5.4,1.1,0.41757643
06101,Sutter County,CA,4.0,99101,0.8641,23.6,7.6,31.1,20.4,6.2,15.7,25.5,13.8,7.4,9.6,56.9,8.7,4.4,6.5,5.4,1.0,0.43230522
06103,Tehama County,CA,5.0,65484,0.9271,28.0,7.4,30.4,12.9,6.6,19.9,23.8,18.7,7.2,3.5,34.8,2.9,16.0,4.5,6.2,1.5,0.41335842
06105,Trinity County,CA,6.0,15889,0.7206,34.0,7.4,24.2,4.7,13.2,27.7,16.4,15.7,5.4,2.8,21.1,0.6,15.7,4.9,4.4,1.9,0.4283205
06107,Tulare County,CA,3.0,473446,0.9147,31.5,9.0,32.7,26.5,7.9,11.5,30.2,11.8,9.0,12.7,73.5,4.9,6.7,9.6,4.7,1.3,0.40219763
06109,Tuolumne County,CA,5.0,54993,0.6319,17.9,8.3,32.6,7.5,6.0,27.3,17.0,21.3,4.6,0.6,20.8,3.0,8.0,2.1,5.5,6.1,0.44813046
06111,Ventura County,CA,3.0,842009,0.6249,15.6,5.3,25.6,14.6,8.2,16.3,22.3,11.3,4.8,8.9,56.5,11.0,4.1,6.5,4.2,1.7,0.42867219
06113,Yolo County,CA,2.0,217141,0.7366,24.7,5.3,30.0,12.1,4.7,13.0,20.5,10.4,5.6,6.3,55.7,16.1,3.8,6.4,7.8,3.8,0.43536642
06115,Yuba County,CA,4.0,81705,0.9268,25.5,7.4,32.3,17.3,6.9,12.9,27.1,16.0,7.2,4.4,48.4,7.4,8.4,5.7,6.4,1.8,0.41382939
08001,Adams County,CO,2.0,520149,0.7264,16.9,4.6,29.1,15.2,10.8,10.8,25.6,11.1,7.2,5.5,52.5,15.0,6.0,4.5,4.6,0.7,0.40674448
08003,Alamosa County,CO,5.0,16460,0.8253,28.5,3.4,25.2,10.2,8.4,14.5,23.9,15.8,6.4,2.3,54.3,8.0,12.3,2.2,6.2,5.9,0.40989545
08005,Arapahoe County,CO,1.0,654453,0.4661,13.8,4.6,27.8,7.8,8.7,13.7,22.9,10.5,6.1,4.0,42.2,23.1,0.9,3.1,5.0,0.8,0.44163319
08007,Archuleta County,CO,6.0,13509,0.3484,19.8,4.8,30.7,5.5,11.0,27.0,17.7,15.6,3.5,0.3,24.3,3.0,8.5,2.6,2.5,1.3,0.45483515
08009,Baca County,CO,6.0,3496,0.5472,33.6,1.7,23.8,14.2,6.6,23.9,22.2,17.4,4.1,0.2,17.5,4.1,9.0,2.0,5.1,2.6,0.51706058
08011,Bent County,CO,6.0,5561,0.8804,40.0,5.5,31.0,16.6,7.0,18.4,16.8,21.0,3.5,1.3,45.6,3.1,13.1,3.7,7.9,25.4,0.38204563
08013,Boulder County,CO,3.0,328658,0.209,16.3,4.4,28.0,4.3,4.4,15.3,18.1,8.5,4.4,1.3,23.8,19.2,2.4,1.6,5.2,3.9,0.44868073
08014,Broomfield County,CO,2.0,73946,0.0436,7.6,3.2,19.1,3.7,5.2,14.7,21.5,7.9,4.7,1.3,25.4,24.7,2.2,1.2,3.6,0.5,0.4738498
08015,Chaffee County,CO,6.0,19564,0.6096,20.3,6.0,28.7,7.0,8.2,26.3,15.0,13.0,7.9,1.6,15.4,1.4,8.9,3.5,4.0,7.5,0.46554208
08017,Cheyenne County,CO,6.0,1726,0.0837,18.5,2.1,14.2,7.0,7.2,20.0,25.0,11.2,2.0,2.1,20.0,0.3,8.7,0.4,0.8,2.5,0.58097589
08019,Clear Creek County,CO,2.0,9403,0.1394,13.4,4.7,26.3,3.4,9.2,21.1,11.8,12.1,2.6,0.9,13.9,4.6,4.8,1.7,4.0,1.1,0.5012961
08021,Conejos County,CO,5.0,7553,0.8377,31.4,7.2,20.9,10.2,14.4,19.5,25.6,18.5,4.0,1.3,55.2,1.0,17.1,5.6,6.5,1.1,0.49919999
08023,Costilla County,CO,5.0,3534,0.8727,38.5,6.6,26.1,11.7,8.0,27.8,17.9,26.4,9.5,3.6,66.4,0.3,16.0,2.6,5.3,0.5,0.38670185
08025,Crowley County,CO,6.0,5782,0.86,32.4,7.2,25.6,19.0,6.6,14.4,14.5,21.3,10.0,1.2,47.6,2.7,16.7,1.6,5.7,23.1,0.40648493
08027,Custer County,CO,6.0,4885,0.1012,21.5,4.9,18.2,3.1,10.9,29.7,17.3,14.2,0.6,0.1,12.9,0.7,6.3,4.3,2.5,0.5,0.48927975
08029,Delta County,CO,6.0,31173,0.581,23.9,4.4,25.4,10.0,11.0,26.9,19.6,19.4,3.9,1.3,20.6,1.1,13.5,1.4,4.2,3.8,0.469383
08031,Denver County,CO,1.0,710800,0.5603,18.0,4.7,29.4,9.5,9.1,12.0,18.7,9.9,5.1,4.2,46.1,38.9,0.3,3.0,9.9,2.1,0.3797124
08033,Dolores County,CO,6.0,2329,0.1858,19.1,3.1,12.6,4.7,8.3,35.7,14.5,8.0,3.5,7.4,23.4,1.6,25.5,2.1,5.0,0.0,0.47992218
08035,Douglas County,CO,2.0,360206,0.022,5.1,3.4,16.3,2.1,3.6,12.9,24.5,7.5,4.4,0.8,20.6,14.0,0.3,1.5,2.1,0.3,0.48243368
08037,Eagle County,CO,5.0,55650,0.3497,13.3,4.4,27.4,7.6,10.4,13.6,20.7,6.2,4.5,5.3,35.8,27.5,5.7,3.5,4.0,0.2,0.45891118
08039,Elbert County,CO,2.0,26457,0.0006,9.1,2.3,14.9,3.3,5.0,17.5,21.0,8.1,2.0,0.6,15.7,0.1,2.9,0.9,1.1,0.2,0.48969987
08041,El Paso County,CO,3.0,730323,0.4604,16.2,5.7,28.5,5.2,7.5,13.3,23.5,12.5,5.9,1.1,33.1,13.0,2.9,2.2,3.6,2.8,0.41038227
08043,Fremont County,CO,5.0,49107,0.6688,24.3,4.8,27.2,10.2,6.9,21.9,16.1,18.9,4.8,0.7,21.8,4.7,13.7,1.8,5.2,17.4,0.43079603
08045,Garfield County,CO,5.0,61683,0.6058,14.5,3.2,25.1,10.7,17.5,13.6,24.6,9.1,6.0,6.2,34.6,7.3,11.0,2.8,4.5,1.7,0.46674812
08047,Gilpin County,CO,2.0,5856,0.0967,14.2,2.1,29.9,5.6,8.7,15.9,17.9,12.0,5.3,0.0,15.6,2.9,1.9,1.9,5.2,2.1,0.44016194
08049,Grand County,CO,6.0,15724,0.1565,14.3,4.6,25.2,5.3,12.3,19.3,17.1,6.7,2.0,0.7,17.9,16.6,4.2,1.2,2.5,2.1,0.50747639
08051,Gunnison County,CO,6.0,17018,0.1222,16.0,3.6,25.1,1.7,7.2,14.0,15.8,7.4,2.9,0.7,14.9,9.3,4.5,2.7,2.1,5.9,0.48710701
08053,Hinsdale County,CO,6.0,911,0.0869,10.5,1.9,25.9,1.5,12.6,34.0,11.1,17.2,7.1,0.0,10.3,0.3,5.1,1.5,1.5,0.0,0.4694798
08055,Huerfano County,CO,6.0,6896,0.5383,24.6,6.4,27.9,7.1,6.1,33.1,15.8,20.6,3.5,0.7,38.5,1.7,10.6,1.1,5.3,2.8,0.39785537
08057,Jackson County,CO,6.0,1440,0.3751,32.9,8.2,22.6,14.3,10.0,31.4,18.0,12.7,2.6,0.2,13.2,0.0,14.5,0.5,5.9,1.3,0.5464769
08059,Jefferson County,CO,2.0,580519,0.0948,11.1,3.9,22.7,4.8,5.2,17.1,19.0,10.5,4.5,1.1,23.5,16.5,0.9,1.5,3.9,1.5,0.45357713
08061,Kiowa County,CO,6.0,1347,0.3312,28.9,0.0,28.7,8.8,8.4,21.8,24.1,9.6,2.4,2.7,8.2,3.2,9.6,0.0,2.7,3.1,0.51521695
08063,Kit Carson County,CO,6.0,7039,0.6825,22.6,2.6,25.1,12.3,12.1,20.0,25.7,15.9,6.1,1.2,23.5,2.9,13.0,1.5,5.7,1.7,0.51277345
08065,Lake County,CO,5.0,7403,0.1152,13.0,2.4,21.6,5.7,16.4,14.2,16.7,11.0,2.6,4.7,39.5,1.6,9.1,1.2,3.5,2.0,0.40600955
08067,La Plata County,CO,5.0,55983,0.258,18.8,3.2,25.4,4.2,9.5,19.0,18.2,10.1,4.2,0.3,23.3,8.8,12.4,2.6,2.0,3.3,0.48602137
08069,Larimer County,CO,3.0,359363,0.1524,16.6,4.6,27.1,3.7,5.9,16.4,18.8,10.0,3.3,1.0,19.2,12.7,3.4,1.4,3.8,2.8,0.45867237
08071,Las Animas County,CO,6.0,14422,0.9068,28.7,7.4,29.4,11.5,8.9,25.1,18.3,23.3,5.6,1.6,47.6,2.0,9.8,2.0,8.4,4.8,0.451882
08073,Lincoln County,CO,6.0,5583,0.385,22.3,2.3,23.8,11.3,8.1,17.3,17.2,15.0,3.5,1.1,24.8,5.1,10.3,0.8,5.3,24.0,0.46279272
08075,Logan County,CO,5.0,21302,0.6004,26.6,3.2,23.6,8.9,7.2,18.4,19.3,14.9,4.8,1.2,23.7,6.4,10.1,4.0,5.8,7.3,0.47186178
08077,Mesa County,CO,4.0,156131,0.6462,19.8,5.3,28.4,7.7,9.9,20.0,21.0,15.3,6.6,1.0,20.4,5.8,9.3,2.0,5.3,2.5,0.4522244
08079,Mineral County,CO,6.0,794,0.056,15.2,4.8,31.6,2.2,14.5,27.1,12.0,11.3,1.0,0.0,7.2,0.0,9.1,1.2,2.9,1.1,0.29437235
08081,Moffat County,CO,5.0,13232,0.8164,25.1,5.4,27.6,8.7,10.1,15.2,25.3,15.0,8.8,2.3,21.6,7.2,17.8,2.8,6.2,1.1,0.46070582
08083,Montezuma County,CO,6.0,26070,0.6061,22.7,4.4,24.8,8.7,11.2,23.6,21.1,15.0,5.5,0.8,28.9,2.1,18.9,3.1,4.5,1.3,0.42987108
08085,Montrose County,CO,5.0,42823,0.5164,19.4,4.3,25.2,10.7,13.3,24.9,20.6,13.3,5.2,4.0,25.2,2.6,19.4,0.6,2.8,1.5,0.43678197
08087,Morgan County,CO,5.0,29045,0.8371,21.1,3.7,26.7,17.3,11.6,15.7,25.9,10.1,8.0,6.8,43.2,6.6,11.1,5.1,5.4,1.8,0.45381156
08089,Otero County,CO,6.0,18580,0.9535,38.8,5.9,27.5,12.0,8.0,21.1,23.4,20.4,5.2,1.8,48.9,5.8,8.3,3.3,8.6,2.5,0.42360386
08091,Ouray County,CO,6.0,4936,0.0834,11.6,4.2,23.2,2.5,14.6,36.1,12.8,15.1,1.3,0.2,9.2,1.6,7.0,2.0,1.8,0.0,0.55626214
08093,Park County,CO,2.0,17597,0.0032,13.8,3.9,19.5,2.4,8.8,22.0,14.9,11.3,2.5,0.2,12.2,0.0,4.6,0.4,1.4,0.7,0.46367955
08095,Phillips County,CO,6.0,4493,0.4203,26.3,1.4,25.5,10.9,8.0,18.3,25.4,13.3,2.0,5.1,29.8,1.6,9.2,0.8,5.3,1.8,0.49150434
08097,Pitkin County,CO,5.0,17325,0.0617,10.5,2.1,27.0,1.8,4.4,20.3,15.8,8.9,3.9,0.4,19.0,24.5,4.1,2.3,2.4,1.0,0.45833528
08099,Prowers County,CO,6.0,11968,0.9615,30.9,4.4,27.7,14.5,10.5,18.0,26.1,17.5,6.4,2.9,43.5,5.5,14.9,4.5,6.6,3.1,0.43874875
08101,Pueblo County,CO,4.0,168135,0.8533,26.0,5.9,30.1,10.0,6.3,18.9,22.2,18.5,7.5,1.1,49.5,7.9,5.2,2.2,7.9,3.0,0.38340402
08103,Rio Blanco County,CO,6.0,6511,0.5167,22.1,6.1,21.7,7.8,9.3,16.0,24.0,16.5,5.4,0.9,17.6,4.5,6.6,1.8,2.1,5.3,0.50190043
08105,Rio Grande County,CO,6.0,11442,0.7868,20.2,6.0,18.6,9.9,14.2,20.9,21.0,17.0,8.5,1.6,48.4,2.4,13.0,2.5,6.9,2.0,0.41259763
08107,Routt County,CO,5.0,24944,0.1314,12.8,2.9,25.8,3.0,8.5,16.9,17.6,6.8,5.6,1.0,16.5,22.5,5.3,1.4,2.0,1.7,0.49743322
08109,Saguache County,CO,6.0,6454,0.6608,32.5,10.0,23.1,11.5,11.1,25.6,19.1,15.3,6.0,2.5,41.7,0.6,18.2,1.7,1.5,0.6,0.43400729
08111,San Juan County,CO,6.0,690,0.4276,26.4,7.3,26.1,4.3,16.5,24.1,12.5,6.2,4.2,5.2,21.6,15.9,8.1,0.0,3.9,0.0,0.47306028
08113,San Miguel County,CO,6.0,8082,0.2911,20.2,3.7,27.0,1.8,10.3,16.5,16.3,5.3,5.0,2.9,15.4,27.9,2.8,3.2,6.3,0.2,0.5124836
08115,Sedgwick County,CO,6.0,2391,0.6729,26.0,3.3,27.6,8.7,7.8,25.1,22.2,19.3,6.9,1.5,24.4,4.4,4.1,1.1,6.5,1.9,0.50416535
08117,Summit County,CO,5.0,30955,0.1696,14.3,3.7,22.2,5.8,11.0,14.9,16.1,6.2,2.8,2.8,22.1,37.5,1.0,4.8,3.0,1.6,0.51823843
08119,Teller County,CO,3.0,24758,0.0496,13.2,3.8,27.5,3.0,7.0,23.7,16.7,13.8,1.7,0.1,15.6,2.8,7.0,1.4,1.1,0.4,0.44341394
08121,Washington County,CO,6.0,4817,0.2848,19.4,3.5,20.8,9.5,4.6,21.3,22.1,11.9,5.0,1.4,14.4,1.4,9.0,2.0,3.8,4.4,0.50372368
08123,Weld County,CO,3.0,331466,0.5889,16.6,4.9,25.3,11.7,8.5,12.5,25.7,11.2,5.7,3.9,36.3,7.5,6.5,3.2,3.5,1.9,0.42962784
08125,Yuma County,CO,6.0,9938,0.6783,21.6,5.7,24.9,15.2,15.4,18.1,26.6,8.3,4.6,7.4,28.4,1.0,12.6,5.9,2.7,1.6,0.51131254
10001,Kent County,DE,4.0,182400,0.8151,20.1,6.0,28.6,11.1,6.9,17.6,22.9,16.6,7.7,1.7,41.4,7.8,11.1,1.7,6.8,2.5,0.38084885
10003,New Castle County,DE,2.0,570567,0.5132,16.5,5.4,25.1,7.5,5.3,16.2,21.3,12.4,6.8,2.1,45.4,14.1,2.0,1.7,7.0,2.7,0.364562
10005,Sussex County,DE,5.0,240668,0.5183,18.5,5.0,24.0,9.9,6.9,29.2,18.1,14.5,5.2,2.6,25.6,4.6,14.1,2.2,3.6,1.1,0.38123924
11001,District of Columbia,DC,1.0,670587,0.6262,20.6,7.1,26.3,7.3,3.4,12.6,18.5,11.0,6.5,2.1,63.7,48.2,0.1,3.7,35.7,4.3,0.34881705
12001,Alachua County,FL,3.0,279729,0.6099,28.4,5.1,32.6,6.4,7.9,14.7,17.7,11.5,5.2,1.1,40.4,20.4,6.6,2.0,7.1,6.6,0.37195468
12003,Baker County,FL,2.0,27969,0.6188,21.5,4.9,20.5,14.9,11.3,14.9,23.5,15.4,7.1,0.3,21.9,0.6,34.8,2.2,4.0,10.6,0.37410435
12005,Bay County,FL,4.0,181055,0.7407,20.9,4.0,29.5,9.6,13.7,18.1,20.8,19.5,6.7,1.8,25.0,20.9,11.8,2.8,4.0,1.5,0.38076016
12007,Bradford County,FL,6.0,27816,0.8867,28.4,5.8,28.4,17.9,10.9,17.8,19.7,18.1,7.9,0.1,27.4,4.9,29.5,2.0,7.0,13.5,0.35476565
12009,Brevard County,FL,3.0,610723,0.4817,18.0,4.9,26.3,7.3,10.0,24.0,18.1,16.3,4.4,1.3,28.0,12.8,7.2,1.5,4.7,1.2,0.38699719
12011,Broward County,FL,2.0,1940907,0.7814,20.9,5.8,36.6,10.0,13.9,17.3,20.9,11.1,6.9,7.4,67.0,35.8,2.7,4.4,6.9,0.9,0.39492157
12013,Calhoun County,FL,6.0,13753,0.8756,33.6,3.7,20.1,20.7,19.6,18.3,19.5,24.1,7.0,0.7,24.8,0.7,34.5,4.0,6.8,13.1,0.36535478
12015,Charlotte County,FL,4.0,189900,0.5953,18.9,5.7,27.0,8.1,10.2,40.3,11.8,21.7,3.5,1.3,17.7,9.4,11.0,1.3,4.5,2.1,0.4138647
12017,Citrus County,FL,4.0,155173,0.5698,24.4,7.2,23.5,9.6,10.8,36.4,14.8,21.7,3.7,0.8,13.8,1.4,20.7,1.3,4.7,1.8,0.39459139
12019,Clay County,FL,2.0,219650,0.3649,16.7,4.3,21.8,7.5,8.7,16.5,22.9,13.4,6.2,1.4,30.0,4.6,12.5,2.0,3.6,0.8,0.38812372
12021,Collier County,FL,3.0,380221,0.6141,17.3,4.3,28.7,10.5,11.8,32.8,16.7,11.4,4.2,7.4,38.5,27.4,4.9,4.0,4.6,1.2,0.41089547
12023,Columbia County,FL,5.0,69832,0.9138,28.2,6.9,21.2,14.2,13.2,19.6,22.1,20.2,6.2,0.7,28.6,4.3,36.2,3.6,4.5,6.4,0.35454869
12027,DeSoto County,FL,5.0,34258,0.9981,40.1,9.7,24.0,26.9,19.6,22.3,18.3,19.0,8.3,5.8,46.1,2.1,30.7,6.0,6.2,9.3,0.35680911
12029,Dixie County,FL,6.0,16737,0.7719,32.7,5.1,15.6,19.2,16.0,23.7,17.8,25.7,2.8,0.7,16.9,0.2,50.6,4.8,5.1,9.2,0.35048658
12031,Duval County,FL,1.0,995708,0.7935,23.3,4.7,31.5,9.3,11.7,14.7,22.4,13.0,7.9,2.7,49.9,19.3,4.0,2.3,7.1,2.4,0.34949052
12033,Escambia County,FL,3.0,321296,0.839,23.9,6.2,29.3,9.2,11.6,17.5,20.8,16.8,7.0,1.3,37.1,11.2,5.9,2.0,6.9,5.7,0.36745942
12035,Flagler County,FL,3.0,117515,0.3121,17.4,3.8,27.1,7.7,11.3,30.9,16.4,15.4,4.2,2.3,26.7,6.9,4.0,0.6,3.6,0.6,0.41597086
12037,Franklin County,FL,6.0,12276,0.9017,33.5,8.9,22.3,19.6,17.7,25.3,15.7,23.3,3.1,1.4,22.7,2.2,16.7,2.1,6.6,12.6,0.33930191
12039,Gadsden County,FL,3.0,43746,0.9742,35.5,4.3,23.6,19.7,14.2,19.2,22.1,19.9,8.4,2.5,68.3,1.1,27.4,2.0,9.8,8.4,0.30693579
12041,Gilchrist County,FL,3.0,18070,0.7337,23.7,3.1,16.4,14.0,13.5,20.1,19.9,20.2,7.3,1.7,12.6,0.2,48.5,2.8,7.5,5.5,0.38361052
12043,Glades County,FL,5.0,12179,0.9058,36.9,5.4,22.8,26.9,20.9,26.8,14.5,19.2,4.2,5.7,43.0,0.0,50.8,5.0,2.0,11.9,0.43561956
12045,Gulf County,FL,6.0,15002,0.7082,23.4,4.3,23.0,14.3,9.3,23.3,14.9,23.0,5.5,0.5,22.5,2.5,18.4,2.3,4.0,17.5,0.34612128
12047,Hamilton County,FL,6.0,13492,0.9803,37.2,9.2,22.9,22.9,15.1,19.0,20.1,19.4,7.9,1.6,45.0,1.2,42.8,3.2,6.0,19.9,0.37324214
12049,Hardee County,FL,6.0,25528,0.993,41.6,8.7,25.7,22.1,14.5,15.7,25.4,14.3,7.4,7.1,54.5,2.9,24.2,7.8,4.9,7.7,0.39809197
12051,Hendry County,FL,5.0,39902,0.9946,37.7,5.8,30.5,30.5,21.7,13.4,25.4,12.2,9.8,13.6,71.1,1.5,34.0,3.8,7.3,5.6,0.35903201
12053,Hernando County,FL,2.0,196621,0.6602,23.0,5.9,24.9,10.6,12.6,26.8,18.4,19.0,4.8,1.4,25.8,2.8,15.9,1.4,5.1,1.1,0.39272451
12055,Highlands County,FL,4.0,102339,0.8673,27.2,6.8,21.3,13.8,13.1,35.7,16.8,20.3,4.6,3.6,35.4,2.9,23.1,2.7,5.2,2.0,0.3806411
12057,Hillsborough County,FL,1.0,1468560,0.7789,22.1,4.8,31.0,10.7,11.9,14.6,21.8,11.8,7.0,6.5,53.7,17.7,6.5,3.0,5.9,1.8,0.37248695
12059,Holmes County,FL,6.0,19529,0.8081,29.6,4.7,19.7,17.3,16.3,20.2,20.5,18.8,7.1,0.7,14.8,0.6,36.5,2.7,5.1,8.8,0.39643642
12061,Indian River County,FL,4.0,160986,0.5145,18.5,5.9,24.9,8.6,11.1,33.9,15.3,16.2,4.4,1.7,26.5,14.2,7.1,1.2,4.3,1.0,0.37981397
12063,Jackson County,FL,6.0,47704,0.8085,31.2,4.7,21.5,15.8,9.8,21.1,18.7,20.1,8.5,1.2,34.8,0.7,27.9,1.2,5.2,14.9,0.37096369
12065,Jefferson County,FL,3.0,14458,0.7439,26.7,6.7,18.8,14.9,10.0,24.1,17.2,20.2,5.3,0.6,39.5,0.4,39.6,0.8,7.0,8.3,0.35019913
12067,Lafayette County,FL,6.0,8107,0.8409,35.4,8.6,18.7,21.5,15.1,19.2,18.2,21.0,3.7,2.0,30.5,0.8,40.0,5.6,1.8,16.7,0.42304373
12069,Lake County,FL,2.0,386829,0.6214,18.3,5.5,26.8,9.6,10.4,26.7,19.0,16.3,4.1,2.3,33.4,6.7,17.3,1.7,4.1,1.1,0.37429526
12071,Lee County,FL,3.0,772902,0.7086,19.6,4.5,29.3,9.9,12.8,28.9,17.2,13.8,4.6,5.7,35.6,16.6,9.6,2.2,5.1,1.5,0.38689688
12073,Leon County,FL,3.0,294128,0.6952,26.4,5.7,33.3,6.7,8.2,14.1,18.4,11.9,7.5,0.9,45.1,20.9,7.6,2.0,6.9,6.1,0.36272386
12075,Levy County,FL,3.0,43268,0.7582,27.8,4.4,21.6,12.4,15.6,24.7,19.5,19.9,5.6,2.1,22.2,1.2,43.5,3.6,4.7,0.9,0.37300131
12077,Liberty County,FL,6.0,7704,0.8266,30.5,8.2,19.4,19.0,10.8,13.8,19.2,24.2,10.0,0.6,27.5,0.2,40.5,1.4,7.7,18.7,0.37013546
12079,Madison County,FL,6.0,17986,0.8638,33.8,2.7,24.5,19.8,12.8,22.4,18.0,15.7,6.3,0.9,45.8,0.9,37.7,1.8,9.5,10.6,0.33824599
12081,Manatee County,FL,3.0,405069,0.6332,19.6,5.2,27.6,9.3,12.1,28.2,17.6,14.6,3.7,3.0,30.2,14.3,14.0,2.1,4.0,1.2,0.36720231
12083,Marion County,FL,3.0,378225,0.8196,25.0,5.9,25.5,10.8,12.4,28.9,18.6,16.4,5.3,2.1,32.1,3.4,19.0,2.2,4.9,2.3,0.37483612
12085,Martin County,FL,3.0,159399,0.4642,17.2,4.4,24.7,7.6,9.6,31.8,16.0,14.2,3.3,2.3,23.3,14.6,9.1,1.0,4.9,2.5,0.4137814
12086,Miami-Dade County,FL,1.0,2688237,0.881,26.3,4.6,39.7,17.3,15.0,16.6,20.1,10.2,7.4,20.6,87.0,39.3,1.3,6.5,9.7,1.7,0.40987024
12087,Monroe County,FL,5.0,82044,0.6822,18.0,3.4,30.3,7.8,15.4,23.5,15.7,10.8,4.5,6.1,36.2,12.9,8.8,4.5,6.7,2.0,0.42227647
12089,Nassau County,FL,2.0,91538,0.2539,13.7,4.1,20.7,8.2,7.9,23.0,19.5,17.4,4.8,0.4,14.9,6.5,19.0,1.2,3.0,1.0,0.37142292
12091,Okaloosa County,FL,3.0,212021,0.5266,18.1,3.3,27.9,7.0,11.4,16.3,22.3,15.6,5.7,1.8,28.7,17.0,4.6,2.1,3.7,2.5,0.39775303
12093,Okeechobee County,FL,5.0,39870,0.9637,30.0,6.1,24.2,20.1,17.9,19.3,21.4,17.9,7.4,4.1,38.2,2.3,37.5,4.8,3.2,6.8,0.36493546
12095,Orange County,FL,1.0,1427403,0.7951,23.2,5.5,33.8,10.6,12.6,12.4,21.6,11.2,6.9,7.2,62.5,23.1,3.2,3.7,5.2,2.7,0.37686664
12097,Osceola County,FL,2.0,393745,0.8307,24.1,5.3,37.6,12.3,11.8,13.2,24.1,13.9,7.4,10.0,71.5,13.7,7.0,4.6,4.5,0.5,0.39356777
12099,Palm Beach County,FL,2.0,1494805,0.8008,19.3,5.8,31.9,11.0,13.5,24.4,18.8,12.4,5.3,7.5,48.3,25.0,2.7,3.3,6.0,1.7,0.38884383
12101,Pasco County,FL,2.0,569211,0.7041,20.2,5.3,27.6,9.3,11.2,22.2,20.2,16.4,5.5,2.3,29.6,6.4,18.0,1.5,4.8,1.4,0.38149172
12103,Pinellas County,FL,1.0,959918,0.7095,19.5,4.6,30.4,7.5,10.8,25.6,15.7,15.5,4.8,2.3,27.6,24.4,9.0,1.9,6.9,2.4,0.38062713
12105,Polk County,FL,3.0,736229,0.8912,25.7,4.6,28.6,13.1,13.0,19.9,21.9,14.1,6.2,4.9,45.6,6.0,20.5,3.3,5.2,2.1,0.36624971
12107,Putnam County,FL,5.0,73604,0.9835,39.0,8.9,25.1,17.6,16.6,23.5,21.3,18.4,6.4,3.0,29.6,2.4,42.2,2.6,7.5,1.9,0.35269606
12109,St. Johns County,FL,2.0,278722,0.1266,11.8,4.4,21.3,5.0,7.2,20.7,21.5,10.5,4.3,1.0,20.0,8.8,5.5,1.0,2.4,1.1,0.39194059
12111,St. Lucie County,FL,3.0,334682,0.7906,22.1,6.0,30.0,11.4,12.6,24.4,19.6,15.2,6.7,3.1,46.2,10.7,7.0,2.0,4.5,1.0,0.36854619
12113,Santa Rosa County,FL,3.0,188994,0.3213,15.9,4.7,20.9,7.4,10.9,16.3,21.8,15.0,4.9,0.7,20.0,4.4,8.5,1.8,3.5,2.8,0.39503312
12115,Sarasota County,FL,3.0,439392,0.3653,14.2,3.4,25.6,5.9,10.2,37.3,14.0,15.1,3.5,1.8,18.6,16.7,8.3,1.3,4.4,1.8,0.40280822
12117,Seminole County,FL,2.0,471321,0.3996,15.9,4.3,29.5,6.1,10.1,16.0,20.7,11.3,6.4,3.0,42.9,15.2,2.3,2.5,3.9,0.9,0.41525102
12119,Sumter County,FL,4.0,131832,0.3026,14.8,5.1,20.1,7.5,6.0,57.9,7.1,18.5,2.0,0.9,15.7,3.6,12.5,1.2,3.5,6.2,0.36445725
12121,Suwannee County,FL,6.0,43881,0.8457,27.4,5.5,19.8,15.7,13.0,21.2,21.2,20.6,4.5,1.2,25.5,2.0,50.1,2.8,5.9,3.9,0.38748422
12123,Taylor County,FL,6.0,21421,0.8062,28.0,5.8,19.6,16.7,8.2,20.4,19.6,20.8,6.6,1.0,27.9,0.7,37.3,2.0,5.5,14.3,0.3646208
12125,Union County,FL,6.0,15524,0.6669,24.3,3.6,13.1,22.1,11.4,17.0,21.5,17.9,7.5,0.3,29.2,0.6,45.4,6.2,3.7,32.1,0.36936569
12127,Volusia County,FL,3.0,558520,0.6987,21.0,4.2,30.6,8.4,11.6,24.8,17.5,17.3,5.4,1.3,31.0,14.2,8.4,1.5,5.6,2.5,0.38216206
12129,Wakulla County,FL,3.0,33732,0.3058,15.8,3.6,22.6,11.6,7.0,15.7,20.6,13.2,4.3,0.7,22.2,0.1,29.2,2.7,3.4,8.6,0.38506991
12131,Walton County,FL,3.0,76618,0.6287,18.0,5.3,23.8,8.1,13.5,20.0,20.3,16.1,5.3,1.2,16.9,19.2,13.0,2.6,3.9,2.1,0.38342035
12133,Washington County,FL,4.0,25014,0.8043,35.8,4.8,21.6,16.9,14.4,17.4,20.0,20.4,9.2,0.9,23.7,0.8,37.1,2.0,2.9,11.0,0.38518906
13001,Appling County,GA,6.0,18441,0.9122,37.9,3.3,23.8,21.6,14.3,17.5,24.7,13.5,7.2,3.0,31.9,1.4,34.6,3.8,7.4,2.5,0.37376833
13003,Atkinson County,GA,5.0,8265,0.8444,46.1,4.6,20.2,29.6,23.3,13.3,25.7,12.9,7.1,12.1,45.8,1.4,43.4,5.1,4.4,0.4,0.37468207
13005,Bacon County,GA,6.0,11138,0.889,33.7,4.3,19.0,15.3,15.4,16.9,25.6,22.3,10.7,0.8,27.2,0.5,34.9,2.0,7.4,5.2,0.36685267
13007,Baker County,GA,6.0,2878,0.7162,39.3,12.2,19.7,14.3,16.6,26.5,19.2,15.8,4.0,0.9,47.7,0.1,22.4,1.2,7.2,1.0,0.32751971
13009,Baldwin County,GA,5.0,43778,0.923,31.0,7.0,26.9,14.5,12.3,16.5,18.8,15.6,10.7,0.5,48.0,4.8,21.2,2.6,6.8,11.7,0.3288132
13011,Banks County,GA,6.0,18381,0.3373,22.6,2.5,21.8,20.6,13.7,16.9,21.5,18.9,3.5,1.1,13.7,1.2,24.1,1.5,2.5,0.0,0.38752827
13013,Barrow County,GA,2.0,84399,0.4887,19.1,4.0,23.0,12.4,16.1,12.6,25.5,13.1,8.2,2.6,33.3,1.6,6.7,2.2,3.4,0.3,0.38124853
13015,Bartow County,GA,2.0,109410,0.454,19.5,5.5,21.9,12.1,13.9,14.2,23.6,11.9,6.2,1.4,24.8,3.9,9.8,1.6,3.1,1.0,0.36736608
13017,Ben Hill County,GA,5.0,17169,0.9265,38.7,5.0,21.6,16.3,18.6,17.7,24.6,12.0,12.0,0.8,45.5,2.9,21.4,3.8,10.0,1.9,0.36474583
13019,Berrien County,GA,6.0,18187,0.6748,35.9,4.6,19.7,18.7,21.8,17.7,24.0,17.3,7.9,0.6,19.9,0.1,32.6,1.7,3.8,1.0,0.37655136
13021,Bibb County,GA,4.0,156554,0.9644,34.6,7.5,34.4,13.5,13.9,16.2,24.2,15.9,11.3,1.0,64.0,11.6,2.8,1.8,11.5,3.8,0.32279578
13023,Bleckley County,GA,6.0,12413,0.7063,27.0,6.1,20.9,12.1,9.2,17.2,19.1,19.9,14.2,0.5,31.5,1.1,25.5,1.7,4.0,9.9,0.3481538
13025,Brantley County,GA,4.0,18105,0.3974,31.7,3.3,21.2,20.4,15.9,16.5,22.6,16.2,3.5,0.2,9.0,0.0,53.1,1.5,6.5,0.4,0.37438467
13027,Brooks County,GA,4.0,16275,0.9275,42.2,4.9,29.8,17.5,18.5,19.7,21.5,17.0,8.0,0.6,46.5,4.0,29.3,2.1,7.2,1.1,0.35023898
13029,Bryan County,GA,3.0,44995,0.3115,11.8,5.5,19.9,7.6,8.6,10.5,29.2,12.6,8.3,1.5,29.7,2.6,12.1,1.6,3.0,0.3,0.38946643
13031,Bulloch County,GA,5.0,79829,0.8374,32.2,8.3,28.3,11.3,11.9,11.8,19.9,14.5,8.8,0.7,37.4,9.4,15.8,1.4,5.4,8.4,0.35509628
13033,Burke County,GA,3.0,24337,0.7483,30.4,5.2,23.7,15.3,10.4,16.3,25.0,14.8,7.5,0.3,52.2,1.0,33.7,1.3,10.2,1.0,0.35399163
13035,Butts County,GA,2.0,25522,0.5565,24.1,4.0,19.9,16.3,11.2,16.0,20.5,14.6,9.5,0.7,34.7,1.2,9.5,2.3,3.5,9.9,0.35340184
13037,Calhoun County,GA,6.0,5594,0.9688,39.7,11.4,25.2,23.8,15.7,15.9,16.8,16.9,14.5,2.2,68.1,0.5,26.0,2.2,7.7,30.3,0.33009776
13039,Camden County,GA,5.0,55105,0.6618,25.0,4.7,27.4,7.5,9.2,14.2,24.0,15.7,10.3,0.4,31.1,4.6,11.6,1.3,5.9,3.2,0.3872731
13043,Candler County,GA,6.0,10946,0.916,36.2,3.9,21.0,22.5,20.4,18.5,24.5,18.3,5.3,3.0,39.6,0.3,34.2,5.6,6.0,2.7,0.34475386
13045,Carroll County,GA,2.0,120060,0.8428,25.8,5.9,26.1,15.5,12.2,13.9,23.6,15.2,9.3,2.1,31.7,5.0,10.9,2.1,4.3,2.7,0.37341574
13047,Catoosa County,GA,3.0,68052,0.3086,17.8,3.7,20.0,10.5,10.8,18.1,22.5,17.3,5.5,0.7,11.0,2.9,10.0,1.9,4.2,0.8,0.38794801
13049,Charlton County,GA,6.0,12547,0.8855,36.9,8.3,29.7,15.9,18.0,16.4,18.3,18.6,4.0,1.7,39.5,0.5,34.6,2.9,5.6,6.7,0.39031464
13051,Chatham County,GA,3.0,296266,0.805,23.8,6.3,31.6,8.6,13.6,16.2,20.8,15.1,8.0,1.5,53.2,12.1,3.4,1.5,7.3,3.6,0.34380978
13053,Chattahoochee County,GA,3.0,9402,0.6554,40.0,8.4,29.7,4.0,5.0,2.9,22.0,7.8,9.9,0.7,45.6,3.6,15.1,3.2,0.7,42.6,0.35445163
13055,Chattooga County,GA,5.0,24902,0.9481,35.2,4.7,23.7,26.8,13.0,18.0,22.3,18.1,8.5,1.9,18.0,2.9,20.0,5.0,5.6,6.6,0.36703864
13057,Cherokee County,GA,2.0,268567,0.1969,12.9,3.7,21.5,7.8,11.1,15.0,23.5,10.5,5.9,2.7,23.8,8.6,2.9,1.0,2.2,0.7,0.42413217
13059,Clarke County,GA,4.0,128864,0.7502,37.9,5.3,40.3,10.1,12.4,11.5,16.9,12.4,6.4,2.3,45.2,21.3,4.1,1.2,6.6,8.2,0.34213948
13061,Clay County,GA,6.0,2855,0.9061,39.0,3.5,29.0,16.8,10.3,24.9,23.1,17.5,8.8,0.4,63.6,2.7,40.9,0.4,8.3,2.0,0.32996228
13063,Clayton County,GA,2.0,296312,0.9488,30.7,6.8,37.7,14.5,18.1,10.0,27.4,11.4,11.5,4.4,91.4,12.3,2.6,3.9,7.4,1.4,0.33659592
13065,Clinch County,GA,6.0,6713,0.9348,46.2,2.6,18.6,26.0,21.1,15.5,25.1,16.5,7.1,4.2,36.1,1.3,26.4,3.0,10.7,7.7,0.33864579
13067,Cobb County,GA,2.0,765813,0.3993,14.3,4.6,24.1,7.0,12.4,13.0,22.9,9.1,6.1,3.8,50.7,17.1,0.9,1.9,3.5,1.3,0.39268443
13069,Coffee County,GA,5.0,43056,0.9609,36.2,4.3,22.9,21.7,17.8,14.7,24.3,16.9,10.6,3.4,43.2,1.5,33.7,2.4,6.4,5.9,0.37101632
13071,Colquitt County,GA,5.0,45813,0.9847,36.8,6.1,22.7,22.3,22.1,15.3,25.8,16.6,9.8,6.0,45.6,1.8,26.0,3.9,6.9,2.2,0.34719747
13073,Columbia County,GA,3.0,156921,0.23,14.6,5.1,19.5,6.8,8.7,14.6,25.0,13.0,7.8,1.4,34.4,3.8,5.9,0.7,2.7,0.4,0.40909064
13075,Cook County,GA,6.0,17242,0.9338,36.3,5.5,28.1,18.1,19.0,16.2,25.2,16.2,5.9,2.0,37.4,3.3,27.9,1.9,7.5,1.4,0.34277099
13077,Coweta County,GA,2.0,147449,0.2402,14.8,2.8,21.8,9.2,8.9,14.4,23.6,12.3,6.4,1.5,30.6,7.1,3.3,1.6,3.5,0.4,0.36058399
13079,Crawford County,GA,4.0,12156,0.6837,24.3,8.1,16.0,19.0,15.0,18.7,20.4,22.8,5.3,0.2,27.5,1.1,40.0,2.2,6.2,1.4,0.34779364
13081,Crisp County,GA,5.0,20255,0.978,36.4,8.2,29.3,17.8,16.5,19.3,23.5,21.3,9.6,0.5,51.4,4.0,19.6,0.9,13.0,1.9,0.32887796
13083,Dade County,GA,3.0,16239,0.4388,19.0,5.5,16.0,13.6,11.9,19.9,19.4,16.2,3.5,0.7,7.8,2.8,16.0,3.1,2.5,7.4,0.41519946
13085,Dawson County,GA,2.0,27355,0.1861,16.0,4.6,18.1,12.0,13.9,19.7,19.9,13.0,4.2,1.0,10.9,2.4,5.9,2.4,2.4,0.5,0.39285767
13087,Decatur County,GA,5.0,29063,0.9679,35.6,6.4,26.2,17.7,15.6,16.7,24.3,16.1,10.1,0.4,50.7,1.5,19.9,4.8,8.2,3.7,0.35783383
13089,DeKalb County,GA,2.0,761209,0.7903,21.7,6.4,31.7,8.9,13.2,13.1,22.7,11.5,7.7,3.9,71.0,23.3,0.7,2.6,7.7,1.5,0.32836989
13091,Dodge County,GA,6.0,19977,0.8559,34.3,2.9,25.0,13.4,14.7,19.0,19.3,21.7,9.3,0.6,36.4,0.8,28.9,2.1,6.9,8.4,0.36453989
13093,Dooly County,GA,6.0,11236,0.9313,31.4,7.5,18.9,17.2,17.7,21.5,16.2,18.9,5.8,0.8,58.5,0.6,29.7,3.9,9.3,17.2,0.33504042
13095,Dougherty County,GA,4.0,85038,0.9761,39.3,10.0,36.7,16.1,15.3,16.5,23.9,17.7,13.2,0.7,76.2,5.0,4.8,1.4,10.9,5.4,0.31292447
13097,Douglas County,GA,2.0,144735,0.7012,19.5,6.6,25.8,9.7,12.3,11.9,25.5,11.8,11.2,1.9,64.9,9.3,4.7,2.8,3.8,1.0,0.3723354
13099,Early County,GA,6.0,10753,0.9357,34.0,6.0,25.8,20.2,15.6,19.2,24.4,14.3,12.1,0.1,56.1,1.3,27.4,4.5,11.2,1.2,0.33828378
13101,Echols County,GA,4.0,3707,0.4623,23.1,2.0,15.6,17.6,24.9,12.8,23.8,10.0,7.5,2.4,43.9,0.0,56.3,3.7,1.1,0.1,0.38110125
13103,Effingham County,GA,3.0,65314,0.2851,15.2,5.3,19.6,9.9,9.5,11.9,26.4,11.0,5.9,0.7,24.5,3.4,19.2,1.6,2.4,0.5,0.40765083
13105,Elbert County,GA,6.0,19570,0.9224,28.8,7.5,25.1,18.3,12.0,20.8,21.8,19.4,4.8,2.1,37.1,1.8,22.1,3.7,8.7,1.3,0.35258234
13107,Emanuel County,GA,6.0,22907,0.9494,31.9,8.9,19.0,20.9,16.7,16.0,25.0,21.3,7.8,1.3,41.3,0.4,29.7,1.8,8.7,4.2,0.37680003
13109,Evans County,GA,5.0,10759,0.9784,34.4,6.8,23.3,21.0,16.4,16.9,26.1,16.3,11.9,3.4,44.3,1.4,27.9,4.9,4.1,4.7,0.34484532
13111,Fannin County,GA,6.0,25436,0.6172,26.4,5.4,27.3,12.2,16.0,29.8,15.8,20.8,6.6,0.2,6.9,3.7,8.9,2.9,3.8,0.7,0.38920122
13113,Fayette County,GA,2.0,119259,0.1686,9.9,3.9,20.2,4.7,8.0,19.1,22.8,11.7,5.9,1.5,41.7,5.4,3.4,1.1,3.0,0.6,0.4430989
13115,Floyd County,GA,4.0,98541,0.9284,28.9,4.1,25.9,15.8,14.5,16.5,22.6,16.3,8.6,3.3,30.2,7.4,8.8,3.0,8.4,4.2,0.35719195
13117,Forsyth County,GA,2.0,253225,0.07,7.4,3.7,13.8,6.1,7.8,12.3,26.4,8.1,4.9,2.5,33.9,4.4,2.8,1.2,1.8,0.3,0.42327446
13119,Franklin County,GA,6.0,23480,0.8314,30.5,6.2,22.6,19.1,17.3,18.4,21.7,17.8,6.0,1.7,18.0,0.9,30.0,2.3,4.2,2.8,0.3892276
13121,Fulton County,GA,1.0,1061944,0.6599,20.1,5.4,28.4,6.4,10.2,12.2,21.1,10.3,7.5,1.8,61.6,33.6,0.6,2.1,10.7,3.1,0.32785976
13123,Gilmer County,GA,6.0,31519,0.545,23.3,2.4,19.9,14.0,16.3,25.8,18.8,18.6,4.9,2.4,15.7,1.5,16.1,4.5,3.7,0.7,0.37451908
13125,Glascock County,GA,6.0,2903,0.6621,25.5,1.6,24.5,17.8,10.2,17.0,21.4,16.1,7.3,0.0,12.9,0.7,31.8,6.4,10.4,2.8,0.3542777
13127,Glynn County,GA,4.0,84566,0.7744,23.7,4.3,25.4,11.8,14.2,21.8,21.0,12.9,6.9,1.6,36.8,7.9,9.1,2.1,5.7,2.0,0.34872431
13129,Gordon County,GA,5.0,57785,0.7318,27.3,3.0,23.5,22.1,16.5,15.0,23.4,13.8,7.3,4.0,24.0,6.7,11.4,2.4,4.6,0.9,0.37279746
13131,Grady County,GA,5.0,26075,0.944,32.0,4.4,30.3,19.1,20.5,18.8,24.5,18.4,9.1,3.4,42.5,1.1,28.7,4.5,5.0,0.6,0.35662955
13133,Greene County,GA,6.0,19020,0.5081,21.8,5.4,21.6,11.9,17.9,29.6,17.9,13.5,7.0,0.3,41.4,3.0,13.6,1.1,3.7,1.0,0.34030974
13135,Gwinnett County,GA,2.0,957977,0.6433,18.7,4.1,29.9,11.8,14.9,10.6,26.3,7.9,7.9,8.2,66.2,13.7,1.5,3.2,3.3,0.6,0.42453167
13137,Habersham County,GA,5.0,46326,0.728,24.2,2.3,24.0,19.3,15.3,18.7,22.1,16.3,4.2,4.6,24.7,1.7,20.7,2.4,3.9,5.1,0.39084926
13139,Hall County,GA,4.0,204953,0.8136,21.6,3.9,26.0,18.9,17.4,15.5,24.5,11.8,5.9,8.1,41.1,8.3,8.7,5.2,6.2,1.0,0.37572902
13141,Hancock County,GA,6.0,8588,0.9666,36.3,6.2,39.6,24.9,11.1,24.0,13.5,21.5,6.1,0.5,74.6,3.3,40.5,0.0,12.1,17.7,0.31692547
13143,Haralson County,GA,2.0,30178,0.3089,19.0,4.4,21.2,15.9,11.5,15.9,23.8,16.9,3.9,0.4,10.1,1.5,15.0,2.0,3.4,0.9,0.37155288
13145,Harris County,GA,3.0,34914,0.0675,12.5,5.8,18.8,6.6,6.7,18.5,21.3,16.0,4.0,0.2,24.3,0.4,8.2,0.9,1.8,1.5,0.36823243
13147,Hart County,GA,6.0,26110,0.7681,23.2,4.8,20.9,17.1,11.4,22.4,20.7,19.3,3.7,0.7,25.6,1.9,24.3,3.4,6.6,3.0,0.38275063
13149,Heard County,GA,2.0,11489,0.6459,24.2,5.4,21.4,15.9,14.1,16.9,22.8,23.9,6.3,2.5,15.8,0.4,30.4,0.4,4.9,1.2,0.36146966
13151,Henry County,GA,2.0,240853,0.4018,15.4,5.3,26.0,7.5,10.3,12.0,25.2,10.0,8.6,1.4,62.9,7.8,3.0,1.5,2.1,0.4,0.37754801
13153,Houston County,GA,4.0,164117,0.4887,17.7,4.8,23.4,7.0,10.4,13.2,25.4,12.6,8.6,1.0,46.1,5.5,6.3,2.2,4.2,1.0,0.36970398
13155,Irwin County,GA,6.0,9487,0.8282,34.7,6.2,22.4,18.3,20.9,18.3,22.0,9.1,10.2,0.2,32.2,0.5,24.7,3.5,6.8,3.0,0.36064276
13157,Jackson County,GA,5.0,77033,0.3264,17.3,3.6,20.1,12.2,11.7,14.4,25.2,14.0,5.2,1.5,21.4,2.0,13.0,1.8,2.9,1.0,0.3762444
13159,Jasper County,GA,2.0,14882,0.5492,24.9,6.1,23.0,10.4,12.4,17.3,23.2,15.9,6.5,0.8,25.3,0.0,16.6,3.0,3.1,0.6,0.34101135
13161,Jeff Davis County,GA,6.0,14791,0.8785,37.1,4.1,21.1,19.4,22.4,15.0,26.0,20.6,9.4,1.3,30.4,0.5,30.4,3.0,7.7,0.8,0.35453621
13163,Jefferson County,GA,6.0,15591,0.9583,33.6,4.5,23.6,19.6,16.5,18.4,23.3,15.3,10.8,1.9,58.5,1.1,30.4,2.2,9.1,3.4,0.34034786
13165,Jenkins County,GA,6.0,8704,0.8352,47.7,4.9,21.8,18.5,18.0,21.3,18.6,21.9,2.5,2.2,43.5,1.2,29.5,0.3,6.6,9.0,0.34418809
13167,Johnson County,GA,5.0,9225,0.9322,38.0,8.3,19.5,23.8,12.1,19.6,18.0,19.9,8.2,0.5,39.0,2.9,32.5,3.1,5.3,12.5,0.3751179
13169,Jones County,GA,4.0,28382,0.3675,23.4,4.3,20.3,8.4,8.6,17.9,22.5,14.4,6.0,0.2,29.8,0.5,26.7,2.7,4.7,1.0,0.36956027
13171,Lamar County,GA,6.0,18676,0.4092,23.7,5.4,20.8,10.6,10.7,17.5,20.7,16.2,5.1,0.0,34.2,3.9,14.1,0.1,3.0,6.2,0.35533702
13173,Lanier County,GA,4.0,9964,0.8011,44.8,2.3,30.3,13.2,16.7,14.5,22.7,14.3,5.8,1.8,33.9,0.0,34.1,4.4,5.5,3.0,0.33866939
13175,Laurens County,GA,5.0,49407,0.9014,35.3,5.5,28.1,13.5,13.5,18.0,24.6,16.2,11.0,0.8,42.7,0.8,26.8,2.1,6.4,1.9,0.35055667
13177,Lee County,GA,4.0,32968,0.2606,15.1,4.4,16.3,8.1,7.2,13.0,26.2,11.9,8.0,0.7,31.4,1.5,7.8,1.9,3.0,3.1,0.40468574
13179,Liberty County,GA,4.0,65550,0.9007,25.6,8.7,30.6,7.8,11.4,9.5,27.5,15.5,12.0,1.1,62.3,7.4,15.8,1.9,5.5,3.6,0.36844605
13181,Lincoln County,GA,3.0,7726,0.5488,25.5,3.6,21.8,12.8,13.7,24.8,19.3,18.8,7.3,0.1,32.6,0.2,26.2,0.7,7.3,1.0,0.36981088
13183,Long County,GA,4.0,16804,0.8851,24.4,4.5,29.5,16.2,13.0,9.2,27.5,21.7,8.5,0.8,44.3,0.6,37.3,3.7,7.9,1.1,0.3654083
13185,Lowndes County,GA,4.0,118257,0.8702,31.0,5.1,30.0,10.4,15.2,12.7,24.2,11.5,9.2,0.8,47.9,6.8,8.3,2.6,7.5,3.6,0.3556807
13187,Lumpkin County,GA,2.0,33405,0.3608,25.9,5.1,26.7,12.4,10.5,18.0,17.2,12.7,1.6,0.7,10.1,2.6,16.4,1.1,2.6,6.2,0.38906109
13189,McDuffie County,GA,3.0,21715,0.6567,28.8,3.8,24.2,14.5,11.1,17.9,24.9,12.3,13.1,0.1,47.1,5.1,25.7,0.2,4.8,1.4,0.34669882
13191,McIntosh County,GA,4.0,11183,0.7098,34.5,4.4,27.4,17.5,14.1,28.9,15.2,23.2,4.1,0.1,37.6,2.9,35.0,0.8,6.6,0.5,0.344964
13193,Macon County,GA,6.0,12099,0.9866,44.5,9.2,29.4,27.4,23.9,17.9,19.0,19.6,9.1,1.0,67.3,0.9,26.5,1.5,13.6,16.5,0.33477706
13195,Madison County,GA,4.0,30378,0.7423,30.1,5.8,24.9,16.9,17.4,17.7,23.2,18.1,5.7,0.9,20.6,0.2,31.6,2.4,4.0,0.9,0.37192518
13197,Marion County,GA,3.0,7508,0.8877,28.8,5.4,17.7,24.1,16.9,21.2,20.5,21.1,7.8,1.6,41.9,4.5,40.0,1.6,6.3,1.3,0.36426637
13199,Meriwether County,GA,2.0,20679,0.9074,30.3,7.1,24.3,17.1,15.0,20.8,21.1,20.9,8.7,0.0,43.4,4.0,23.7,2.1,7.3,1.4,0.34179065
13201,Miller County,GA,6.0,5923,0.945,36.9,5.0,26.9,17.3,16.5,21.4,22.5,16.6,7.2,0.5,33.7,0.3,22.0,4.4,11.4,2.9,0.37469891
13205,Mitchell County,GA,6.0,21634,0.9914,40.7,9.5,27.1,16.5,19.4,17.7,22.8,21.1,15.8,0.7,54.2,0.6,19.7,2.2,13.3,9.1,0.34580582
13207,Monroe County,GA,4.0,28287,0.329,20.6,3.8,17.4,11.6,12.4,18.7,20.7,15.4,4.0,0.4,27.7,2.0,17.0,1.7,2.0,4.2,0.3620407
13209,Montgomery County,GA,5.0,8687,0.7547,33.3,6.5,20.5,16.1,14.6,17.1,20.4,13.8,8.1,2.3,34.6,0.1,38.5,0.9,4.3,9.3,0.34486789
13211,Morgan County,GA,2.0,20171,0.266,13.3,2.9,20.4,10.6,8.6,20.2,22.5,13.3,5.5,0.3,27.2,1.4,13.6,3.4,4.0,0.9,0.34623483
13213,Murray County,GA,4.0,40063,0.6847,23.6,6.7,18.1,23.8,14.2,14.9,24.0,13.7,5.9,2.2,19.8,2.5,29.1,2.5,4.6,0.7,0.34863895
13215,Muscogee County,GA,3.0,204572,0.9446,29.0,7.3,32.7,11.5,12.0,14.1,24.8,17.2,12.2,0.9,61.6,12.8,1.3,2.6,10.3,2.8,0.33414599
13217,Newton County,GA,2.0,113298,0.6577,22.4,6.6,27.4,10.3,13.6,13.2,25.5,14.3,8.9,1.1,57.8,3.4,3.4,1.7,4.2,1.2,0.34475094
13219,Oconee County,GA,4.0,41978,0.0137,6.0,2.9,12.9,4.5,7.2,15.5,26.2,9.4,5.1,0.8,17.1,0.6,3.8,1.1,1.1,0.5,0.42605117
13221,Oglethorpe County,GA,4.0,14974,0.4645,21.0,4.5,18.0,12.6,12.4,18.7,21.1,13.6,10.2,0.3,25.5,2.3,27.3,2.7,3.2,0.9,0.36557311
13223,Paulding County,GA,2.0,169898,0.1429,12.5,4.1,19.0,9.0,10.9,11.2,25.7,11.3,6.4,0.8,34.4,1.9,3.6,1.4,2.2,0.4,0.3835583
13225,Peach County,GA,4.0,28054,0.8772,25.7,6.6,25.7,14.0,11.1,16.4,21.0,17.0,10.3,1.2,55.0,4.6,11.4,1.8,6.2,5.8,0.34030351
13227,Pickens County,GA,2.0,33439,0.3392,21.9,4.5,19.9,9.9,12.4,22.1,19.2,18.7,4.7,0.5,7.4,1.4,12.4,3.5,3.1,1.0,0.38315809
13229,Pierce County,GA,5.0,19822,0.3051,30.1,2.3,16.8,13.3,14.0,17.1,24.6,13.2,4.8,0.4,16.3,0.8,31.9,1.5,3.3,1.0,0.38134772
13231,Pike County,GA,2.0,19145,0.0665,14.3,4.5,15.6,11.9,13.6,15.7,23.5,11.6,3.9,0.1,13.3,0.3,11.5,1.1,2.5,1.2,0.38320851
13233,Polk County,GA,5.0,43019,0.8285,28.4,4.8,28.2,17.1,14.2,15.4,25.2,16.9,7.5,2.8,29.4,2.1,9.5,2.9,5.8,0.7,0.35746813
13235,Pulaski County,GA,6.0,9887,0.9376,30.7,3.9,26.4,19.2,9.8,22.5,18.9,19.5,12.5,0.1,43.7,3.2,26.1,5.4,6.7,13.1,0.34375685
13237,Putnam County,GA,6.0,22206,0.5679,25.2,3.2,20.8,12.4,12.3,24.9,19.5,20.5,3.9,0.8,34.6,2.7,30.1,2.7,3.2,0.8,0.33250841
13239,Quitman County,GA,5.0,2180,0.8202,30.4,23.5,17.2,20.9,23.3,34.8,11.0,26.7,1.9,0.8,57.8,0.0,50.3,2.3,14.3,0.0,0.31750682
13241,Rabun County,GA,6.0,16915,0.441,25.7,2.6,23.4,10.8,13.6,28.3,15.5,20.4,4.9,0.1,11.9,1.8,9.7,1.8,4.3,2.4,0.38720283
13243,Randolph County,GA,6.0,6365,0.9882,54.1,7.5,34.1,18.9,11.0,20.2,25.0,17.1,19.4,0.0,69.3,6.6,15.3,1.8,18.7,2.8,0.33470571
13245,Richmond County,GA,3.0,206153,0.9513,32.0,8.3,34.8,12.4,12.0,14.5,22.9,18.3,12.2,0.5,67.3,11.3,6.6,1.6,10.0,5.0,0.33421153
13247,Rockdale County,GA,2.0,93641,0.777,24.6,6.0,30.8,10.5,14.8,15.1,24.0,12.4,9.5,2.7,72.9,6.5,4.0,3.5,3.6,0.9,0.37823179
13249,Schley County,GA,5.0,4565,0.4973,26.5,3.5,29.8,14.9,14.5,13.3,24.1,16.0,6.5,0.0,24.6,1.0,32.6,0.8,5.3,0.0,0.39817607
13251,Screven County,GA,6.0,14026,0.699,28.6,7.2,17.0,15.1,11.3,19.8,20.6,15.4,7.3,0.3,44.7,0.6,35.4,1.8,5.4,2.5,0.35279605
13253,Seminole County,GA,6.0,9117,0.8813,31.2,5.8,25.0,12.1,18.4,23.8,19.9,20.7,7.1,0.5,38.3,0.2,32.3,2.4,10.7,1.3,0.34966087
13255,Spalding County,GA,2.0,67415,0.8206,28.3,5.6,29.6,16.4,13.0,18.4,23.4,14.2,9.2,0.7,43.9,3.0,5.7,1.5,7.3,1.7,0.33317184
13257,Stephens County,GA,5.0,26732,0.7836,26.2,5.8,23.3,16.3,15.4,20.9,21.4,17.9,6.3,1.0,18.9,1.7,20.3,1.3,4.8,3.1,0.37938014
13259,Stewart County,GA,3.0,5121,0.9736,33.0,5.1,24.2,27.4,16.5,14.5,10.8,24.1,8.9,11.1,78.7,5.1,33.5,0.4,12.4,33.6,0.32039854
13261,Sumter County,GA,5.0,29378,0.9631,34.5,6.5,31.5,16.3,11.8,16.9,22.4,13.4,12.7,1.1,61.0,1.7,16.3,3.1,10.6,6.3,0.33134979
13263,Talbot County,GA,3.0,5793,0.6923,33.2,4.3,25.7,16.6,13.4,25.9,16.3,23.3,3.9,0.0,59.5,1.1,32.0,1.1,11.6,0.5,0.34088269
13265,Taliaferro County,GA,6.0,1635,0.692,27.3,4.0,21.6,15.7,12.5,28.0,14.6,22.6,8.2,0.0,64.6,0.8,37.8,1.2,8.6,0.2,0.32024187
13267,Tattnall County,GA,6.0,24309,0.9287,34.0,8.0,20.0,21.7,15.2,14.3,20.3,18.0,8.4,2.6,44.0,0.2,33.5,3.2,6.2,21.0,0.37139812
13269,Taylor County,GA,6.0,7799,0.9555,44.5,6.6,38.0,26.0,11.6,20.9,20.2,19.6,8.1,0.3,42.0,0.9,35.4,1.9,10.1,2.6,0.33863109
13271,Telfair County,GA,6.0,12619,0.9765,45.2,2.1,20.3,24.5,12.0,17.6,23.8,23.4,10.8,5.4,53.4,0.5,23.0,4.3,11.1,20.1,0.35263467
13273,Terrell County,GA,4.0,9004,0.9809,39.7,8.7,26.2,18.1,18.2,19.8,22.7,15.1,12.9,0.2,64.0,2.9,14.3,3.6,11.8,3.5,0.3116523
13275,Thomas County,GA,5.0,45665,0.8158,28.0,6.2,26.4,13.7,12.6,18.3,23.9,18.3,8.9,0.9,42.5,1.5,18.8,1.3,4.4,1.4,0.35119915
13277,Tift County,GA,5.0,41247,0.8759,32.0,2.9,25.7,16.1,16.8,15.3,25.0,10.8,10.1,2.0,45.9,3.2,21.6,1.3,8.2,4.7,0.33537623
13279,Toombs County,GA,5.0,26946,0.9857,34.5,6.2,28.2,17.0,17.0,17.0,26.3,17.8,8.1,2.7,41.7,1.6,24.5,2.8,10.3,1.8,0.36008126
13281,Towns County,GA,6.0,12546,0.5622,26.8,5.5,26.5,7.8,14.5,35.5,12.4,18.6,3.4,0.2,6.4,3.6,17.0,1.9,3.4,6.9,0.40426123
13283,Treutlen County,GA,6.0,6411,0.9389,43.8,10.9,25.6,26.4,14.5,20.4,23.4,22.2,7.2,0.0,34.1,0.2,23.2,0.8,9.9,8.2,0.37015605
13285,Troup County,GA,5.0,69527,0.9023,29.7,4.8,32.5,11.7,10.2,15.4,24.3,16.9,9.2,1.0,44.9,10.2,5.6,3.0,9.2,2.1,0.33804658
13287,Turner County,GA,5.0,8894,0.9675,41.4,7.0,30.9,20.5,13.8,18.6,24.6,19.5,6.4,2.8,45.9,0.2,21.6,0.6,9.5,3.9,0.34095162
13289,Twiggs County,GA,4.0,7955,0.6538,23.6,3.4,19.8,20.7,10.4,23.4,19.1,21.2,4.2,0.9,44.9,0.5,34.5,2.1,7.8,1.1,0.34532323
13291,Union County,GA,6.0,24880,0.4932,21.9,2.7,21.0,11.8,11.4,33.7,15.2,19.2,1.8,0.6,7.1,3.1,15.7,4.3,5.0,2.4,0.40268475
13293,Upson County,GA,5.0,27638,0.6468,31.4,3.1,26.9,15.6,12.3,18.2,22.7,16.6,7.2,0.1,33.3,1.1,13.3,0.3,11.9,1.8,0.34327269
13295,Walker County,GA,3.0,68065,0.6796,25.8,5.5,23.5,15.0,13.4,18.8,21.4,19.6,8.4,0.2,10.1,2.4,12.7,1.5,5.3,2.4,0.36523792
13297,Walton County,GA,2.0,97752,0.4095,20.5,5.2,22.9,12.9,12.2,15.9,24.1,13.1,5.9,0.9,28.7,0.9,6.8,2.2,2.6,1.0,0.35753387
13299,Ware County,GA,5.0,35917,0.9596,35.5,4.3,25.5,18.4,17.5,17.1,24.7,13.7,11.2,0.9,37.6,3.2,19.4,2.3,10.9,6.6,0.36017606
13301,Warren County,GA,6.0,5197,0.8123,29.9,9.0,16.8,27.9,8.6,22.7,20.3,18.2,8.5,0.4,61.6,0.7,31.0,1.5,7.1,1.7,0.32335684
13303,Washington County,GA,6.0,19975,0.9115,35.6,4.5,24.3,15.8,13.7,18.2,21.4,17.1,10.7,0.4,58.1,0.6,30.2,2.6,8.5,9.3,0.33435628
13305,Wayne County,GA,5.0,30277,0.9434,35.7,6.2,25.4,14.5,19.2,16.2,24.3,17.3,9.2,0.7,29.5,0.8,31.0,2.4,6.8,6.3,0.36527106
13307,Webster County,GA,6.0,2354,0.8447,36.7,8.9,37.9,18.8,24.6,17.8,17.8,14.6,6.3,3.3,61.6,5.0,46.8,0.0,4.9,0.2,0.3635129
13309,Wheeler County,GA,6.0,7550,0.7716,39.1,6.4,21.8,23.5,24.1,15.2,15.9,9.8,4.9,0.2,44.5,1.3,31.2,4.5,7.1,7.7,0.35542291
13311,White County,GA,6.0,28165,0.3455,18.7,3.5,17.9,14.4,12.0,22.9,19.4,16.3,4.6,0.2,9.5,1.7,17.1,2.9,4.3,1.7,0.42383248
13313,Whitfield County,GA,4.0,103033,0.8836,24.4,5.7,21.9,25.7,18.0,14.2,25.5,11.7,8.5,7.8,43.4,6.5,13.3,4.4,5.1,1.4,0.35674581
13315,Wilcox County,GA,6.0,8839,0.8212,34.5,5.3,19.2,19.6,16.9,19.2,18.0,12.9,9.7,3.1,40.5,0.5,33.9,1.0,6.5,20.7,0.36384284
13317,Wilkes County,GA,6.0,9610,0.6083,28.5,2.9,24.3,17.4,19.6,23.4,20.6,15.4,4.4,1.3,48.6,0.9,24.5,0.4,4.6,1.4,0.35652182
13319,Wilkinson County,GA,6.0,8852,0.784,33.7,5.8,23.3,10.6,12.8,19.9,22.5,15.4,8.9,0.7,44.7,0.1,31.8,2.5,5.0,1.2,0.32270512
13321,Worth County,GA,4.0,20706,0.8571,28.7,7.0,25.4,14.5,16.8,19.5,22.3,17.1,9.7,0.8,32.9,0.9,35.2,1.5,7.8,0.9,0.35761192
15001,Hawaii County,HI,5.0,202163,0.636,21.6,6.5,25.2,7.1,4.8,22.2,21.3,15.3,5.3,2.8,70.4,9.3,0.3,7.7,5.0,1.2,0.41295773
15003,Honolulu County,HI,3.0,1010100,0.5708,14.2,4.8,25.4,7.3,3.5,18.6,20.9,11.7,4.3,4.7,82.6,30.0,0.2,8.6,9.6,3.3,0.45602056
15007,Kauai County,HI,5.0,73511,0.3964,15.4,4.1,25.4,7.5,5.0,21.2,21.5,11.1,3.8,3.0,71.1,14.2,0.4,7.8,4.3,1.1,0.43793973
15009,Maui County,HI,4.0,164765,0.4938,15.0,5.4,24.7,7.5,4.7,19.3,21.4,10.4,5.5,2.6,70.7,19.8,0.3,10.0,4.4,1.7,0.43559954
16001,Ada County,ID,3.0,497494,0.1931,14.7,3.2,23.1,4.7,7.0,15.3,22.6,11.1,5.3,1.1,17.3,8.3,3.3,1.8,3.5,2.6,0.43062603
16003,Adams County,ID,6.0,4464,0.2017,23.9,8.7,21.7,6.0,12.5,29.6,16.6,18.4,1.0,0.2,10.2,0.4,5.7,1.2,1.1,1.6,0.50101757
16005,Bannock County,ID,4.0,87434,0.4995,23.8,5.1,22.5,6.6,7.9,14.7,25.6,15.1,5.6,0.5,17.7,5.8,7.5,1.7,5.0,3.8,0.42854518
16007,Bear Lake County,ID,6.0,6436,0.2024,21.8,4.3,20.3,6.9,5.9,21.2,26.7,15.6,4.5,0.5,7.5,1.8,5.1,1.9,3.7,1.0,0.53048104
16009,Benewah County,ID,6.0,9731,0.6717,27.9,3.8,27.2,14.9,13.9,23.0,22.3,22.0,4.4,0.3,16.3,1.7,18.6,4.3,2.1,1.2,0.4399026
16011,Bingham County,ID,5.0,48253,0.5469,22.1,6.1,18.8,11.6,9.8,14.5,29.9,16.6,4.8,2.2,26.5,1.1,13.2,3.6,4.1,1.0,0.46504906
16013,Blaine County,ID,5.0,24248,0.4025,12.7,2.3,21.6,8.2,12.3,20.3,20.4,10.1,7.0,7.7,28.9,8.9,2.2,4.2,1.9,1.7,0.45624241
16015,Boise County,ID,3.0,7809,0.1075,17.1,3.4,15.0,4.6,13.4,26.9,15.6,13.8,2.6,0.8,13.7,0.2,13.2,3.2,2.9,0.8,0.44466484
16017,Bonner County,ID,5.0,47976,0.412,21.1,3.5,25.5,8.7,9.8,25.7,19.5,17.3,4.1,0.3,9.5,4.1,12.0,3.1,4.3,1.2,0.4619042
16019,Bonneville County,ID,4.0,124490,0.4473,19.3,4.6,23.1,8.0,8.9,13.4,30.2,14.2,5.8,1.1,18.6,6.2,4.6,3.0,4.1,1.2,0.44137359
16021,Boundary County,ID,6.0,12335,0.5037,25.7,3.8,23.0,13.1,12.0,23.6,23.1,16.9,3.1,0.4,11.5,2.7,9.3,3.2,1.7,1.6,0.47911727
16023,Butte County,ID,4.0,2605,0.7009,35.0,2.0,25.1,9.6,7.5,22.0,24.1,19.1,7.7,1.6,11.2,3.3,15.2,0.9,6.0,1.7,0.49656436
16025,Camas County,ID,5.0,1133,0.3271,13.4,5.0,23.5,12.8,10.6,13.4,30.2,15.5,2.2,1.6,20.7,0.0,10.2,6.2,1.5,0.0,0.41879675
16027,Canyon County,ID,3.0,235006,0.6217,19.9,3.5,24.0,13.0,12.0,14.2,27.4,14.9,5.4,2.9,31.7,3.1,7.3,4.0,3.3,2.1,0.41242597
16029,Caribou County,ID,6.0,7058,0.1231,14.3,2.8,20.4,9.6,9.6,17.0,27.8,12.2,2.4,0.1,10.7,3.5,12.4,1.4,3.0,1.4,0.51762152
16031,Cassia County,ID,5.0,24859,0.56,23.9,3.0,20.3,14.3,11.2,14.1,31.0,13.2,4.3,3.9,32.4,2.9,7.8,5.3,4.0,1.9,0.4589161
16033,Clark County,ID,6.0,756,0.5412,23.8,1.9,29.8,38.4,23.6,16.5,20.8,14.9,1.2,21.7,52.4,0.0,21.4,0.8,0.0,4.4,0.50695574
16035,Clearwater County,ID,6.0,8810,0.5912,21.7,4.4,20.9,8.2,13.3,28.4,14.7,22.6,3.2,0.8,11.5,2.3,21.1,1.9,5.4,9.6,0.48161909
16037,Custer County,ID,6.0,4344,0.3713,20.8,1.7,24.9,8.7,13.9,33.6,15.0,26.9,0.0,0.5,10.9,0.9,18.6,1.1,3.7,4.1,0.55008233
16039,Elmore County,ID,5.0,28752,0.8155,27.1,6.4,27.5,12.0,12.4,14.0,24.3,16.5,4.9,3.1,29.1,1.2,12.1,3.3,4.8,4.3,0.42867124
16041,Franklin County,ID,4.0,14376,0.1101,18.7,1.1,23.1,7.9,11.0,14.2,31.2,13.6,2.4,0.4,10.0,0.5,6.2,4.1,1.8,0.5,0.52914071
16043,Fremont County,ID,5.0,13519,0.5504,19.5,4.5,20.1,10.2,13.4,17.8,24.3,18.0,4.2,3.1,16.7,0.2,12.6,5.3,2.1,3.7,0.47315502
16045,Gem County,ID,3.0,19250,0.6153,16.7,2.8,20.1,9.8,12.1,22.2,22.5,18.6,7.1,2.2,15.3,2.9,11.8,6.9,4.8,1.2,0.44892702
16047,Gooding County,ID,6.0,15520,0.8059,24.4,3.5,21.8,21.0,19.1,17.7,26.5,16.4,4.7,5.5,34.4,3.5,19.3,3.3,5.6,0.7,0.45613462
16049,Idaho County,ID,6.0,16787,0.5199,25.1,4.3,22.9,7.8,16.3,28.3,19.4,18.0,3.3,1.0,9.8,1.0,16.3,2.8,1.4,3.9,0.49271488
16051,Jefferson County,ID,4.0,31383,0.1212,19.5,2.4,17.3,7.4,9.6,11.4,33.4,10.7,3.9,1.8,14.1,0.9,7.7,5.0,1.2,0.3,0.50186622
16053,Jerome County,ID,4.0,24474,0.5826,26.9,3.5,19.8,24.7,14.4,12.7,30.0,11.9,5.6,11.3,41.8,0.5,9.6,6.8,3.4,0.8,0.44817823
16055,Kootenai County,ID,4.0,173396,0.2746,18.3,3.1,27.2,6.4,10.0,19.4,22.5,14.8,4.4,0.3,12.5,6.8,8.3,1.6,4.3,1.3,0.44958007
16057,Latah County,ID,5.0,39872,0.2825,22.7,5.3,27.6,3.1,7.0,14.4,18.5,12.3,3.8,0.2,13.3,14.2,10.4,1.7,4.1,14.6,0.47838426
16059,Lemhi County,ID,6.0,8043,0.4073,19.1,3.1,28.9,8.3,6.9,30.5,17.0,20.7,4.1,0.6,7.8,0.5,16.0,2.3,5.0,3.0,0.47074503
16061,Lewis County,ID,6.0,3630,0.7146,30.8,4.2,27.2,10.1,10.5,27.9,22.2,24.5,2.9,1.7,19.3,0.9,15.6,2.1,4.6,1.8,0.45404363
16063,Lincoln County,ID,5.0,5203,0.6742,24.5,5.6,19.1,18.4,17.1,14.4,26.6,13.3,5.6,5.6,36.0,0.2,23.7,4.2,0.7,1.3,0.48970199
16065,Madison County,ID,5.0,52487,0.4318,42.0,8.1,38.0,2.6,6.1,5.5,20.4,6.6,1.8,0.4,14.0,35.0,4.3,12.7,2.8,11.6,0.51536697
16067,Minidoka County,ID,5.0,21626,0.5978,22.9,3.3,20.1,18.7,14.9,15.8,29.0,12.3,4.5,5.9,39.2,3.2,10.0,4.7,4.4,0.4,0.45633942
16069,Nez Perce County,ID,4.0,42200,0.5892,22.8,3.2,25.7,7.0,10.1,20.3,21.4,17.7,5.1,0.6,13.9,6.2,9.7,1.9,6.9,3.5,0.43429041
16071,Oneida County,ID,5.0,4572,0.0792,19.3,0.7,19.1,6.6,7.1,19.8,27.7,15.2,2.6,0.6,7.5,0.1,2.8,4.4,1.6,0.9,0.54170579
16073,Owyhee County,ID,3.0,12043,0.7432,25.1,2.2,17.2,23.9,20.5,18.4,25.2,17.4,7.0,7.0,31.6,1.2,19.9,7.2,2.7,1.2,0.45562488
16075,Payette County,ID,5.0,25571,0.6713,25.6,4.4,20.1,14.1,9.4,19.1,25.6,16.9,5.2,2.8,24.1,3.3,12.7,5.4,3.3,0.9,0.42196861
16077,Power County,ID,6.0,7918,0.762,27.7,7.5,16.0,15.7,14.5,15.4,31.2,12.0,7.4,8.0,39.5,0.3,28.6,4.8,3.9,1.0,0.45477277
16079,Shoshone County,ID,6.0,13399,0.7493,32.0,5.0,25.4,11.9,13.7,23.0,20.6,25.4,5.1,0.4,10.9,3.5,11.8,2.1,4.7,2.5,0.42134413
16081,Teton County,ID,5.0,11813,0.2052,17.9,1.6,28.7,6.6,15.2,12.8,23.7,5.6,3.9,1.8,20.0,1.8,7.7,4.3,1.3,0.0,0.52379525
16083,Twin Falls County,ID,4.0,90592,0.5756,23.3,3.1,27.3,12.6,10.6,16.1,26.7,13.4,5.0,2.6,23.6,3.5,7.6,2.8,3.5,1.7,0.44669428
16085,Valley County,ID,6.0,11830,0.1365,26.6,1.5,25.3,7.2,12.3,26.2,17.8,13.6,1.7,0.2,2.5,2.0,8.1,0.3,3.9,2.4,0.45759839
16087,Washington County,ID,6.0,10612,0.9093,34.7,4.5,30.1,9.8,12.4,25.8,22.6,18.5,8.1,3.2,21.6,4.6,14.2,1.8,5.9,1.8,0.45688677
17001,Adams County,IL,5.0,65583,0.2965,21.1,3.9,18.3,6.7,4.8,20.1,22.5,17.0,5.9,0.1,9.3,5.4,4.9,1.9,7.2,2.3,0.42879194
17003,Alexander County,IL,4.0,5261,0.8941,34.2,9.3,23.0,13.6,11.0,23.5,22.0,23.9,7.4,0.0,36.5,8.6,12.5,0.3,10.6,2.5,0.32211855
17005,Bond County,IL,2.0,16750,0.5253,24.3,4.3,19.8,11.1,4.4,18.1,18.2,17.9,7.1,0.1,13.4,4.1,12.7,2.4,8.4,12.2,0.41647035
17007,Boone County,IL,3.0,53459,0.4655,16.4,7.7,22.5,13.4,5.7,16.3,24.1,13.2,5.5,3.6,29.5,2.6,6.4,2.3,4.4,0.6,0.41497758
17009,Brown County,IL,6.0,6334,0.4753,23.2,2.1,14.8,19.7,5.0,14.8,17.6,19.9,4.9,1.1,24.6,6.9,8.5,2.0,6.3,26.7,0.42439929
17011,Bureau County,IL,5.0,33203,0.3544,21.4,5.7,20.1,9.7,6.5,22.3,21.0,14.2,5.4,1.0,14.0,3.9,2.0,1.5,5.8,1.3,0.45156419
17013,Calhoun County,IL,2.0,4472,0.0541,12.1,4.1,13.6,8.0,1.2,24.2,20.2,21.3,2.3,0.0,4.9,0.3,11.5,1.8,3.1,2.6,0.52290136
17015,Carroll County,IL,6.0,15594,0.2304,18.8,4.9,18.6,11.6,6.6,23.9,18.1,15.8,4.2,0.1,10.7,4.0,3.6,1.3,4.2,6.4,0.47302896
17017,Cass County,IL,6.0,12955,0.4998,23.0,5.4,16.5,13.8,4.5,18.0,24.3,15.8,4.8,5.8,26.7,2.2,12.8,1.8,5.6,1.2,0.42147365
17019,Champaign County,IL,4.0,206525,0.4658,26.6,4.8,28.9,5.3,4.9,13.4,18.9,9.8,5.3,1.6,34.9,25.4,3.5,1.0,11.8,6.8,0.40266365
17021,Christian County,IL,5.0,33893,0.1966,20.8,4.4,19.6,9.6,4.4,19.5,21.0,15.0,5.3,0.3,7.0,4.4,5.0,0.6,5.0,4.8,0.43050331
17023,Clark County,IL,6.0,15467,0.0745,17.5,4.0,20.1,7.8,4.8,19.5,23.0,13.4,5.0,0.1,3.8,1.6,7.5,1.0,5.1,1.5,0.46980435
17025,Clay County,IL,6.0,13248,0.5813,26.4,6.0,19.0,11.9,6.4,20.6,22.8,18.5,6.0,0.8,4.7,1.8,18.1,1.9,5.3,2.6,0.42199692
17027,Clinton County,IL,2.0,36998,0.1168,14.9,3.0,17.3,8.0,5.4,17.7,21.3,14.5,4.2,0.5,8.9,2.0,7.9,2.6,3.2,5.3,0.47838074
17029,Coles County,IL,5.0,47076,0.5574,28.3,6.9,26.3,8.1,6.9,18.0,18.1,17.2,4.5,0.2,10.3,11.0,4.5,2.0,7.5,7.5,0.40333819
17031,Cook County,IL,1.0,5225367,0.7964,21.1,7.1,30.1,11.8,9.0,15.2,21.5,10.8,6.5,6.4,58.9,24.1,0.8,3.2,17.7,1.6,0.38461408
17033,Crawford County,IL,6.0,18729,0.1919,17.9,3.3,16.3,11.4,6.2,19.4,20.1,16.0,4.6,0.4,9.2,2.0,7.3,1.2,5.4,9.0,0.43724287
17035,Cumberland County,IL,5.0,10447,0.015,16.0,1.9,13.1,6.6,5.9,20.4,22.5,14.5,1.9,0.4,4.0,0.1,9.6,1.3,3.0,1.2,0.44537684
17037,DeKalb County,IL,2.0,100686,0.5523,21.9,7.0,30.2,7.0,4.4,13.5,21.5,11.0,6.5,1.8,25.6,12.6,2.1,2.1,6.6,4.1,0.4313046
17039,De Witt County,IL,6.0,15535,0.0493,20.2,5.4,19.9,5.8,4.0,19.6,21.1,13.1,5.5,0.0,5.8,2.5,5.8,0.2,3.4,1.6,0.42762977
17041,Douglas County,IL,6.0,19714,0.4578,18.1,3.0,18.3,15.2,17.1,18.5,24.5,13.3,4.6,0.9,11.3,2.2,4.7,3.4,12.1,1.1,0.47396854
17043,DuPage County,IL,2.0,930559,0.2284,10.7,4.7,21.9,6.5,5.2,16.4,22.3,8.2,4.3,3.6,35.5,18.0,0.3,2.4,4.2,1.4,0.48398623
17045,Edgar County,IL,6.0,16852,0.343,23.6,4.6,16.9,12.1,5.1,23.3,19.6,17.8,5.1,0.2,3.5,4.1,8.5,1.6,7.4,2.3,0.41870713
17047,Edwards County,IL,6.0,6182,0.3058,22.8,6.7,15.8,8.9,7.0,21.6,23.1,18.4,5.2,0.9,4.4,0.2,18.9,1.4,4.6,0.5,0.46676019
17049,Effingham County,IL,5.0,34594,0.2081,17.4,2.5,15.5,6.5,5.3,17.9,23.9,14.3,5.5,1.1,4.8,4.2,7.3,3.3,6.2,1.4,0.46500161
17051,Fayette County,IL,6.0,21464,0.5644,24.0,3.8,19.5,13.4,7.9,19.2,20.2,18.2,5.8,1.0,10.7,2.0,13.3,2.6,5.6,5.4,0.42956212
17053,Ford County,IL,4.0,13484,0.3824,20.8,4.7,21.7,8.3,6.6,18.7,22.8,15.4,6.3,0.5,9.1,5.1,3.3,0.6,7.5,2.9,0.46515602
17055,Franklin County,IL,6.0,37810,0.4871,30.3,6.7,22.3,10.1,6.9,20.5,22.1,20.0,5.1,0.1,5.2,2.0,11.1,1.8,7.0,1.2,0.42489561
17057,Fulton County,IL,5.0,33691,0.2106,24.4,6.8,19.9,10.1,4.2,20.6,19.9,14.1,4.8,0.1,8.0,2.4,3.1,0.8,5.0,6.0,0.41825032
17059,Gallatin County,IL,6.0,4967,0.4521,29.3,7.8,13.9,12.8,2.9,24.7,19.1,22.8,8.7,0.1,5.9,0.8,21.4,1.6,7.7,0.3,0.45408115
17061,Greene County,IL,6.0,12015,0.1044,23.4,3.4,17.3,9.6,5.5,20.0,21.5,17.5,6.4,0.0,3.5,0.1,10.3,0.7,3.5,2.1,0.43875042
17063,Grundy County,IL,2.0,52624,0.0773,12.2,4.2,20.8,6.0,3.4,14.4,24.7,8.8,6.3,0.5,15.9,4.9,4.3,1.1,4.3,0.7,0.43544772
17065,Hamilton County,IL,6.0,8008,0.3029,25.2,4.4,17.5,13.7,7.0,22.1,21.9,22.0,5.3,0.1,4.9,1.4,20.4,0.7,4.5,1.4,0.46965456
17067,Hancock County,IL,6.0,17582,0.0885,21.5,4.7,15.2,5.6,4.9,23.7,20.8,18.6,5.3,0.2,4.9,1.2,6.0,0.8,4.2,1.5,0.49484143
17069,Hardin County,IL,6.0,3665,0.2383,22.3,2.6,11.1,12.7,5.2,31.0,13.8,29.5,4.4,0.3,3.2,0.0,17.9,1.2,8.3,2.4,0.44687796
17071,Henderson County,IL,5.0,6374,0.0391,17.4,7.9,12.5,7.0,2.1,26.0,18.8,17.3,3.2,0.1,5.7,0.6,10.2,1.0,2.9,0.9,0.47010902
17073,Henry County,IL,3.0,49157,0.126,15.5,4.5,16.4,7.5,4.3,21.0,22.0,13.5,5.7,0.5,11.5,2.9,2.0,1.0,6.2,1.4,0.4554241
17075,Iroquois County,IL,6.0,27043,0.2673,22.2,4.9,20.8,11.3,5.9,21.8,21.5,17.5,4.0,1.3,11.5,1.6,4.0,1.0,4.4,1.5,0.45289558
17077,Jackson County,IL,5.0,53176,0.8479,36.4,8.1,33.4,8.2,7.1,16.0,18.5,16.4,7.3,0.9,27.0,15.2,11.4,1.8,11.4,6.5,0.40974066
17079,Jasper County,IL,6.0,9295,0.0875,16.7,4.9,16.7,6.7,5.6,20.0,22.5,16.8,3.7,0.4,3.6,2.3,8.2,1.3,4.5,1.0,0.4994401
17081,Jefferson County,IL,5.0,37043,0.7117,22.8,6.5,20.8,9.4,7.1,19.6,22.3,18.9,7.9,0.4,15.7,5.6,17.3,1.4,6.2,4.5,0.3946574
17083,Jersey County,IL,2.0,21462,0.0318,15.1,3.4,17.4,6.7,4.4,19.9,19.6,14.8,5.2,0.2,4.7,0.6,6.4,0.1,4.1,4.4,0.44170195
17085,Jo Daviess County,IL,6.0,21942,0.076,15.2,2.7,21.7,6.5,4.7,28.9,18.5,15.2,5.0,0.2,6.6,3.3,2.3,0.8,7.2,1.0,0.51140821
17087,Johnson County,IL,6.0,13313,0.3834,22.7,2.9,15.9,15.4,7.0,19.6,20.3,16.8,5.7,0.4,18.5,1.3,21.2,1.2,4.1,14.2,0.4195596
17089,Kane County,IL,2.0,517254,0.5084,14.3,5.0,23.4,13.5,7.9,14.5,24.6,9.1,5.7,5.4,44.5,8.4,0.8,3.3,4.7,1.0,0.39975157
17091,Kankakee County,IL,4.0,107421,0.7241,23.6,5.2,28.5,10.1,5.6,17.2,22.9,14.6,8.7,1.0,30.1,6.2,6.7,1.7,6.9,4.5,0.39598995
17093,Kendall County,IL,2.0,132795,0.0996,7.8,4.3,19.0,6.6,4.0,10.8,27.7,7.3,6.0,2.3,35.1,4.4,0.2,1.7,2.1,0.2,0.45406237
17095,Knox County,IL,5.0,49751,0.644,27.4,4.9,26.0,11.2,5.6,21.8,20.0,15.0,5.2,0.8,18.6,7.6,3.8,1.2,9.5,8.3,0.40191913
17097,Lake County,IL,2.0,713159,0.475,13.5,5.0,22.1,9.2,6.8,15.0,23.6,9.7,5.3,4.3,41.1,12.3,1.7,2.4,5.1,2.7,0.41456291
17099,LaSalle County,IL,5.0,109495,0.3894,19.6,5.4,21.2,8.9,4.3,19.1,21.2,13.6,6.4,1.2,16.3,4.3,3.4,1.6,5.9,2.8,0.43089336
17101,Lawrence County,IL,6.0,15302,0.5657,24.0,7.8,16.5,14.8,8.2,17.8,18.9,19.4,5.5,1.3,15.2,3.3,15.8,0.9,4.1,12.1,0.40990335
17103,Lee County,IL,5.0,34221,0.3777,20.1,3.5,22.9,10.0,3.7,20.5,19.8,16.6,5.3,0.5,14.7,5.7,5.3,0.3,7.8,8.5,0.4466539
17105,Livingston County,IL,5.0,35771,0.328,19.1,3.7,19.9,9.5,4.6,19.8,21.9,14.9,8.5,0.2,11.1,4.1,5.9,1.6,5.2,5.6,0.43381014
17107,Logan County,IL,5.0,28027,0.2921,18.2,5.2,19.3,8.5,3.4,18.9,19.5,15.4,6.3,0.1,13.3,5.4,3.0,1.6,7.0,12.1,0.4273026
17109,McDonough County,IL,5.0,27370,0.539,31.3,8.0,28.3,5.6,6.1,18.8,17.6,14.8,5.1,0.3,13.3,11.6,5.2,0.8,9.7,9.9,0.45786658
17111,McHenry County,IL,2.0,311133,0.0923,9.9,4.9,21.1,6.1,4.9,15.5,22.9,9.7,5.2,1.9,21.3,3.9,0.6,1.4,3.8,0.6,0.46202949
17113,McLean County,IL,4.0,171284,0.1903,20.2,3.2,21.2,4.1,4.5,13.9,21.3,9.5,5.6,0.8,21.7,16.4,3.5,1.0,5.9,4.9,0.42080611
17115,Macon County,IL,4.0,103542,0.5396,23.6,7.2,20.7,7.6,4.8,20.3,22.4,14.2,6.3,0.4,25.2,9.6,2.5,1.3,9.6,3.1,0.37646765
17117,Macoupin County,IL,2.0,44907,0.1161,22.7,4.6,19.0,9.0,4.1,20.7,20.8,15.7,5.2,0.2,5.0,1.3,8.1,0.7,4.6,1.8,0.43834057
17119,Madison County,IL,2.0,265512,0.2561,18.7,5.2,22.4,6.7,5.1,17.7,21.4,15.7,6.2,0.4,16.7,4.9,2.4,1.2,5.6,1.9,0.39849702
17121,Marion County,IL,5.0,37543,0.6036,26.2,8.1,19.9,10.0,6.6,19.7,23.4,18.2,6.6,0.2,9.8,2.6,18.1,1.3,6.9,2.2,0.40170267
17123,Marshall County,IL,3.0,11740,0.0894,20.0,4.2,18.2,8.0,4.1,23.5,20.7,14.8,4.4,0.3,7.1,1.3,1.7,1.7,3.7,2.4,0.42748693
17125,Mason County,IL,6.0,13074,0.1254,21.9,5.2,18.3,8.7,4.9,22.9,20.6,17.5,4.0,0.0,4.1,0.8,4.4,1.6,5.3,1.8,0.3914668
17127,Massac County,IL,4.0,14135,0.5625,26.7,3.7,23.0,12.3,7.9,20.7,21.6,20.7,6.3,0.1,13.8,2.8,15.5,2.2,4.3,2.1,0.37353873
17129,Menard County,IL,4.0,12284,0.0283,15.5,4.9,13.9,5.0,2.5,20.0,22.4,15.6,5.5,0.2,4.9,1.9,4.2,0.4,4.0,1.0,0.43574932
17131,Mercer County,IL,3.0,15692,0.064,19.3,3.3,19.5,7.6,5.3,21.5,20.8,14.1,5.1,0.4,5.9,2.8,3.3,0.3,5.0,1.1,0.47687036
17133,Monroe County,IL,2.0,34905,0.001,7.5,1.7,16.2,4.3,2.1,18.4,22.1,11.1,4.7,0.2,4.4,2.6,1.6,0.2,3.5,0.8,0.48901716
17135,Montgomery County,IL,6.0,28352,0.3191,21.6,5.6,19.4,10.3,4.8,20.9,20.0,17.3,3.9,0.2,7.6,2.8,6.4,1.5,6.8,8.0,0.43892664
17137,Morgan County,IL,5.0,32882,0.4935,23.8,6.4,22.8,10.4,4.4,20.6,19.1,17.8,6.1,0.1,12.1,4.7,7.5,0.5,7.4,7.6,0.40636027
17139,Moultrie County,IL,6.0,14531,0.4827,17.2,4.1,15.8,13.6,13.9,18.8,25.3,13.2,6.5,0.1,4.2,4.4,4.3,3.3,11.9,2.4,0.47358412
17141,Ogle County,IL,5.0,51672,0.3131,17.2,6.0,19.2,8.7,4.9,19.3,22.3,14.8,5.5,1.2,15.4,4.5,2.5,1.7,6.8,1.1,0.4352268
17143,Peoria County,IL,3.0,181186,0.6656,24.3,6.6,25.1,7.1,6.3,17.7,23.7,13.1,6.8,1.1,32.0,12.8,1.4,1.7,8.6,2.7,0.36895794
17145,Perry County,IL,6.0,20996,0.6001,26.0,6.1,17.5,15.5,3.9,19.5,19.3,21.5,7.9,0.1,14.0,6.0,11.8,1.0,7.1,10.9,0.42347324
17147,Piatt County,IL,4.0,16698,0.0045,12.4,4.7,18.0,6.1,3.9,20.3,22.0,12.3,2.4,0.2,4.4,3.6,2.3,0.1,2.4,0.7,0.44767785
17149,Pike County,IL,6.0,14776,0.2771,23.6,4.7,18.4,9.0,5.9,21.5,22.5,17.4,7.4,0.3,4.5,0.9,8.6,1.2,4.2,2.6,0.47426876
17151,Pope County,IL,6.0,3799,0.3277,23.5,9.1,14.9,11.8,4.0,24.9,16.2,19.9,4.5,0.1,10.6,0.3,21.6,0.2,5.9,4.8,0.41315404
17153,Pulaski County,IL,6.0,5177,0.6357,36.8,4.2,19.5,11.9,6.9,22.6,20.5,24.6,5.1,0.4,37.2,1.5,22.1,1.1,8.6,1.7,0.38525611
17155,Putnam County,IL,5.0,5628,0.0048,11.5,3.2,13.9,6.4,3.1,23.5,19.8,16.3,4.3,0.2,9.1,0.3,3.2,0.9,3.4,0.1,0.46053743
17157,Randolph County,IL,6.0,30413,0.4897,20.2,5.2,16.3,14.0,4.9,20.4,20.1,19.9,5.9,0.5,13.6,2.8,12.9,0.7,7.1,10.7,0.45132351
17159,Richland County,IL,6.0,15716,0.413,22.3,4.2,16.6,7.9,5.8,20.2,23.0,17.7,5.9,1.4,5.8,3.1,11.7,1.3,7.4,2.0,0.44004682
17161,Rock Island County,IL,3.0,143819,0.7556,23.5,6.2,23.6,10.4,6.3,19.8,22.3,14.1,7.7,2.1,30.3,11.9,2.4,1.6,8.7,3.3,0.40992674
17163,St. Clair County,IL,2.0,256791,0.532,20.7,5.7,25.3,7.8,5.4,16.4,23.3,15.0,8.2,0.5,39.9,5.4,4.7,1.4,7.3,1.6,0.36866993
17165,Saline County,IL,6.0,23662,0.6557,27.8,5.9,22.0,11.8,5.6,20.6,20.6,23.8,7.2,0.2,8.0,5.0,11.2,1.5,9.2,2.1,0.42311797
17167,Sangamon County,IL,4.0,196122,0.4041,19.8,5.2,21.9,6.8,3.8,18.5,22.0,13.2,7.8,0.5,21.2,7.6,4.3,1.7,7.4,1.9,0.3796902
17169,Schuyler County,IL,6.0,6879,0.4957,25.3,6.7,14.9,8.3,9.6,24.3,17.6,20.6,5.5,1.0,8.6,2.7,10.8,1.2,3.4,11.4,0.43232608
17171,Scott County,IL,5.0,4899,0.0512,18.2,2.9,15.6,7.3,5.0,20.8,21.6,15.8,6.6,0.2,4.3,0.4,9.9,1.0,4.6,1.0,0.4539035
17173,Shelby County,IL,6.0,21042,0.1069,18.9,4.0,17.9,6.1,4.4,22.9,21.5,15.1,4.8,0.1,3.5,2.2,8.5,2.5,5.1,1.0,0.45742145
17175,Stark County,IL,3.0,5395,0.0579,19.2,3.3,20.6,9.1,5.7,22.7,21.2,14.7,2.5,0.6,6.9,0.1,2.9,0.1,4.4,1.8,0.44010982
17177,Stephenson County,IL,5.0,44482,0.5218,23.3,5.3,23.9,8.2,6.1,23.7,21.3,16.4,5.6,0.5,19.0,5.4,4.6,1.1,8.6,1.7,0.40041533
17179,Tazewell County,IL,3.0,131276,0.1085,16.0,3.9,19.9,6.3,4.9,19.3,22.3,12.4,4.8,0.3,7.1,6.0,1.7,1.3,5.8,2.0,0.41260421
17181,Union County,IL,6.0,17122,0.602,27.1,6.3,22.9,12.0,6.4,22.8,20.8,20.2,3.3,0.4,9.4,2.5,12.8,1.1,9.9,3.6,0.41582689
17183,Vermilion County,IL,5.0,74113,0.6806,27.4,6.7,21.1,9.4,5.0,19.8,23.4,14.5,9.3,0.6,22.6,5.8,5.2,1.3,8.9,3.4,0.38480783
17185,Wabash County,IL,6.0,11321,0.4209,24.7,4.4,18.3,7.0,5.6,21.9,21.8,20.6,5.3,0.5,7.7,4.4,11.3,1.5,10.5,1.2,0.47200423
17187,Warren County,IL,6.0,16760,0.5441,23.2,7.3,16.5,12.5,6.0,19.4,22.0,13.8,6.0,3.0,18.1,4.4,1.6,1.6,5.6,6.0,0.43687811
17189,Washington County,IL,6.0,13781,0.0347,14.8,4.7,17.0,7.5,3.2,20.8,21.1,13.8,4.5,0.2,4.6,0.1,7.9,1.6,3.1,1.6,0.48505965
17191,Wayne County,IL,6.0,16127,0.4843,25.7,3.6,19.4,10.7,11.6,21.8,22.5,17.9,5.6,0.2,4.2,3.5,23.7,1.5,8.0,0.5,0.44733635
17193,White County,IL,6.0,13834,0.3999,26.9,3.5,20.1,11.5,7.2,23.3,21.6,20.3,6.0,0.0,4.0,2.2,8.9,0.8,7.3,2.7,0.46639982
17195,Whiteside County,IL,5.0,55569,0.3236,19.3,4.4,20.9,9.2,5.5,21.0,21.9,14.4,7.1,1.0,17.4,4.1,2.4,0.9,5.2,1.8,0.42466298
17197,Will County,IL,2.0,696774,0.244,11.4,5.0,20.7,8.4,5.5,13.7,24.1,9.5,5.6,3.1,39.1,5.9,1.3,2.0,3.5,1.2,0.41075709
17199,Williamson County,IL,5.0,67120,0.3948,22.2,4.4,22.4,7.3,5.6,19.2,21.6,18.3,6.0,0.5,11.5,3.1,7.5,0.8,7.1,3.0,0.40720248
17201,Winnebago County,IL,3.0,284591,0.7728,26.0,7.5,26.8,11.5,6.4,18.0,23.4,14.4,8.1,2.0,33.9,7.8,1.3,1.9,8.7,1.4,0.37577266
17203,Woodford County,IL,3.0,38414,0.0175,13.6,3.3,18.9,5.8,4.6,18.4,23.9,10.4,4.8,0.1,5.4,1.8,2.9,0.6,3.4,2.6,0.45278448
18001,Adams County,IN,5.0,35827,0.5355,28.5,3.2,19.8,13.3,20.9,15.6,31.2,11.3,3.6,1.0,7.2,5.1,2.2,3.6,14.0,1.7,0.43990657
18003,Allen County,IN,3.0,385456,0.5374,21.3,4.8,21.4,9.9,7.9,15.1,25.4,12.3,7.1,2.1,28.3,9.5,2.8,1.8,6.0,1.5,0.38412887
18005,Bartholomew County,IN,4.0,82371,0.287,19.6,3.6,18.6,8.2,5.8,16.4,23.9,14.3,5.6,1.2,20.8,9.4,5.0,1.5,5.5,1.2,0.37861368
18007,Benton County,IN,4.0,8709,0.3369,27.1,3.7,19.4,11.4,6.2,17.3,24.8,18.2,7.4,0.9,9.2,1.2,3.6,2.1,3.4,1.3,0.49011004
18009,Blackford County,IN,6.0,12074,0.4801,30.3,5.5,25.0,9.6,7.1,21.4,22.0,21.3,5.6,0.0,5.4,3.6,5.6,0.8,9.7,1.2,0.38065884
18011,Boone County,IN,2.0,71235,0.0331,10.3,3.1,17.7,5.0,4.5,14.1,25.6,9.6,5.8,0.7,11.7,7.6,2.7,0.7,2.1,0.9,0.41333297
18013,Brown County,IN,2.0,15513,0.1712,16.5,3.9,20.5,7.1,7.6,25.4,17.1,16.3,4.6,0.5,5.1,4.2,5.1,3.5,3.5,0.9,0.39675647
18015,Carroll County,IN,4.0,20397,0.0821,17.1,3.1,14.6,9.7,11.0,20.2,21.9,15.1,3.9,0.4,7.4,1.8,7.0,1.3,3.9,0.6,0.42828009
18017,Cass County,IN,5.0,37820,0.5587,25.4,4.2,18.2,14.3,7.5,18.1,22.7,15.2,7.2,3.0,23.3,2.3,5.3,1.8,5.5,2.7,0.39768347
18019,Clark County,IN,2.0,121484,0.3093,17.6,3.7,22.0,9.5,6.4,16.3,22.1,14.5,5.9,1.2,18.6,8.1,4.8,1.9,4.6,1.3,0.38787073
18021,Clay County,IN,4.0,26396,0.1718,19.2,4.3,16.4,8.6,4.8,18.2,23.2,17.0,6.2,0.1,5.4,2.0,9.4,2.3,3.3,1.9,0.40795058
18023,Clinton County,IN,5.0,33020,0.3443,19.3,3.4,19.5,13.0,8.2,16.4,26.8,11.3,5.1,3.3,19.4,3.8,3.4,1.4,4.8,1.8,0.39960414
18025,Crawford County,IN,6.0,10511,0.3124,33.2,3.6,22.2,14.3,6.9,20.0,21.6,18.3,1.9,0.1,4.7,0.9,28.9,1.7,5.3,1.1,0.41521049
18027,Daviess County,IN,5.0,33337,0.6239,20.9,1.9,18.1,23.0,23.6,15.7,29.3,14.0,3.2,1.8,11.2,4.9,7.5,4.4,13.6,1.8,0.4592323
18029,Dearborn County,IN,2.0,50709,0.0312,14.3,2.1,17.8,8.9,5.0,18.2,22.1,13.9,5.2,0.2,4.5,5.2,3.3,0.7,4.3,1.0,0.41568676
18031,Decatur County,IN,5.0,26432,0.0159,16.5,3.1,16.7,8.8,4.0,17.4,23.7,12.3,3.1,0.0,6.2,4.6,4.3,0.4,2.8,1.6,0.41588449
18033,DeKalb County,IN,5.0,43312,0.1384,16.5,4.3,16.8,8.6,6.6,16.6,24.2,13.1,5.7,0.2,5.7,3.8,9.1,1.7,5.0,1.1,0.40510637
18035,Delaware County,IN,4.0,112156,0.6309,31.4,6.1,25.4,9.3,7.3,17.3,18.0,18.2,6.9,0.2,14.3,8.0,4.5,1.5,7.7,6.7,0.35640246
18037,Dubois County,IN,5.0,43584,0.1619,15.4,1.9,17.0,10.1,4.5,17.8,24.3,10.9,5.2,1.6,11.4,5.3,4.4,1.2,4.9,2.2,0.49933162
18039,Elkhart County,IN,4.0,206841,0.8132,22.1,3.8,23.8,17.8,14.9,15.2,27.4,12.6,7.4,2.2,26.8,8.1,8.3,2.5,8.4,1.6,0.41013399
18041,Fayette County,IN,5.0,23391,0.6293,28.6,4.5,24.5,14.8,7.5,20.4,21.9,22.2,6.9,0.4,6.1,4.4,5.7,1.3,7.7,1.8,0.35974202
18043,Floyd County,IN,2.0,80191,0.1915,15.3,3.9,19.8,7.6,5.3,16.7,22.4,13.8,7.2,0.6,13.4,7.9,3.0,0.6,5.7,1.8,0.38521203
18045,Fountain County,IN,6.0,16468,0.2924,19.9,5.2,20.7,11.1,8.2,19.8,21.6,17.8,7.9,0.4,5.7,0.8,10.7,1.4,4.6,0.8,0.42933741
18047,Franklin County,IN,2.0,22850,0.1199,15.3,2.1,14.6,10.5,5.9,19.2,22.8,13.6,3.1,0.9,3.8,2.1,12.5,1.9,7.1,0.8,0.43506423
18049,Fulton County,IN,6.0,20420,0.5415,22.6,7.2,19.3,12.7,10.9,19.8,23.7,16.0,4.8,0.7,9.9,2.3,11.5,2.2,6.0,0.8,0.420252
18051,Gibson County,IN,6.0,33006,0.2342,17.8,2.8,17.4,9.4,4.8,17.4,23.9,15.7,4.5,0.5,9.1,4.9,9.4,2.9,3.9,2.4,0.44826996
18053,Grant County,IN,5.0,66560,0.7649,27.6,7.3,22.2,11.4,7.1,19.0,21.0,19.7,7.1,0.4,16.0,4.8,5.7,2.1,7.9,8.3,0.35831994
18055,Greene County,IN,6.0,30900,0.5275,24.8,6.7,21.8,11.7,7.6,19.7,21.4,20.2,4.9,0.5,4.4,1.0,18.6,3.4,6.1,1.1,0.42180967
18057,Hamilton County,IN,2.0,349527,0.0302,7.4,2.7,16.7,2.8,4.2,13.1,26.0,7.9,5.3,1.3,18.8,9.4,1.4,0.9,2.2,0.5,0.438759
18059,Hancock County,IN,2.0,80170,0.0185,10.3,2.7,18.9,6.7,5.7,17.1,23.1,12.6,4.2,0.5,9.7,3.9,1.8,0.7,3.0,0.9,0.40661421
18061,Harrison County,IN,2.0,39684,0.1009,15.1,3.8,12.8,9.8,5.7,18.3,22.2,16.1,3.2,0.2,5.1,3.4,13.5,1.9,4.8,1.1,0.42563918
18063,Hendricks County,IN,2.0,175639,0.0904,9.4,2.4,17.2,6.5,5.7,14.4,24.5,9.5,5.6,1.2,19.1,7.0,1.5,1.6,2.7,1.8,0.43114406
18065,Henry County,IN,5.0,48913,0.3045,21.9,4.5,20.9,8.9,6.5,19.1,20.3,19.6,5.3,0.2,7.3,3.5,4.4,1.7,4.4,6.5,0.3753731
18067,Howard County,IN,4.0,83452,0.4505,21.7,5.8,20.8,8.7,6.7,19.4,22.8,17.3,7.5,0.3,16.4,7.4,3.2,0.9,6.6,1.4,0.37289581
18069,Huntington County,IN,5.0,36699,0.1362,21.0,3.4,18.8,7.4,6.5,17.8,21.5,14.4,4.9,0.7,6.3,3.7,4.2,1.4,3.2,3.7,0.38585004
18071,Jackson County,IN,5.0,46212,0.4556,21.6,2.7,20.4,10.0,8.6,16.6,23.9,14.8,4.7,2.7,14.0,5.2,10.2,1.9,5.8,1.7,0.40978301
18073,Jasper County,IN,2.0,33045,0.1005,14.7,4.1,18.3,7.1,5.0,18.0,23.1,15.6,5.2,0.6,11.6,3.0,3.4,0.8,2.9,2.0,0.47309899
18075,Jay County,IN,6.0,20451,0.4626,25.5,4.4,20.9,12.5,10.0,18.1,25.5,17.5,4.7,0.4,5.8,2.3,6.4,1.6,9.7,1.3,0.40656698
18077,Jefferson County,IN,5.0,33057,0.5832,21.4,3.4,23.9,12.1,7.7,18.5,20.1,19.2,6.9,0.4,7.9,4.6,12.0,2.8,5.3,5.9,0.40975583
18079,Jennings County,IN,6.0,27610,0.3573,21.3,5.0,18.8,11.2,9.9,16.7,23.1,19.1,5.3,0.4,5.9,0.5,18.6,3.1,3.8,1.3,0.39321262
18081,Johnson County,IN,2.0,161952,0.1117,13.5,3.4,21.3,7.4,6.1,15.3,24.3,10.9,4.8,0.8,13.8,8.0,2.5,1.2,3.1,1.6,0.40886876
18083,Knox County,IN,5.0,36148,0.497,21.8,3.2,18.9,10.9,7.8,18.1,21.3,17.4,7.8,1.4,9.4,5.7,6.1,1.1,7.0,5.2,0.42885551
18085,Kosciusko County,IN,5.0,80442,0.3926,17.0,3.3,18.6,12.2,10.5,17.4,23.6,13.6,5.7,1.4,13.5,3.8,9.7,1.6,5.0,1.9,0.42852128
18087,LaGrange County,IN,6.0,40364,0.3961,11.3,3.2,13.4,39.4,45.1,13.9,32.1,10.9,4.9,3.3,6.3,0.9,7.9,3.6,27.3,0.7,0.51378554
18089,Lake County,IN,2.0,497682,0.7031,23.0,6.7,25.2,9.8,6.8,17.1,23.3,13.3,8.8,1.8,47.4,8.6,1.4,2.1,7.6,1.1,0.38606632
18091,LaPorte County,IN,4.0,112215,0.5046,22.9,5.0,21.1,10.1,6.4,18.5,21.3,14.3,7.3,0.5,22.5,5.9,4.0,1.7,5.3,6.3,0.38435507
18093,Lawrence County,IN,5.0,45113,0.2981,19.9,3.3,18.7,10.9,7.1,20.0,21.3,18.1,5.3,0.2,5.6,3.8,10.3,2.3,5.9,1.5,0.37797639
18095,Madison County,IN,2.0,130545,0.5985,23.0,5.5,23.0,10.1,7.8,18.5,21.5,19.7,7.0,0.4,16.6,3.8,5.6,1.4,6.6,4.1,0.35349786
18097,Marion County,IN,1.0,971737,0.826,25.9,5.5,30.7,12.7,9.5,12.8,24.6,13.5,8.1,3.2,47.5,14.0,1.6,2.0,8.2,1.6,0.34407961
18099,Marshall County,IN,5.0,46208,0.4493,20.9,3.0,19.4,14.2,13.3,18.1,24.7,12.5,4.3,1.7,13.6,3.7,7.4,1.7,6.1,1.7,0.42408949
18101,Martin County,IN,6.0,9863,0.1613,20.2,1.9,16.5,11.2,7.5,20.1,22.0,16.6,3.8,0.0,5.4,1.4,16.6,3.4,3.7,1.6,0.43238047
18103,Miami County,IN,5.0,35952,0.3904,23.6,4.5,19.2,13.2,9.3,17.7,21.0,15.7,6.1,0.3,12.8,1.9,9.4,0.7,5.6,6.1,0.40072259
18105,Monroe County,IN,4.0,140065,0.4302,27.2,5.8,32.1,5.3,5.8,13.8,15.8,11.1,4.2,0.8,17.3,17.8,5.2,1.5,7.5,10.5,0.38870627
18107,Montgomery County,IN,5.0,38018,0.455,22.5,4.0,20.1,10.8,8.2,18.3,22.9,15.8,5.7,1.0,9.8,4.4,6.4,1.2,5.8,3.2,0.41177174
18109,Morgan County,IN,2.0,71757,0.0538,14.5,4.0,17.9,10.5,5.3,17.3,22.2,14.9,5.6,0.2,5.4,2.6,5.6,1.1,3.0,1.3,0.38895485
18111,Newton County,IN,2.0,13829,0.3229,19.1,9.6,21.8,13.0,6.0,19.5,21.0,17.8,7.0,0.8,11.5,0.7,7.0,0.7,3.1,1.5,0.43447748
18113,Noble County,IN,5.0,47431,0.5418,16.4,3.4,18.0,16.8,11.4,16.4,24.2,13.9,5.2,2.1,14.1,4.8,7.8,2.6,9.3,1.5,0.42344618
18115,Ohio County,IN,2.0,5974,0.1734,16.1,1.8,18.4,7.3,6.7,22.3,20.3,17.2,6.3,0.0,5.2,5.0,10.7,2.7,4.9,0.9,0.4250856
18117,Orange County,IN,6.0,19768,0.5791,24.4,3.0,21.0,14.7,7.7,19.9,22.7,19.8,8.6,0.2,6.7,2.9,17.1,2.7,6.0,1.5,0.40780261
18119,Owen County,IN,4.0,21361,0.238,23.6,5.2,19.5,13.6,9.6,20.5,20.3,19.8,3.9,0.1,4.4,0.9,17.5,1.8,2.8,1.0,0.38821617
18121,Parke County,IN,6.0,16327,0.6424,26.2,5.6,17.1,14.7,15.0,20.1,22.0,15.7,3.6,0.4,5.6,2.1,15.6,2.9,8.2,6.9,0.43263304
18123,Perry County,IN,6.0,19186,0.3182,18.1,5.1,17.8,8.8,5.3,18.7,21.1,14.9,3.9,0.1,6.9,7.5,11.8,3.2,5.9,7.5,0.42909962
18125,Pike County,IN,6.0,12227,0.0465,19.7,3.6,14.0,9.6,3.7,20.9,21.4,14.7,2.2,0.0,4.3,1.9,11.9,1.4,3.5,1.8,0.42052028
18127,Porter County,IN,2.0,173355,0.1374,15.0,4.2,21.5,6.1,5.3,17.2,21.6,11.4,5.5,0.6,19.1,5.7,4.8,1.2,3.7,2.1,0.4322677
18129,Posey County,IN,3.0,25226,0.0092,15.0,2.8,18.0,6.3,3.8,19.8,21.9,12.1,4.5,0.0,5.0,2.8,6.4,0.5,4.1,1.1,0.42544425
18131,Pulaski County,IN,6.0,12498,0.3866,21.9,3.8,21.4,11.9,7.7,20.7,21.6,17.6,6.3,0.2,7.4,2.5,13.9,1.0,7.0,1.3,0.43988496
18133,Putnam County,IN,5.0,36942,0.1502,17.1,2.8,19.3,9.1,4.6,17.0,19.7,14.4,4.5,0.5,8.7,3.1,7.4,2.3,3.9,12.4,0.41275617
18135,Randolph County,IN,6.0,24586,0.5113,22.9,5.6,18.3,10.1,7.6,20.3,23.0,20.6,6.4,0.5,8.1,2.6,7.6,2.3,5.5,1.5,0.40808538
18137,Ripley County,IN,6.0,28990,0.2062,14.9,3.3,20.1,9.4,7.5,18.4,23.5,13.7,5.1,0.1,5.1,4.8,8.3,2.4,4.8,1.8,0.43696615
18139,Rush County,IN,6.0,16716,0.2125,24.9,6.3,20.8,10.6,7.6,18.6,22.3,16.8,3.3,0.3,5.0,4.4,3.6,0.9,4.2,1.2,0.4148075
18141,St. Joseph County,IN,3.0,272388,0.6134,23.3,4.8,24.6,9.1,7.4,16.3,23.2,13.4,6.8,1.1,29.4,10.5,1.6,1.7,6.8,4.4,0.38336051
18143,Scott County,IN,6.0,24403,0.5807,26.6,4.8,25.1,18.1,5.4,17.1,22.2,22.8,6.3,0.1,6.0,3.9,15.5,3.3,4.4,1.7,0.36708224
18145,Shelby County,IN,2.0,44940,0.2832,19.7,3.3,20.9,10.9,5.9,17.6,22.5,14.8,4.7,1.0,8.7,5.3,4.9,2.0,5.4,1.7,0.39811197
18147,Spencer County,IN,6.0,19935,0.0369,17.2,3.3,17.4,7.5,3.7,20.1,21.7,13.4,4.0,0.3,6.1,2.0,9.6,0.8,3.8,1.5,0.45960513
18149,Starke County,IN,6.0,23308,0.2829,25.0,4.0,20.6,14.9,6.2,18.8,22.9,18.5,4.3,0.4,8.0,2.2,8.4,1.4,5.4,0.3,0.40425363
18151,Steuben County,IN,5.0,34507,0.1651,16.8,7.1,16.6,7.3,5.8,21.0,19.9,14.0,2.7,0.3,7.4,2.8,12.0,1.0,5.1,3.9,0.41969121
18153,Sullivan County,IN,4.0,20791,0.574,27.0,5.0,17.7,11.1,8.9,18.2,19.9,17.6,8.0,0.5,9.1,3.0,11.7,2.6,4.7,10.0,0.41892534
18155,Switzerland County,IN,6.0,9896,0.5886,24.3,4.4,19.3,16.9,13.1,18.0,24.2,20.9,5.2,0.5,5.6,2.3,15.8,2.2,6.9,1.1,0.42358944
18157,Tippecanoe County,IN,4.0,186955,0.5087,28.3,3.6,31.9,8.0,6.1,11.8,20.2,9.4,5.3,1.6,26.1,17.8,3.0,1.5,8.6,8.7,0.41734788
18159,Tipton County,IN,2.0,15328,0.0382,17.8,3.8,13.1,9.2,8.5,21.4,20.7,13.6,4.4,0.0,5.7,0.7,4.0,1.6,1.2,1.7,0.41064808
18161,Union County,IN,6.0,7041,0.0897,16.0,5.1,18.8,11.2,7.2,20.2,20.6,14.4,5.6,0.2,5.6,1.1,9.3,0.2,4.1,0.9,0.43043512
18163,Vanderburgh County,IN,3.0,179900,0.5612,23.2,4.7,26.7,8.8,7.6,17.6,21.5,15.4,7.4,0.5,18.0,10.9,2.6,1.1,8.0,3.6,0.3814913
18165,Vermillion County,IN,4.0,15488,0.391,25.1,7.5,19.1,7.5,4.8,19.9,21.8,18.6,8.1,0.3,4.3,2.1,8.5,3.6,4.0,1.5,0.3837181
18167,Vigo County,IN,4.0,106355,0.7286,30.2,6.1,29.0,9.5,7.9,16.8,20.4,16.6,6.5,0.5,15.2,7.6,2.4,2.8,7.1,6.9,0.38801858
18169,Wabash County,IN,5.0,31032,0.147,20.8,3.5,16.3,8.6,6.9,21.2,20.9,15.2,5.5,0.0,6.6,2.6,4.6,1.2,4.4,5.8,0.38540554
18171,Warren County,IN,4.0,8454,0.0315,17.1,3.1,15.0,7.4,5.2,20.8,21.8,18.0,3.0,0.1,5.1,0.6,4.5,2.3,2.9,1.1,0.43126565
18173,Warrick County,IN,3.0,64065,0.0194,10.3,3.3,15.2,5.1,3.4,18.2,23.4,12.1,4.9,0.5,9.2,4.0,3.8,1.0,1.9,1.3,0.42642283
18175,Washington County,IN,2.0,28133,0.3382,24.7,4.2,18.6,12.5,8.8,17.8,22.7,16.5,7.7,0.1,4.2,1.3,17.5,1.6,6.1,1.1,0.40074772
18177,Wayne County,IN,5.0,66522,0.7515,26.4,4.5,24.8,12.0,10.3,19.1,22.4,18.0,8.0,1.1,12.9,6.1,3.1,1.3,8.1,3.8,0.36517343
18179,Wells County,IN,3.0,28167,0.0531,14.9,2.4,17.7,6.7,6.2,18.2,24.5,12.5,4.6,0.6,6.9,2.2,6.9,0.6,3.2,2.1,0.43372786
18181,White County,IN,5.0,24630,0.2221,16.2,4.4,19.7,9.7,8.2,20.3,23.2,14.7,4.0,1.7,11.8,2.8,10.8,1.0,2.5,1.1,0.45897195
18183,Whitley County,IN,3.0,34259,0.0735,15.0,4.0,16.5,8.2,8.0,18.2,23.1,13.7,5.8,0.1,6.7,3.9,5.3,0.9,3.7,1.1,0.44391331
19001,Adair County,IA,6.0,7479,0.0554,21.3,3.9,18.5,4.3,4.9,22.2,22.1,14.6,4.6,0.0,5.8,2.6,2.1,0.5,4.5,2.2,0.50461859
19003,Adams County,IA,6.0,3680,0.091,17.3,4.2,19.8,6.0,4.9,23.0,21.1,14.7,5.9,0.1,5.7,1.0,6.8,0.4,4.4,3.0,0.5095613
19005,Allamakee County,IA,6.0,14046,0.2164,19.6,3.2,17.6,8.3,6.4,22.7,23.6,11.7,3.0,3.3,10.9,2.7,15.2,0.6,4.0,2.0,0.52721387
19007,Appanoose County,IA,6.0,12279,0.4547,30.2,6.1,23.6,8.1,8.0,23.5,21.9,17.7,3.6,0.2,6.2,5.9,7.5,1.0,6.5,1.4,0.46017158
19009,Audubon County,IA,6.0,5651,0.0611,20.4,0.7,16.4,9.5,4.1,24.7,22.1,13.6,5.2,0.2,5.2,0.4,0.8,0.4,7.1,2.1,0.55742055
19011,Benton County,IA,3.0,25652,0.007,13.9,2.3,16.5,5.6,2.7,18.8,23.1,11.7,4.7,0.3,4.9,2.5,2.8,0.7,3.2,1.4,0.52106124
19013,Black Hawk County,IA,4.0,131041,0.5667,24.2,5.2,26.9,7.1,4.2,17.1,21.7,13.8,5.8,1.8,20.6,12.4,2.9,2.1,7.3,3.5,0.42956656
19015,Boone County,IA,4.0,26700,0.0255,14.2,1.3,18.3,4.8,4.5,19.2,20.9,11.9,4.7,0.1,6.3,7.9,2.5,0.6,5.3,2.1,0.48359641
19017,Bremer County,IA,4.0,25012,0.021,12.7,3.2,14.5,3.9,2.1,19.4,22.5,11.1,4.1,0.4,6.5,5.0,1.4,0.9,2.0,6.1,0.53109479
19019,Buchanan County,IA,6.0,20631,0.0655,14.2,3.0,18.5,6.4,6.4,18.1,25.7,12.5,5.2,0.2,4.7,2.2,5.7,1.3,6.2,1.0,0.53037298
19021,Buena Vista County,IA,5.0,20687,0.6258,21.0,5.0,15.8,20.7,6.0,16.3,26.3,9.4,5.2,10.6,44.5,8.9,2.2,4.5,4.3,4.9,0.48461235
19023,Butler County,IA,6.0,14376,0.0325,19.0,3.9,17.1,6.5,3.8,22.7,22.5,11.1,4.7,0.2,4.7,2.4,1.9,0.9,3.4,1.6,0.54333979
19025,Calhoun County,IA,6.0,9893,0.092,19.4,2.7,14.9,6.1,3.7,23.0,21.8,14.2,5.2,0.2,7.3,3.3,1.8,1.6,3.1,7.4,0.50944644
19027,Carroll County,IA,5.0,20728,0.0815,16.7,1.9,19.5,5.3,3.2,20.8,23.9,11.9,5.3,0.1,6.8,7.9,0.9,0.4,6.5,2.1,0.58958238
19029,Cass County,IA,6.0,13116,0.2144,23.8,1.4,25.0,8.8,4.2,23.1,22.1,14.9,4.9,0.2,5.8,5.1,1.7,0.9,6.3,2.0,0.49927804
19031,Cedar County,IA,6.0,18479,0.0089,13.5,3.0,16.8,4.4,3.4,20.0,21.5,11.4,4.4,0.3,5.4,2.4,4.2,0.8,3.3,1.6,0.51325929
19033,Cerro Gordo County,IA,5.0,42979,0.1343,18.7,3.0,18.9,6.3,4.1,22.4,20.8,13.9,4.0,0.3,10.8,8.1,3.7,1.2,5.8,2.5,0.46855336
19035,Cherokee County,IA,6.0,11601,0.1546,21.9,3.2,14.7,6.8,5.4,24.2,21.9,11.2,5.8,0.0,9.4,6.3,1.2,0.3,7.6,3.7,0.54719996
19037,Chickasaw County,IA,6.0,11957,0.0433,13.8,2.1,16.1,6.4,7.4,21.8,23.4,14.9,3.2,0.5,5.1,2.2,3.1,1.0,3.3,1.6,0.56015509
19039,Clarke County,IA,6.0,9737,0.8107,28.3,3.9,24.8,15.5,6.4,19.7,25.6,15.9,5.4,2.0,21.7,5.0,5.2,6.2,9.7,1.6,0.46185353
19041,Clay County,IA,5.0,16423,0.1826,19.1,4.1,21.1,4.5,4.6,21.6,23.1,15.4,7.0,0.3,7.8,7.5,1.6,0.2,4.0,1.9,0.50383073
19043,Clayton County,IA,6.0,17123,0.2752,22.1,2.6,21.6,9.3,7.1,24.1,21.3,15.3,4.9,0.8,4.7,3.8,4.2,0.8,7.5,1.7,0.54263449
19045,Clinton County,IA,5.0,46488,0.3446,21.8,4.4,22.6,8.0,4.9,19.8,22.5,14.0,6.7,0.7,10.1,9.4,1.5,1.2,6.6,1.6,0.45923761
19047,Crawford County,IA,6.0,16450,0.7563,27.0,4.1,17.0,17.5,8.9,17.7,25.3,15.3,10.2,7.7,36.8,3.0,7.4,2.1,4.7,3.3,0.51571286
19049,Dallas County,IA,3.0,100367,0.0515,10.0,3.0,16.6,3.7,4.4,12.2,26.9,7.5,4.4,1.9,17.4,18.1,2.4,1.7,3.0,0.6,0.48483068
19051,Davis County,IA,6.0,9093,0.4585,16.1,2.0,17.6,20.8,28.9,17.8,29.5,10.6,5.1,1.4,4.5,1.1,7.1,7.1,16.6,1.3,0.4862783
19053,Decatur County,IA,6.0,7684,0.524,25.5,4.2,23.0,10.9,7.7,20.7,21.9,14.9,3.1,0.4,8.7,5.4,5.7,1.9,8.3,8.4,0.4724322
19055,Delaware County,IA,6.0,17523,0.0248,13.5,2.2,16.1,7.9,4.2,20.3,23.8,12.3,2.8,0.1,4.6,3.0,3.0,1.3,5.2,1.4,0.56759489
19057,Des Moines County,IA,5.0,38824,0.4174,22.3,2.9,25.0,7.1,3.5,20.7,22.5,16.7,8.5,0.3,14.9,6.7,3.3,1.1,8.6,1.8,0.41981485
19059,Dickinson County,IA,5.0,17692,0.055,13.2,2.1,20.0,3.5,4.4,27.0,19.0,14.9,3.9,0.8,6.3,6.8,7.5,0.1,3.9,1.4,0.49695775
19061,Dubuque County,IA,4.0,98812,0.2281,17.7,4.1,22.2,6.0,3.4,18.4,22.5,11.0,5.1,0.8,10.5,9.5,3.8,1.3,5.8,4.1,0.51326174
19063,Emmet County,IA,6.0,9349,0.2494,20.4,2.1,18.0,12.7,5.5,23.1,19.1,18.8,3.4,2.2,16.9,2.4,2.9,0.8,3.8,7.6,0.5146054
19065,Fayette County,IA,6.0,19519,0.2179,23.8,3.7,26.6,7.1,5.4,21.8,21.2,16.3,4.6,0.2,8.5,2.1,4.6,0.5,4.7,3.5,0.51377302
19067,Floyd County,IA,6.0,15601,0.1196,18.2,3.3,17.8,6.8,4.7,22.6,22.7,15.2,3.9,0.1,10.6,4.2,1.3,0.8,7.2,1.9,0.50077283
19069,Franklin County,IA,6.0,10015,0.2132,23.8,3.8,15.3,7.6,10.4,21.3,23.4,9.3,5.2,2.3,16.5,2.7,2.3,0.5,3.9,1.6,0.50329876
19071,Fremont County,IA,6.0,6639,0.0146,18.6,1.7,18.3,5.1,3.8,22.6,22.1,14.4,2.9,0.3,7.0,0.3,1.9,1.2,2.6,1.9,0.46658877
19073,Greene County,IA,6.0,8801,0.1664,21.2,3.6,18.4,6.8,3.2,23.4,22.2,17.3,3.8,0.7,7.1,3.3,2.7,2.0,4.7,1.5,0.49935845
19075,Grundy County,IA,4.0,12351,0.0029,11.0,2.5,14.6,4.1,3.0,20.6,23.5,9.4,3.3,0.3,4.6,2.2,3.7,0.8,2.7,1.3,0.53651685
19077,Guthrie County,IA,3.0,10619,0.0178,15.8,3.3,19.1,5.7,3.2,22.8,21.8,11.4,4.4,0.2,6.2,1.2,2.3,1.5,3.3,1.5,0.51752061
19079,Hamilton County,IA,6.0,14979,0.1289,15.5,4.0,18.0,7.4,4.2,21.3,22.2,13.9,3.3,1.4,12.5,7.4,2.3,0.5,5.5,1.4,0.47511137
19081,Hancock County,IA,6.0,10790,0.0713,15.4,2.1,16.1,8.7,3.9,23.3,21.3,14.8,4.8,0.3,8.5,3.2,3.1,1.1,4.1,2.3,0.5377174
19083,Hardin County,IA,6.0,16861,0.1514,19.7,3.5,19.6,6.6,4.4,22.8,19.1,13.7,4.0,1.3,8.8,3.0,2.2,1.3,5.2,4.4,0.50678074
19085,Harrison County,IA,3.0,14623,0.0388,15.9,2.7,17.2,6.9,4.8,19.6,22.9,12.1,4.0,0.1,4.9,2.5,4.1,1.8,4.3,1.9,0.49009487
19087,Henry County,IA,6.0,20436,0.2001,19.3,2.7,19.6,8.9,3.4,19.0,20.9,14.1,6.1,1.3,13.3,3.4,4.2,0.6,4.4,7.8,0.46819261
19089,Howard County,IA,6.0,9479,0.0846,16.9,1.5,15.5,8.0,9.8,20.4,25.5,10.4,2.7,0.5,4.9,1.8,1.3,0.8,6.7,2.4,0.54130363
19091,Humboldt County,IA,6.0,9606,0.1941,23.1,2.5,16.0,5.8,5.1,21.2,23.6,15.0,5.0,1.8,8.4,3.4,1.6,1.8,5.3,1.3,0.52876306
19093,Ida County,IA,6.0,6969,0.0445,19.7,2.0,12.7,7.0,5.0,22.0,24.0,12.2,4.5,0.0,6.9,4.1,1.2,0.7,4.3,1.9,0.54538429
19095,Iowa County,IA,6.0,16575,0.0484,14.5,3.2,16.4,6.3,2.9,19.1,23.4,13.5,5.1,0.4,6.9,3.7,4.3,1.0,2.9,2.2,0.52879578
19097,Jackson County,IA,6.0,19470,0.078,19.6,4.2,18.4,6.0,4.8,21.3,22.0,12.1,4.5,0.1,5.3,2.7,8.2,1.2,5.9,1.3,0.51322109
19099,Jasper County,IA,3.0,37808,0.2078,17.2,4.8,22.3,5.8,3.4,19.1,22.0,13.2,6.3,0.7,7.8,5.2,3.3,1.1,4.1,4.7,0.46030825
19101,Jefferson County,IA,6.0,15785,0.6774,25.7,5.2,27.5,6.7,6.8,25.3,16.4,14.2,5.4,1.7,16.8,3.7,10.9,2.0,8.3,6.1,0.47219929
19103,Johnson County,IA,4.0,153360,0.3863,24.7,3.8,30.0,4.0,5.2,12.6,19.4,9.0,4.1,2.3,23.5,22.6,3.7,2.0,7.6,4.9,0.47664461
19105,Jones County,IA,3.0,20733,0.1082,18.0,3.1,18.4,5.7,2.9,21.1,20.7,13.1,6.8,0.3,7.8,3.8,5.6,0.6,4.2,5.7,0.525617
19107,Keokuk County,IA,6.0,10026,0.0633,22.6,3.6,21.2,6.5,2.8,21.9,22.8,17.4,4.9,0.2,4.3,0.2,3.5,1.3,2.2,1.4,0.50303537
19109,Kossuth County,IA,6.0,14718,0.203,20.0,3.8,16.1,6.3,4.3,24.7,21.7,16.3,3.7,1.9,7.3,6.2,0.6,0.5,7.5,2.1,0.59000456
19111,Lee County,IA,5.0,33442,0.2631,22.7,4.6,22.5,5.9,4.2,21.2,21.2,16.2,6.2,0.1,9.7,6.7,3.9,0.4,5.1,3.6,0.42758539
19113,Linn County,IA,3.0,229308,0.1944,16.5,3.8,21.4,5.0,3.8,16.6,22.8,10.7,6.2,1.0,16.3,13.5,3.5,1.2,5.1,2.1,0.43809453
19115,Louisa County,IA,6.0,10823,0.2676,17.4,4.4,14.7,13.9,5.1,19.5,22.2,14.2,3.8,5.8,22.6,0.4,10.8,2.6,4.5,1.3,0.46049133
19117,Lucas County,IA,6.0,8666,0.3458,27.0,3.9,18.1,7.6,8.4,21.5,22.6,17.4,4.5,1.0,5.1,7.5,4.7,0.8,7.7,1.2,0.49340388
19119,Lyon County,IA,6.0,12023,0.0286,11.1,2.4,15.0,5.3,4.8,19.0,28.1,12.6,3.1,0.6,5.4,4.1,2.1,1.1,3.9,1.5,0.60139436
19121,Madison County,IA,3.0,16609,0.0035,9.5,2.3,18.1,3.0,3.5,18.1,24.7,9.3,4.1,0.3,5.7,1.5,3.9,0.6,4.2,1.1,0.50549352
19123,Mahaska County,IA,5.0,22059,0.1575,21.1,3.3,17.6,6.8,4.5,19.0,23.8,13.6,5.9,0.5,7.5,2.9,5.8,0.9,4.7,3.2,0.50390691
19125,Marion County,IA,5.0,33487,0.099,12.9,2.3,18.7,5.9,3.4,18.7,23.3,13.5,5.0,0.4,6.2,5.8,4.9,1.5,3.7,5.0,0.47746855
19127,Marshall County,IA,5.0,40049,0.6799,19.4,5.6,19.5,14.8,5.3,17.7,25.4,11.5,5.1,7.7,32.7,6.5,2.8,4.3,7.1,3.7,0.4319157
19129,Mills County,IA,3.0,14605,0.0811,15.9,4.4,18.8,4.9,3.1,19.6,23.9,13.6,4.4,0.4,6.6,1.0,3.2,1.2,5.5,3.1,0.50342011
19131,Mitchell County,IA,6.0,10537,0.085,17.0,0.9,18.2,7.7,7.3,21.3,23.6,11.4,4.6,0.5,3.9,3.3,1.4,0.8,5.1,2.1,0.5479154
19133,Monona County,IA,6.0,8671,0.0951,20.8,2.6,19.4,7.0,4.1,24.1,22.0,15.0,4.5,0.3,6.0,4.6,5.0,0.5,2.5,2.4,0.46591732
19135,Monroe County,IA,6.0,7574,0.1203,16.9,3.4,20.1,7.0,3.7,19.5,23.8,14.5,3.3,0.0,5.4,1.7,12.8,1.9,6.1,1.9,0.48454678
19137,Montgomery County,IA,6.0,10285,0.1432,23.6,4.5,16.5,8.4,2.4,21.8,22.5,16.0,5.6,0.2,7.9,2.8,2.5,0.5,4.5,2.0,0.49002165
19139,Muscatine County,IA,5.0,42968,0.4792,19.7,3.5,21.8,9.9,3.8,17.1,24.4,13.0,7.5,2.6,24.9,6.0,7.5,2.1,5.2,1.7,0.42926189
19141,O'Brien County,IA,6.0,14138,0.3681,22.3,2.4,18.1,9.3,3.2,21.5,23.8,15.4,3.5,0.9,9.6,6.3,3.3,2.5,7.9,2.9,0.55409515
19143,Osceola County,IA,6.0,6149,0.251,18.4,4.5,15.5,13.8,5.9,21.9,22.7,11.2,6.0,2.8,13.6,4.6,0.7,0.8,3.0,1.9,0.54105395
19145,Page County,IA,6.0,15225,0.3878,23.1,6.6,21.2,7.1,5.3,23.5,18.8,15.7,5.5,0.5,9.4,6.0,1.9,0.7,6.3,6.3,0.47664678
19147,Palo Alto County,IA,6.0,8938,0.1422,18.0,3.6,16.7,7.0,4.2,22.0,23.8,14.3,2.5,0.5,9.1,4.8,1.9,1.7,3.8,3.8,0.53614211
19149,Plymouth County,IA,5.0,25621,0.0624,11.6,2.1,14.2,5.7,5.4,18.9,24.8,12.1,3.9,1.8,10.4,4.9,4.3,1.1,3.9,1.3,0.55127275
19151,Pocahontas County,IA,6.0,7061,0.1476,18.8,6.3,16.1,8.5,6.0,23.3,22.2,14.8,2.6,1.2,8.6,1.2,2.0,1.1,4.0,1.9,0.539994
19153,Polk County,IA,3.0,493378,0.4477,17.4,4.5,23.6,7.3,4.8,13.5,24.5,11.1,7.0,2.8,24.5,19.5,2.0,2.3,5.7,1.8,0.42686203
19155,Pottawattamie County,IA,3.0,93543,0.4944,20.3,3.6,23.2,9.4,5.2,18.0,23.2,15.2,6.4,1.4,14.1,10.0,4.7,1.6,6.4,2.5,0.42595309
19157,Poweshiek County,IA,6.0,18608,0.2348,19.0,4.6,24.5,5.1,3.5,20.7,19.9,12.6,3.1,0.6,8.7,6.4,4.5,0.7,8.6,8.8,0.50524914
19159,Ringgold County,IA,6.0,4690,0.2176,19.3,1.7,18.7,6.0,7.0,23.0,23.9,15.1,6.5,0.2,5.7,1.6,3.6,1.5,5.6,4.7,0.50729686
19161,Sac County,IA,6.0,9778,0.0614,17.3,3.2,16.1,6.3,5.2,23.7,22.2,11.0,4.8,0.2,6.3,1.3,3.3,2.4,4.2,1.9,0.58579111
19163,Scott County,IA,3.0,174315,0.3252,18.7,4.0,21.9,6.0,5.6,16.7,23.4,11.8,6.8,1.1,22.0,12.5,2.3,1.2,6.5,2.0,0.41829303
19165,Shelby County,IA,6.0,11737,0.029,17.0,2.5,21.0,5.8,4.4,23.0,21.9,10.1,3.7,0.4,7.2,3.3,1.5,0.3,2.7,1.9,0.53484052
19167,Sioux County,IA,6.0,35815,0.1311,11.7,2.3,17.4,8.4,5.0,16.1,26.9,9.5,3.2,2.4,14.0,4.5,2.4,1.5,3.8,6.3,0.58474743
19169,Story County,IA,4.0,98573,0.2364,25.3,5.6,28.6,2.9,5.1,12.6,16.0,8.8,3.0,0.6,17.5,25.6,3.7,0.6,6.6,12.2,0.49748048
19171,Tama County,IA,6.0,17017,0.4384,23.6,4.5,19.2,9.0,7.3,19.8,24.1,9.8,5.9,2.8,21.4,2.3,4.0,3.6,3.1,2.1,0.49370426
19173,Taylor County,IA,6.0,5916,0.1292,16.7,3.2,14.7,9.0,6.7,22.5,22.5,12.8,3.3,3.2,11.9,1.6,4.4,0.9,4.2,1.9,0.4988994
19175,Union County,IA,6.0,12107,0.3767,19.4,5.7,20.5,7.2,6.6,20.5,23.1,15.4,6.0,0.3,6.7,5.6,4.6,1.3,6.3,2.6,0.47277489
19177,Van Buren County,IA,6.0,7207,0.3608,24.3,4.9,17.8,11.6,14.4,23.6,22.8,17.8,3.0,0.2,4.2,0.5,8.9,1.6,7.6,1.3,0.49306369
19179,Wapello County,IA,5.0,35292,0.7852,28.0,4.4,26.7,12.1,6.8,17.8,23.4,15.5,8.1,3.1,20.6,6.3,4.3,2.3,7.4,2.3,0.42218581
19181,Warren County,IA,3.0,52709,0.0741,10.5,3.2,18.0,3.5,2.4,16.4,24.4,10.5,6.1,0.4,7.2,7.9,3.5,1.9,2.4,3.2,0.4768489
19183,Washington County,IA,4.0,22534,0.1397,16.2,2.6,17.5,7.7,6.7,19.6,24.6,12.8,4.8,1.7,10.4,3.1,3.7,0.7,4.6,1.7,0.47520941
19185,Wayne County,IA,6.0,6484,0.4168,19.1,1.6,20.0,10.6,11.4,21.7,26.0,14.0,6.2,0.7,5.8,0.2,8.1,2.3,7.5,1.8,0.48688009
19187,Webster County,IA,5.0,36986,0.3439,20.3,3.2,20.4,8.2,6.1,19.6,20.9,14.2,4.5,1.1,14.9,7.2,2.7,1.5,6.8,7.6,0.44889295
19189,Winnebago County,IA,6.0,10704,0.1403,16.1,2.5,18.1,5.5,3.4,21.3,21.7,11.7,7.2,1.0,10.1,4.4,0.6,1.1,4.6,6.1,0.51862085
19191,Winneshiek County,IA,6.0,20050,0.0522,14.1,2.1,20.9,4.8,2.5,22.3,18.6,11.6,4.7,0.4,5.5,4.2,2.9,1.0,4.4,10.2,0.56284529
19193,Woodbury County,IA,4.0,105526,0.7197,22.3,4.5,22.7,12.4,6.5,15.4,25.6,13.4,8.0,5.1,30.7,10.4,3.8,2.3,6.2,2.7,0.42699581
19195,Worth County,IA,5.0,7417,0.0232,16.6,3.3,14.9,5.7,5.9,21.6,20.7,14.8,4.2,0.0,6.1,1.4,1.4,1.7,4.8,1.3,0.48495266
19197,Wright County,IA,6.0,12897,0.3971,27.7,2.2,17.8,7.3,4.5,22.4,24.7,12.7,7.6,3.8,17.4,4.4,1.2,0.5,8.0,1.7,0.48427662
20001,Allen County,KS,6.0,12554,0.5854,24.2,7.3,21.3,7.4,9.2,20.5,22.3,17.4,6.6,0.2,11.0,1.9,9.5,1.6,7.6,3.4,0.41169006
20003,Anderson County,KS,6.0,7799,0.4085,23.9,3.3,21.4,13.5,13.7,20.8,24.9,16.9,7.1,0.0,7.7,0.3,5.6,1.1,6.2,1.6,0.45896053
20005,Atchison County,KS,5.0,16309,0.4728,23.7,4.5,22.4,6.2,8.2,17.0,22.5,14.2,5.6,0.8,13.2,6.5,5.9,1.0,7.0,10.8,0.42228299
20007,Barber County,KS,6.0,4081,0.5107,27.5,2.4,21.6,8.5,10.1,22.8,23.6,19.7,1.9,0.8,13.3,2.4,4.8,5.2,6.0,1.3,0.51159906
20009,Barton County,KS,5.0,25477,0.7006,25.6,4.1,21.5,10.4,11.1,20.7,24.0,17.3,7.7,1.9,19.9,3.8,10.6,0.6,5.8,2.0,0.46441993
20011,Bourbon County,KS,6.0,14405,0.5126,26.2,3.8,18.7,10.3,8.9,19.3,25.9,17.8,5.6,0.2,11.2,3.8,8.1,3.0,3.7,2.9,0.44513497
20013,Brown County,KS,6.0,9486,0.1893,22.9,4.4,18.7,6.5,10.2,20.8,25.7,15.3,3.4,0.1,19.3,3.3,2.5,0.6,4.7,1.2,0.47078624
20015,Butler County,KS,3.0,67618,0.1295,14.8,3.1,18.4,5.8,6.8,15.6,25.0,14.1,5.0,0.3,13.5,2.5,7.6,1.3,3.6,4.6,0.4360472
20017,Chase County,KS,5.0,2570,0.2358,27.8,1.2,15.6,6.7,10.3,23.2,21.4,13.2,6.2,0.4,11.9,0.1,8.8,1.4,4.6,4.0,0.5193609
20019,Chautauqua County,KS,6.0,3389,0.5781,31.1,5.6,16.1,11.2,13.4,24.3,23.0,22.1,3.1,0.0,16.5,1.3,13.7,3.8,3.4,2.4,0.44809031
20021,Cherokee County,KS,4.0,19380,0.4718,26.9,2.3,21.6,10.1,10.3,19.5,23.1,20.9,5.3,0.1,13.9,1.6,8.5,2.4,7.4,1.2,0.41945258
20023,Cheyenne County,KS,6.0,2619,0.2953,25.1,1.8,20.9,10.8,14.4,25.8,21.3,16.0,4.5,2.5,10.5,0.3,3.0,1.6,2.7,1.5,0.55817926
20025,Clark County,KS,6.0,1977,0.2354,19.4,1.0,14.4,5.8,6.4,23.3,25.4,17.6,3.5,3.0,15.7,0.9,4.5,1.7,4.1,2.9,0.57412511
20027,Clay County,KS,6.0,8088,0.4636,18.8,1.4,26.5,5.8,5.5,24.3,23.5,18.7,6.2,0.2,7.8,5.9,3.1,2.6,7.4,2.2,0.48393884
20029,Cloud County,KS,6.0,9008,0.3427,25.4,4.7,21.3,4.1,11.5,20.9,23.3,13.2,4.1,0.6,9.5,2.9,2.6,0.6,6.3,5.0,0.5116666
20031,Coffey County,KS,6.0,8334,0.2743,20.9,5.3,15.0,6.3,9.0,21.7,21.9,17.3,7.1,0.3,7.8,1.8,8.3,1.2,4.9,1.7,0.49350631
20033,Comanche County,KS,6.0,1825,0.2577,15.7,3.8,17.9,3.5,8.8,26.7,22.6,18.4,7.1,0.1,4.3,1.3,3.4,3.4,3.9,3.6,0.47076565
20035,Cowley County,KS,5.0,34661,0.7871,23.8,5.3,22.7,8.3,9.3,18.5,23.5,18.8,7.7,1.2,22.2,4.6,9.5,1.9,6.2,6.6,0.42554131
20037,Crawford County,KS,5.0,39012,0.7213,30.9,3.9,28.0,5.7,11.0,15.5,22.1,16.0,7.6,0.4,14.6,7.3,4.9,4.5,8.8,4.9,0.42867494
20039,Decatur County,KS,6.0,2771,0.0681,19.3,4.9,12.5,6.4,7.5,28.2,20.8,18.0,3.7,0.2,7.8,0.4,5.5,0.0,2.9,1.8,0.55728889
20041,Dickinson County,KS,6.0,18492,0.1884,15.0,3.0,19.4,6.4,10.5,20.6,22.8,16.3,3.8,0.6,10.9,5.6,2.3,0.2,5.9,1.8,0.46563876
20043,Doniphan County,KS,4.0,7501,0.1861,19.1,1.6,22.3,8.8,7.5,19.5,19.5,12.2,3.9,0.2,10.9,1.9,11.0,1.8,4.8,10.0,0.44859543
20045,Douglas County,KS,4.0,119094,0.3602,23.5,4.8,30.9,4.0,7.4,13.2,17.8,11.5,3.7,0.8,22.9,18.4,1.6,1.9,6.5,7.5,0.42703208
20047,Edwards County,KS,6.0,2849,0.4639,23.1,3.9,14.9,12.4,9.8,21.9,22.6,15.8,6.7,4.2,25.7,1.8,3.2,0.0,4.8,2.7,0.48299116
20049,Elk County,KS,6.0,2453,0.336,29.7,3.8,17.2,13.1,9.5,27.5,22.7,24.1,2.2,0.3,11.7,0.0,13.2,1.1,5.2,0.7,0.48936486
20051,Ellis County,KS,5.0,28921,0.2393,24.4,3.3,30.1,4.7,6.3,15.1,20.5,12.7,5.5,0.3,11.7,5.3,4.1,2.0,3.8,4.9,0.52755284
20053,Ellsworth County,KS,6.0,6374,0.1731,20.6,3.5,19.7,7.7,5.3,22.8,18.1,17.0,2.7,0.0,15.3,2.3,11.1,1.2,4.0,15.9,0.47912446
20055,Finney County,KS,5.0,38187,0.8966,22.5,5.4,23.4,27.9,13.6,11.3,29.9,13.0,5.9,11.4,60.7,5.4,12.3,6.6,6.3,1.8,0.41161007
20057,Ford County,KS,5.0,34212,0.7359,23.1,3.2,18.2,22.8,12.5,11.4,29.7,11.1,6.8,12.9,61.9,4.3,10.2,4.3,4.8,2.0,0.41245389
20059,Franklin County,KS,5.0,25968,0.224,17.9,2.6,24.1,8.0,6.9,17.3,23.4,16.5,4.7,0.4,10.5,3.5,7.4,1.2,4.0,2.5,0.42218852
20061,Geary County,KS,4.0,36247,0.7353,28.9,4.5,32.0,6.3,7.7,8.5,31.1,13.4,13.1,2.3,44.7,10.5,5.4,2.2,4.1,2.7,0.37681189
20063,Gove County,KS,6.0,2758,0.0372,15.7,3.3,16.2,6.2,11.0,23.8,26.2,15.0,2.8,0.0,5.7,0.3,3.1,0.1,1.4,1.7,0.53695053
20065,Graham County,KS,6.0,2430,0.2765,28.3,6.1,20.7,6.2,7.6,26.3,20.6,15.3,7.9,0.1,12.6,1.0,6.1,0.0,4.2,1.6,0.50316375
20067,Grant County,KS,6.0,7336,0.3363,10.2,3.6,11.8,20.8,14.5,12.8,31.1,6.5,1.8,7.7,52.1,0.0,21.7,7.5,1.8,0.9,0.47192529
20069,Gray County,KS,6.0,5719,0.2816,11.6,2.1,11.5,24.7,11.0,15.1,29.1,7.9,4.0,4.3,20.4,1.7,11.1,4.0,1.5,1.5,0.53135669
20071,Greeley County,KS,6.0,1279,0.2689,12.4,0.1,10.5,11.1,9.6,18.1,29.1,11.5,7.9,3.1,22.8,0.9,10.9,0.0,4.9,2.1,0.5674367
20073,Greenwood County,KS,6.0,6001,0.2978,25.1,2.6,19.4,8.4,9.9,25.7,21.5,19.4,6.9,0.1,9.1,0.0,8.5,1.0,6.9,1.4,0.47692239
20075,Hamilton County,KS,6.0,2520,0.3398,16.0,0.0,16.6,14.4,22.7,14.3,30.3,10.2,4.1,13.5,35.1,1.6,12.4,5.7,1.8,0.4,0.4444291
20077,Harper County,KS,6.0,5457,0.6316,32.1,5.3,17.3,10.3,8.8,21.9,25.1,19.0,6.7,1.3,12.3,1.0,5.6,2.7,2.2,3.5,0.45272848
20079,Harvey County,KS,3.0,33959,0.4193,18.2,4.2,19.9,8.2,8.5,20.5,23.9,14.2,4.9,0.8,19.0,4.8,2.5,2.2,4.3,4.0,0.43555745
20081,Haskell County,KS,6.0,3735,0.4143,20.4,3.5,12.3,24.8,17.4,15.3,26.8,8.8,1.9,6.2,34.7,0.5,19.2,2.4,3.5,1.4,0.58617812
20083,Hodgeman County,KS,6.0,1770,0.0646,12.7,2.1,11.4,7.4,9.5,22.8,23.2,17.1,2.6,1.5,9.2,0.8,4.5,0.8,0.7,1.3,0.58044744
20085,Jackson County,KS,4.0,13274,0.2472,15.5,2.1,20.8,6.2,8.3,19.5,24.3,16.6,4.4,1.9,17.1,2.2,7.0,1.9,3.7,1.3,0.48021773
20087,Jefferson County,KS,4.0,18387,0.0197,11.0,3.5,22.6,4.3,5.6,19.0,22.4,14.0,3.2,0.1,7.7,0.6,6.7,0.7,4.5,1.1,0.46568909
20089,Jewell County,KS,6.0,2929,0.0455,28.9,1.5,15.9,7.5,5.7,30.2,20.4,16.9,2.8,0.0,7.3,0.9,7.0,0.9,3.4,1.1,0.51125634
20091,Johnson County,KS,2.0,610742,0.0605,9.0,3.2,19.4,3.5,5.5,15.2,23.8,8.9,4.8,1.5,21.8,12.6,0.6,1.2,3.3,0.9,0.46767005
20093,Kearny County,KS,6.0,3964,0.5358,28.4,2.2,16.9,19.6,13.7,16.0,30.0,13.2,8.1,5.1,37.9,0.3,14.0,1.0,2.7,1.9,0.45364109
20095,Kingman County,KS,6.0,7369,0.1079,16.5,4.7,16.3,9.2,9.5,19.9,21.8,16.4,2.5,0.1,9.0,1.0,7.8,1.0,4.2,2.0,0.49144778
20097,Kiowa County,KS,6.0,2445,0.2879,13.7,3.6,17.8,11.0,11.6,22.7,22.8,16.1,2.2,0.9,11.7,1.9,5.4,1.5,2.8,8.9,0.46065772
20099,Labette County,KS,6.0,20096,0.4941,24.0,2.4,19.6,9.5,9.8,19.6,24.2,20.7,5.9,0.3,15.7,4.1,6.2,1.5,5.0,3.1,0.43611234
20101,Lane County,KS,6.0,1528,0.0716,18.6,0.4,15.3,4.2,15.8,22.2,20.4,16.3,4.4,0.8,16.5,2.1,5.1,0.0,2.8,0.3,0.47038424
20103,Leavenworth County,KS,2.0,82050,0.2475,14.8,4.5,21.5,6.6,6.7,15.1,23.6,13.4,5.4,0.3,22.0,4.1,1.5,1.7,4.8,7.1,0.39216787
20105,Lincoln County,KS,6.0,2929,0.1021,22.9,1.8,20.1,5.4,7.0,25.1,22.5,16.5,4.1,0.0,7.0,3.2,4.6,0.0,3.8,1.9,0.47715026
20107,Linn County,KS,2.0,9696,0.2733,19.9,4.4,26.2,6.5,10.2,22.1,22.1,17.4,4.6,0.0,8.4,1.2,13.9,2.2,4.1,0.5,0.44525316
20109,Logan County,KS,6.0,2752,0.28,22.5,0.3,15.8,7.6,9.0,20.9,24.9,19.3,5.8,1.7,10.5,2.2,8.0,1.1,3.5,1.1,0.47967562
20111,Lyon County,KS,5.0,32182,0.7222,26.8,2.7,25.2,12.2,10.6,15.2,22.1,14.4,4.5,3.3,30.1,11.8,7.3,3.3,6.5,3.6,0.42970076
20113,McPherson County,KS,5.0,30085,0.1635,16.2,2.1,20.8,7.3,6.7,19.7,21.4,13.3,5.6,0.4,9.7,3.1,4.8,1.6,3.7,5.7,0.47835681
20115,Marion County,KS,6.0,11867,0.1355,18.3,3.7,18.2,7.9,6.6,23.1,21.2,14.8,4.8,0.3,8.3,1.7,4.8,0.9,3.3,6.8,0.47457254
20117,Marshall County,KS,6.0,10014,0.181,19.6,2.8,19.9,7.8,5.3,22.1,24.4,13.9,2.7,0.6,6.7,2.8,6.1,2.1,4.0,2.1,0.53589171
20119,Meade County,KS,6.0,4019,0.2628,17.5,1.2,14.7,13.6,9.5,16.2,26.3,9.5,7.0,2.1,26.0,0.5,9.7,1.4,2.9,2.5,0.54597747
20121,Miami County,KS,2.0,34312,0.0757,11.4,2.8,20.3,4.4,6.5,17.3,23.6,13.0,5.8,0.4,8.5,2.9,4.4,1.3,2.7,2.2,0.45447814
20123,Mitchell County,KS,6.0,5829,0.1285,21.7,0.7,13.9,4.7,9.8,22.7,23.3,15.2,4.9,0.0,7.1,4.0,2.9,0.0,5.7,2.5,0.51268011
20125,Montgomery County,KS,6.0,31448,0.8209,29.0,4.7,22.8,10.0,12.4,19.4,23.8,21.1,5.6,0.7,22.2,6.1,7.1,2.0,8.2,3.1,0.41240478
20127,Morris County,KS,6.0,5385,0.1569,19.0,2.1,18.8,7.5,8.0,25.3,21.7,17.9,4.6,0.2,10.4,2.1,13.2,0.4,3.9,1.5,0.48142785
20129,Morton County,KS,6.0,2688,0.3077,17.7,3.3,20.0,12.2,9.7,20.0,25.6,16.9,2.8,5.3,29.4,0.5,5.1,0.0,2.6,2.7,0.50386459
20131,Nemaha County,KS,6.0,10219,0.057,15.9,1.7,15.7,6.8,6.0,19.5,27.3,13.6,4.0,0.0,5.8,5.4,3.9,0.5,4.0,3.2,0.61351389
20133,Neosho County,KS,6.0,15826,0.6911,24.3,4.5,21.4,9.0,11.7,20.1,24.4,19.7,7.9,0.1,11.9,3.7,7.5,2.9,5.7,3.1,0.4473432
20135,Ness County,KS,6.0,2677,0.0999,18.6,0.6,11.3,8.6,8.5,23.3,20.7,16.1,2.0,1.7,18.1,1.3,3.7,0.9,2.4,1.9,0.52363312
20137,Norton County,KS,6.0,5431,0.223,21.2,1.4,19.2,9.2,12.7,20.4,19.4,15.7,4.9,0.8,13.5,2.1,4.6,0.7,2.1,17.7,0.51253235
20139,Osage County,KS,4.0,15787,0.1909,18.7,3.4,21.7,7.9,8.6,19.9,23.4,17.4,5.3,0.0,7.5,1.5,10.1,2.0,2.3,1.3,0.45189831
20141,Osborne County,KS,6.0,3493,0.0687,23.8,1.7,13.7,4.6,5.9,25.8,21.3,14.3,6.3,0.2,7.1,0.0,3.3,1.2,3.7,3.1,0.50732821
20143,Ottawa County,KS,5.0,5768,0.042,18.4,3.3,21.0,5.2,5.8,20.2,22.7,14.0,4.4,0.2,6.8,1.0,3.4,0.8,3.5,1.7,0.47734776
20145,Pawnee County,KS,6.0,6288,0.3019,18.5,1.6,17.5,10.3,11.8,21.9,14.2,23.7,1.8,0.3,16.7,3.0,5.9,0.0,8.7,15.1,0.4515202
20147,Phillips County,KS,6.0,4960,0.3137,23.7,4.0,19.6,8.9,7.8,24.4,22.3,17.8,5.5,0.1,7.4,3.0,5.0,2.8,2.5,1.7,0.52574575
20149,Pottawatomie County,KS,4.0,25482,0.0544,13.9,1.9,17.7,4.0,4.9,14.8,28.9,11.7,4.7,0.2,11.3,1.3,11.4,3.9,1.7,1.7,0.48593962
20151,Pratt County,KS,6.0,9175,0.3341,19.4,3.6,19.6,8.1,8.5,20.3,25.1,13.2,9.3,0.3,13.5,4.0,3.7,0.7,3.9,5.3,0.46636552
20153,Rawlins County,KS,6.0,2544,0.3958,29.1,1.0,17.8,5.3,8.1,26.9,22.7,22.9,2.2,1.2,11.4,1.0,13.9,2.5,5.5,1.4,0.53060615
20155,Reno County,KS,5.0,61881,0.5011,23.1,4.2,21.8,8.3,9.2,20.1,22.3,16.1,5.9,0.5,17.0,5.5,4.0,1.7,4.6,4.7,0.42142919
20157,Republic County,KS,6.0,4686,0.041,22.8,0.6,12.8,4.6,5.3,26.2,23.4,15.5,2.9,0.0,5.8,4.3,2.4,0.2,4.0,1.6,0.50931853
20159,Rice County,KS,6.0,9441,0.1823,17.7,3.6,14.0,8.0,7.6,19.7,23.1,15.3,4.4,1.3,19.1,2.4,2.8,0.4,2.4,7.1,0.4635542
20161,Riley County,KS,4.0,72105,0.567,32.2,5.1,35.9,4.2,6.1,9.6,15.9,12.7,6.3,1.1,24.4,18.7,5.5,2.7,5.4,15.3,0.43735152
20163,Rooks County,KS,6.0,4925,0.071,13.9,1.8,12.5,7.4,5.3,22.9,21.2,18.5,3.5,0.0,6.1,2.5,3.2,0.6,7.0,4.2,0.49481294
20165,Rush County,KS,6.0,2939,0.0916,22.4,4.4,19.5,9.1,5.8,24.3,20.1,14.8,1.8,0.3,11.7,0.2,6.1,0.5,2.8,2.5,0.51195544
20167,Russell County,KS,6.0,6702,0.3226,27.4,3.9,28.7,6.6,10.6,24.9,21.8,16.7,4.3,0.1,10.1,4.9,2.2,1.1,3.6,1.7,0.49514878
20169,Saline County,KS,5.0,54160,0.5008,20.5,3.6,25.4,6.3,9.0,18.4,22.8,16.1,7.3,0.7,20.7,6.4,2.4,0.6,8.1,2.9,0.4225283
20171,Scott County,KS,6.0,5128,0.4349,21.2,2.3,21.8,15.1,4.0,20.5,26.5,12.9,5.7,3.5,24.2,4.5,4.1,1.8,1.3,2.0,0.50198048
20173,Sedgwick County,KS,3.0,522700,0.7292,21.7,5.3,24.7,10.5,10.9,15.2,25.1,14.6,6.8,2.7,33.6,11.8,3.2,2.4,6.0,1.4,0.39217156
20175,Seward County,KS,5.0,21942,0.8578,26.4,2.7,24.8,30.2,14.5,10.1,31.0,8.3,7.7,17.8,71.9,6.5,12.4,2.1,6.8,1.9,0.41903913
20177,Shawnee County,KS,4.0,178625,0.6137,20.6,4.2,24.4,7.1,8.2,18.6,23.2,13.7,6.3,1.6,27.8,11.0,2.9,2.1,7.0,3.0,0.39075658
20179,Sheridan County,KS,6.0,2450,0.0706,13.5,0.4,20.6,3.7,5.4,23.2,25.6,14.1,4.1,0.3,8.3,2.0,4.7,0.0,5.8,1.3,0.58926314
20181,Sherman County,KS,6.0,5940,0.4992,20.7,2.4,25.1,10.3,8.6,20.6,23.4,18.1,12.5,0.2,17.1,3.2,6.4,0.9,3.3,5.9,0.49950972
20183,Smith County,KS,6.0,3561,0.0404,18.4,2.1,16.3,4.6,8.1,28.6,19.5,18.1,4.2,0.1,6.3,2.3,2.4,0.7,2.7,1.7,0.53331286
20185,Stafford County,KS,6.0,4054,0.2272,21.4,3.5,15.4,6.8,8.7,21.6,24.0,15.4,5.0,1.0,17.4,0.3,5.4,1.4,2.4,3.0,0.47259924
20187,Stanton County,KS,6.0,2060,0.3786,25.5,3.0,9.7,20.0,21.1,15.9,24.4,12.0,3.8,8.3,44.3,0.3,27.7,0.2,1.6,1.5,0.52495742
20189,Stevens County,KS,6.0,5275,0.6879,23.5,1.9,21.2,25.6,15.0,17.0,29.2,12.3,5.0,8.0,41.5,1.6,26.0,1.2,5.5,2.2,0.49168998
20191,Sumner County,KS,3.0,22517,0.3322,21.3,5.2,20.6,6.5,9.3,19.3,24.2,16.6,3.4,0.4,12.0,2.5,8.3,1.7,4.9,1.8,0.43678027
20193,Thomas County,KS,6.0,7907,0.1247,17.4,0.6,17.4,5.5,10.1,17.5,23.7,15.2,3.8,1.2,9.3,1.9,7.7,0.2,3.2,5.5,0.5259099
20195,Trego County,KS,6.0,2798,0.0105,14.4,2.6,13.6,5.5,7.7,27.6,18.8,14.0,2.8,0.0,3.4,2.8,3.2,0.0,2.8,2.5,0.54424638
20197,Wabaunsee County,KS,4.0,6922,0.0636,11.2,3.0,15.1,3.4,8.1,21.0,23.2,17.6,3.4,0.2,9.6,0.9,5.8,2.0,2.3,1.7,0.4964146
20199,Wallace County,KS,6.0,1489,0.1756,25.4,2.2,9.5,7.4,4.4,24.8,23.4,18.2,0.6,1.2,10.9,1.2,6.3,1.8,4.1,1.5,0.59047329
20201,Washington County,KS,6.0,5529,0.0802,15.9,1.8,12.3,6.5,5.6,23.8,22.7,14.2,3.5,1.4,7.7,1.0,2.6,2.1,3.0,2.4,0.52481925
20203,Wichita County,KS,6.0,2131,0.4858,23.8,2.3,20.0,11.8,8.0,23.2,23.7,20.1,3.7,3.7,28.1,0.5,11.1,3.9,1.5,1.1,0.56825167
20205,Wilson County,KS,6.0,8667,0.4566,26.9,3.7,22.0,8.7,6.6,22.3,23.9,19.5,6.4,0.1,9.0,1.0,11.9,1.7,5.4,1.9,0.44115752
20207,Woodson County,KS,6.0,3134,0.2491,24.1,6.2,16.7,8.0,8.6,25.0,20.5,20.2,4.3,0.4,7.6,1.8,10.6,0.6,5.0,0.5,0.44858578
20209,Wyandotte County,KS,2.0,167989,0.9386,28.8,5.7,29.8,18.6,17.5,13.0,27.2,13.9,8.2,8.0,60.9,11.1,2.7,4.3,8.0,0.9,0.35736558
21001,Adair County,KY,6.0,18887,0.6026,32.1,6.6,20.9,13.9,7.5,19.4,20.3,22.0,4.2,0.1,8.4,1.5,18.6,2.2,5.5,6.6,0.41541359
21003,Allen County,KY,4.0,20773,0.6484,26.6,7.3,22.4,13.5,8.2,17.6,23.0,18.5,8.0,0.4,5.9,1.6,19.9,2.6,6.4,0.9,0.37712938
21005,Anderson County,KY,5.0,23839,0.0843,20.9,5.4,20.8,8.9,3.5,16.2,23.2,18.3,6.8,0.0,7.3,0.8,5.6,1.0,1.9,0.4,0.39797756
21007,Ballard County,KY,4.0,7742,0.2507,25.9,5.2,18.0,7.9,3.7,22.3,20.1,17.1,4.8,0.0,8.1,0.4,20.5,2.7,5.4,1.5,0.43367711
21009,Barren County,KY,5.0,44511,0.7919,31.9,4.9,24.5,15.3,8.7,17.8,23.4,21.2,7.2,0.8,10.7,2.5,12.9,2.8,6.7,1.5,0.40630835
21011,Bath County,KY,5.0,12739,0.5269,33.6,2.9,17.1,18.6,8.0,16.9,25.2,22.6,4.8,0.2,5.1,1.8,31.0,2.4,9.5,0.6,0.40346125
21013,Bell County,KY,5.0,24248,0.7782,42.5,10.0,25.8,21.8,6.2,18.7,21.7,25.4,5.4,0.0,6.7,2.4,21.7,1.7,7.7,2.9,0.37449017
21015,Boone County,KY,2.0,136150,0.1177,11.9,2.8,17.6,6.2,5.3,14.2,25.7,12.2,5.7,1.4,14.4,11.2,3.8,1.9,3.3,0.8,0.40715119
21017,Bourbon County,KY,3.0,20228,0.5237,28.0,5.5,27.0,14.7,3.4,18.9,22.6,20.1,5.2,0.5,15.6,0.8,6.3,3.7,5.1,1.0,0.36366171
21019,Boyd County,KY,3.0,48242,0.6704,26.8,6.9,23.3,11.3,5.4,19.9,21.5,21.9,7.6,0.2,7.8,4.9,10.1,1.0,8.7,3.6,0.38034844
21021,Boyle County,KY,5.0,30613,0.5304,25.3,6.2,27.5,9.6,5.9,18.8,20.2,17.3,7.2,0.5,15.5,2.3,5.3,0.4,5.8,9.4,0.37083247
21023,Bracken County,KY,2.0,8420,0.2568,27.8,6.2,17.5,12.0,4.1,17.0,23.5,17.0,5.7,0.0,4.5,2.6,25.9,1.9,2.6,0.3,0.37160832
21025,Breathitt County,KY,6.0,13580,0.6962,38.3,8.9,18.6,20.5,3.7,17.9,20.4,30.6,6.3,0.1,3.9,1.1,38.4,3.6,13.3,2.2,0.36811772
21027,Breckinridge County,KY,6.0,20528,0.6481,34.6,7.7,16.1,14.9,8.3,19.3,22.6,21.0,5.8,0.7,7.0,1.2,27.5,2.2,4.9,1.5,0.44865859
21029,Bullitt County,KY,2.0,82482,0.1779,17.4,4.6,19.3,10.6,3.0,16.5,21.4,15.8,6.4,1.0,7.7,2.3,7.6,2.4,4.2,0.4,0.40022212
21031,Butler County,KY,4.0,12365,0.7623,32.2,5.4,17.7,19.3,11.7,18.4,22.9,19.7,4.5,2.3,6.3,2.5,25.8,2.9,6.8,1.5,0.40762815
21033,Caldwell County,KY,6.0,12635,0.7184,25.4,4.7,22.1,12.3,11.2,21.0,22.5,28.0,6.4,0.1,10.5,2.7,11.4,3.7,7.9,1.3,0.41072783
21035,Calloway County,KY,5.0,37345,0.5482,31.5,4.7,25.4,9.7,7.0,17.1,18.0,18.1,5.9,0.2,11.3,4.9,14.2,1.6,5.2,8.6,0.41062984
21037,Campbell County,KY,2.0,93122,0.2103,17.7,3.8,24.8,6.7,4.2,16.6,20.7,13.3,5.9,0.4,8.9,14.4,2.1,1.1,6.6,3.3,0.38839018
21039,Carlisle County,KY,4.0,4782,0.4225,33.1,4.2,21.2,13.1,7.3,20.1,23.2,16.9,5.6,0.1,7.7,0.7,18.6,3.2,2.6,1.2,0.40061107
21041,Carroll County,KY,6.0,10842,0.8886,28.9,6.7,24.8,17.3,8.9,16.1,26.6,17.5,8.8,1.7,12.7,1.2,20.0,3.4,6.0,2.8,0.38974559
21043,Carter County,KY,3.0,26671,0.5581,35.7,6.0,17.2,18.8,9.6,19.6,22.1,21.9,4.8,0.0,4.8,1.6,26.9,0.8,7.0,2.5,0.39988622
21045,Casey County,KY,6.0,15942,0.8361,40.1,10.4,19.7,22.7,12.9,20.6,22.9,18.3,3.8,0.7,5.8,0.9,23.1,3.4,8.1,2.8,0.40173507
21047,Christian County,KY,3.0,72766,0.9469,32.7,7.6,33.7,13.7,8.7,12.4,27.5,18.7,10.2,1.1,35.3,4.0,7.9,2.1,7.2,7.7,0.37394321
21049,Clark County,KY,3.0,36897,0.51,22.4,5.2,25.8,11.0,4.3,18.1,22.3,18.5,6.2,0.8,10.9,2.8,8.6,1.9,6.6,1.3,0.34720245
21051,Clay County,KY,5.0,20322,0.8174,45.1,10.0,20.9,27.9,5.4,15.8,20.7,29.0,8.0,0.2,8.6,1.0,30.6,2.1,12.0,7.0,0.35891965
21053,Clinton County,KY,6.0,9295,0.6472,36.6,5.6,18.8,19.1,6.2,20.0,21.5,24.5,5.0,0.9,6.4,2.0,27.6,1.8,6.1,1.5,0.41263554
21055,Crittenden County,KY,6.0,8979,0.518,30.6,3.4,18.0,13.6,12.0,20.5,22.3,31.4,5.5,0.1,5.6,0.5,14.1,2.1,5.7,2.6,0.42840609
21057,Cumberland County,KY,6.0,5974,0.7544,39.1,3.8,28.3,19.6,10.3,22.0,21.5,18.8,3.8,0.5,7.0,1.7,23.5,2.5,9.9,1.5,0.41366643
21059,Daviess County,KY,4.0,102916,0.6109,23.3,4.1,23.2,8.8,5.1,17.2,24.3,16.5,6.3,1.3,13.4,6.1,5.0,3.2,6.9,2.9,0.41262692
21061,Edmonson County,KY,4.0,12179,0.3697,27.6,6.8,12.5,18.4,8.3,21.3,18.6,26.3,3.6,0.0,4.8,1.0,35.5,1.4,3.8,2.1,0.40107015
21063,Elliott County,KY,6.0,7378,0.7617,38.9,6.0,22.7,24.6,8.2,20.5,17.3,27.4,4.7,0.0,4.5,1.7,38.4,2.6,6.9,17.7,0.42204928
21065,Estill County,KY,5.0,14138,0.7604,34.8,8.7,24.7,23.5,4.9,19.2,21.7,28.9,9.6,0.9,4.0,2.5,18.7,1.2,8.0,0.8,0.36585921
21067,Fayette County,KY,3.0,321276,0.5542,23.0,5.0,28.9,7.8,6.9,14.2,20.6,12.5,5.3,2.6,30.4,18.3,0.9,2.0,7.2,3.7,0.36058044
21069,Fleming County,KY,6.0,15111,0.6771,34.0,8.4,17.5,18.6,8.6,18.2,24.5,20.7,5.6,0.2,5.5,0.6,31.7,3.1,8.9,0.4,0.39304239
21071,Floyd County,KY,5.0,35780,0.7073,40.2,6.8,25.7,20.7,4.8,18.8,22.2,25.9,4.6,0.2,3.6,2.4,30.2,1.1,8.6,2.4,0.38382921
21073,Franklin County,KY,5.0,51475,0.6255,21.7,4.8,23.6,8.1,6.9,18.1,20.9,17.6,8.5,1.6,18.9,8.1,5.4,1.8,5.8,3.5,0.36392605
21075,Fulton County,KY,6.0,6480,0.91,40.4,5.6,29.2,19.6,5.8,21.0,21.3,21.8,11.1,0.0,30.2,2.8,4.9,4.6,14.1,7.4,0.3511501
21077,Gallatin County,KY,2.0,8720,0.5514,31.0,3.7,23.2,15.4,9.5,13.5,22.5,16.7,4.9,0.2,12.1,4.6,26.4,4.1,3.3,1.6,0.4432072
21079,Garrard County,KY,6.0,17175,0.3312,29.4,5.3,19.9,15.1,7.3,18.5,21.6,16.9,5.5,0.5,7.4,0.2,10.6,1.9,4.7,0.7,0.36499894
21081,Grant County,KY,2.0,25085,0.2876,22.6,4.5,18.4,11.1,4.8,14.0,26.5,17.4,6.5,0.0,7.4,2.8,24.2,1.0,5.6,1.3,0.3839148
21083,Graves County,KY,5.0,36701,0.5507,31.4,3.7,24.2,9.9,6.9,18.3,23.9,19.1,3.5,0.6,15.0,2.3,11.6,2.8,5.9,1.6,0.40634546
21085,Grayson County,KY,6.0,26465,0.5428,30.2,4.8,21.7,16.4,6.3,17.8,23.8,19.9,6.1,0.3,4.9,1.7,17.3,2.1,5.0,1.6,0.40219191
21087,Green County,KY,5.0,11198,0.629,36.3,9.5,18.5,17.1,8.3,20.1,21.2,25.4,8.9,0.4,6.1,0.5,17.8,2.0,4.6,1.2,0.42808738
21089,Greenup County,KY,3.0,35853,0.2351,24.1,6.2,18.2,10.1,5.7,21.4,21.4,20.5,4.4,0.2,4.7,1.6,11.7,1.2,4.6,1.2,0.40246931
21091,Hancock County,KY,6.0,9058,0.1874,23.7,4.4,16.8,12.8,5.2,17.7,23.9,20.7,5.0,0.0,5.5,1.1,22.9,1.0,3.8,1.1,0.47285417
21093,Hardin County,KY,4.0,111005,0.5721,20.3,6.8,21.1,7.7,5.3,14.6,24.6,17.7,7.4,0.5,24.7,5.6,8.5,1.7,6.3,2.6,0.40363356
21095,Harlan County,KY,6.0,26589,0.8336,45.1,10.8,22.2,23.0,4.9,19.0,23.3,27.7,5.9,0.3,5.6,2.3,21.5,2.5,8.9,2.3,0.37986884
21097,Harrison County,KY,6.0,18803,0.2714,25.9,2.8,19.3,13.5,4.5,18.9,22.8,17.4,4.2,0.0,6.6,1.7,12.3,1.6,9.0,1.9,0.37234646
21099,Hart County,KY,6.0,19345,0.8037,37.0,3.5,26.9,21.6,9.3,16.8,24.5,20.3,6.7,0.4,9.4,2.1,17.7,3.3,8.0,1.4,0.40796441
21101,Henderson County,KY,5.0,44770,0.6386,26.3,3.8,28.0,10.7,4.2,18.3,22.7,23.3,7.5,0.4,15.1,7.9,9.4,1.1,6.7,2.7,0.3813507
21103,Henry County,KY,2.0,15731,0.5845,25.8,3.9,26.3,15.8,8.6,17.6,23.5,18.4,6.5,0.5,9.7,1.7,11.0,3.4,5.4,0.6,0.40072656
21105,Hickman County,KY,6.0,4491,0.2326,21.9,4.1,12.0,11.6,4.7,24.5,19.9,20.3,3.6,0.2,13.9,0.2,14.8,1.5,4.8,2.9,0.38558543
21107,Hopkins County,KY,5.0,45223,0.6344,28.0,7.7,20.0,11.4,4.7,18.7,22.8,26.1,5.9,0.4,12.2,1.7,13.6,2.8,5.5,2.2,0.40979388
21109,Jackson County,KY,6.0,13002,0.664,34.9,6.0,22.0,27.0,4.0,17.8,23.0,24.1,7.4,0.2,2.8,1.3,27.5,2.4,7.6,1.0,0.39876482
21111,Jefferson County,KY,1.0,779232,0.622,22.3,5.1,26.3,8.7,5.3,16.7,21.9,14.1,7.7,2.3,34.9,12.7,1.3,1.8,9.0,1.9,0.3629775
21113,Jessamine County,KY,3.0,53381,0.3474,19.8,4.5,22.9,10.4,6.5,15.6,23.5,14.9,6.1,1.1,12.6,2.9,3.0,1.6,4.0,2.8,0.3562485
21115,Johnson County,KY,6.0,22631,0.7509,38.6,5.3,25.1,17.2,5.0,18.5,22.1,25.3,5.9,0.3,3.5,5.4,25.2,1.5,7.6,2.5,0.42922232
21117,Kenton County,KY,2.0,169066,0.308,18.6,4.4,21.9,8.0,4.8,15.0,23.4,13.5,5.7,1.1,12.7,11.2,2.1,2.0,6.9,1.3,0.3746317
21119,Knott County,KY,6.0,14282,0.7334,41.7,10.6,18.2,28.3,3.0,19.6,20.0,27.6,6.4,0.0,3.6,1.3,34.5,5.6,7.5,3.9,0.36478487
21121,Knox County,KY,5.0,30207,0.8584,45.9,8.9,23.8,21.0,6.7,17.2,23.6,21.8,8.7,0.1,4.9,2.9,28.1,1.9,13.0,2.3,0.38212988
21123,Larue County,KY,4.0,14902,0.2501,29.1,2.8,23.2,15.6,3.7,17.3,22.6,18.1,9.6,0.0,9.2,0.3,12.0,0.4,3.7,1.7,0.42863321
21125,Laurel County,KY,5.0,62442,0.5285,31.2,3.6,20.0,16.0,8.3,16.8,22.8,17.8,6.1,0.3,4.7,2.2,25.9,2.3,5.4,1.8,0.38357031
21127,Lawrence County,KY,3.0,16228,0.4744,36.8,5.2,20.3,23.1,6.8,18.2,24.6,25.1,3.6,0.3,3.6,1.4,35.2,1.2,4.7,0.8,0.38819781
21129,Lee County,KY,6.0,7338,0.8492,50.4,8.1,24.5,26.5,3.1,17.5,20.4,28.5,6.5,0.1,7.9,1.7,24.1,4.1,15.4,9.3,0.39089471
21131,Leslie County,KY,6.0,10468,0.5746,45.0,10.0,19.0,18.0,1.7,18.3,21.4,27.8,2.8,0.0,3.0,0.8,30.8,3.0,8.4,3.3,0.36641586
21133,Letcher County,KY,6.0,21490,0.7012,41.9,7.7,21.5,21.1,3.8,20.1,21.5,31.2,7.1,0.1,3.2,1.4,30.2,2.5,7.1,1.3,0.39511007
21135,Lewis County,KY,6.0,13063,0.5495,45.3,7.3,20.2,21.3,5.8,18.9,22.9,20.8,5.6,0.0,2.9,1.2,24.9,1.5,6.4,1.1,0.4166387
21137,Lincoln County,KY,5.0,24320,0.5835,30.1,6.6,19.8,17.4,6.3,18.6,23.8,17.7,8.4,0.3,6.9,0.2,19.1,2.0,6.7,1.0,0.37296119
21139,Livingston County,KY,4.0,8980,0.2374,27.7,6.1,18.6,13.0,4.8,21.7,20.4,31.2,5.2,0.0,5.5,0.3,25.9,1.0,2.9,0.7,0.41301331
21141,Logan County,KY,6.0,27498,0.4671,25.7,5.6,20.8,12.3,8.8,18.6,23.8,16.5,5.6,0.2,11.9,0.8,10.1,1.8,6.1,1.4,0.40011191
21143,Lyon County,KY,6.0,8721,0.1845,18.8,3.6,16.6,9.5,6.5,25.1,13.7,40.0,2.2,0.0,12.1,1.5,17.0,0.9,2.7,16.7,0.43119264
21145,McCracken County,KY,4.0,67573,0.5517,26.5,3.6,23.2,7.3,5.8,20.1,21.8,15.9,7.3,0.1,17.8,6.5,9.4,2.7,8.2,1.9,0.38038197
21147,McCreary County,KY,6.0,16892,0.6965,50.4,5.6,20.3,22.0,5.1,16.1,21.8,23.1,4.7,0.3,10.8,1.0,29.8,1.5,10.8,10.7,0.35557348
21149,McLean County,KY,4.0,9173,0.1839,18.4,6.7,13.9,8.7,3.5,19.7,23.5,18.6,2.1,0.0,5.3,3.6,17.0,1.4,5.8,1.0,0.42633167
21151,Madison County,KY,5.0,92955,0.3843,23.4,5.4,24.2,9.2,5.4,14.3,20.8,15.4,5.2,0.5,11.2,7.0,7.6,1.4,4.5,6.1,0.37062562
21153,Magoffin County,KY,6.0,11647,0.7595,51.2,12.8,22.2,27.5,4.0,18.2,22.4,31.4,7.5,0.0,3.0,1.4,44.6,3.6,8.5,1.1,0.41135493
21155,Marion County,KY,6.0,19627,0.7859,31.9,6.0,24.2,15.6,2.8,16.8,23.9,21.9,6.9,0.7,12.6,3.2,13.8,2.0,5.7,5.6,0.44379672
21157,Marshall County,KY,6.0,31706,0.1699,23.0,3.0,17.1,7.7,7.1,21.8,20.3,17.8,5.1,0.1,4.0,3.2,15.6,0.8,4.4,2.0,0.42733857
21159,Martin County,KY,6.0,11298,0.6869,41.7,6.4,20.0,24.7,2.3,17.2,19.3,32.5,3.8,0.3,12.2,1.5,36.5,2.1,8.3,11.5,0.41431481
21161,Mason County,KY,6.0,17068,0.6542,30.5,4.7,21.7,14.4,6.1,19.0,22.8,18.0,8.9,0.4,12.0,5.8,8.6,1.0,10.5,1.6,0.38948417
21163,Meade County,KY,2.0,29964,0.1559,17.5,4.2,19.4,10.4,3.9,14.7,22.1,19.8,5.5,0.1,11.4,2.3,19.4,1.4,4.2,0.8,0.39947581
21165,Menifee County,KY,5.0,6174,0.5676,38.1,4.7,15.0,20.3,5.5,20.7,22.1,25.5,6.1,0.0,4.0,0.3,21.2,4.5,6.9,1.7,0.38494453
21167,Mercer County,KY,6.0,22662,0.1591,19.1,4.5,20.1,9.9,5.8,18.8,21.7,15.3,2.9,1.1,9.7,2.1,8.5,1.4,4.9,0.8,0.3801603
21169,Metcalfe County,KY,5.0,10313,0.5453,32.2,4.8,18.5,16.7,7.8,18.6,23.1,20.2,5.1,0.0,5.3,2.4,27.5,2.9,6.3,1.1,0.42522848
21171,Monroe County,KY,6.0,11331,0.714,32.9,5.4,16.7,18.4,5.7,18.5,23.0,24.3,7.6,0.5,6.8,3.4,16.3,2.7,7.5,1.4,0.41745925
21173,Montgomery County,KY,5.0,28188,0.5896,26.9,6.0,21.9,14.8,7.0,16.8,23.2,20.9,8.7,0.1,7.4,3.4,16.7,1.3,6.2,1.3,0.3606075
21175,Morgan County,KY,6.0,13840,0.5918,34.8,3.1,18.7,22.5,8.0,17.1,18.7,26.1,6.1,0.0,7.8,1.5,33.6,2.1,6.7,11.5,0.40951568
21177,Muhlenberg County,KY,6.0,30735,0.3535,28.8,4.9,19.9,15.8,5.1,19.8,20.8,21.9,3.6,0.2,7.5,1.5,17.7,0.7,4.6,3.3,0.43554917
21179,Nelson County,KY,2.0,46779,0.0888,16.4,2.9,21.0,7.8,5.4,16.6,23.3,15.5,4.8,0.7,10.0,2.1,6.4,1.3,3.0,1.1,0.40877706
21181,Nicholas County,KY,6.0,7613,0.4111,27.8,5.6,18.4,18.4,6.4,16.9,23.8,22.5,2.5,0.0,4.2,2.9,19.0,0.7,8.9,1.5,0.37845519
21183,Ohio County,KY,6.0,23782,0.4251,25.7,4.5,15.5,18.2,5.6,18.2,23.5,18.3,6.5,1.9,6.5,0.4,21.3,1.8,3.7,1.2,0.43364626
21185,Oldham County,KY,2.0,67997,0.0398,8.3,3.9,13.0,5.8,3.1,13.8,25.2,9.2,6.2,0.4,12.7,2.8,1.2,1.1,1.2,5.5,0.43833274
21187,Owen County,KY,6.0,11229,0.2711,24.8,4.6,19.3,16.2,8.3,19.6,21.7,18.7,4.1,0.3,5.9,0.5,26.5,1.7,2.8,0.9,0.3973375
21189,Owsley County,KY,6.0,4054,0.5078,38.1,14.2,15.0,28.6,4.5,22.0,18.5,32.4,3.7,0.0,8.6,0.8,22.9,0.6,10.4,2.3,0.34451139
21191,Pendleton County,KY,2.0,14638,0.5221,24.9,5.0,24.5,14.5,6.1,16.5,23.5,18.1,6.1,0.0,6.5,1.8,20.4,3.6,4.3,1.9,0.38032004
21193,Perry County,KY,6.0,28136,0.6901,36.3,7.5,21.5,20.4,3.6,17.0,23.4,31.3,6.5,0.2,5.9,1.4,30.2,1.3,7.8,2.3,0.36546847
21195,Pike County,KY,5.0,58196,0.7506,36.4,7.3,24.9,20.2,5.4,19.2,20.4,29.0,6.2,0.1,4.2,2.7,36.3,1.5,8.9,2.2,0.39336568
21197,Powell County,KY,6.0,13089,0.7992,33.2,7.1,27.8,18.1,5.4,15.9,24.1,22.8,5.8,0.1,5.6,2.1,24.0,3.1,8.5,2.5,0.36257774
21199,Pulaski County,KY,5.0,65145,0.6456,33.1,4.9,23.9,16.2,6.7,19.0,22.1,20.0,7.9,0.8,6.7,2.1,19.8,1.0,6.1,1.4,0.37494639
21201,Robertson County,KY,6.0,2207,0.587,34.0,7.0,21.3,15.8,5.1,17.9,25.4,16.6,6.6,0.0,3.6,1.3,20.3,7.9,2.5,2.8,0.47312549
21203,Rockcastle County,KY,5.0,16171,0.5291,33.5,6.6,18.5,18.1,4.7,18.8,21.5,22.2,5.8,0.0,3.5,0.6,26.0,1.5,9.1,2.2,0.39720663
21205,Rowan County,KY,6.0,24551,0.5065,37.7,4.6,25.9,13.2,5.2,14.0,19.5,16.2,3.7,0.2,5.9,3.4,26.3,1.4,8.8,11.3,0.37321958
21207,Russell County,KY,6.0,18021,0.6029,33.0,6.1,19.2,17.3,6.2,20.2,22.9,21.5,8.7,0.4,7.1,2.2,22.6,1.2,3.9,1.4,0.38683853
21209,Scott County,KY,3.0,57286,0.1572,14.8,3.7,18.0,5.7,4.5,12.7,24.6,13.5,7.5,0.9,13.9,5.9,5.2,1.4,3.4,2.1,0.361743
21211,Shelby County,KY,2.0,48105,0.2892,17.0,3.3,20.5,11.4,6.9,16.3,22.2,12.1,5.7,2.3,20.6,4.6,2.4,2.3,2.3,2.9,0.3869051
21213,Simpson County,KY,5.0,19574,0.2259,20.6,3.5,25.7,9.8,9.2,15.7,23.3,14.3,4.2,0.0,15.1,2.8,8.2,1.7,3.0,2.0,0.38099056
21215,Spencer County,KY,2.0,19549,0.0356,15.5,6.2,13.7,7.4,4.7,14.4,23.2,13.7,4.9,0.2,6.6,1.5,7.1,1.6,2.7,0.5,0.44031531
21217,Taylor County,KY,5.0,26056,0.3395,23.8,4.9,17.5,11.6,3.6,18.2,23.2,20.8,6.3,0.0,10.6,1.1,10.6,0.5,6.7,4.5,0.40403017
21219,Todd County,KY,6.0,12281,0.7986,29.5,4.3,17.7,21.4,21.8,16.6,26.9,15.4,5.0,2.0,14.9,2.3,16.5,4.7,9.3,1.4,0.4304297
21221,Trigg County,KY,3.0,14154,0.6672,28.3,4.0,23.6,12.2,11.0,22.7,21.7,27.5,5.6,0.2,12.9,1.4,18.0,3.0,7.0,0.7,0.40836874
21223,Trimble County,KY,6.0,8510,0.3633,21.5,8.4,16.1,14.5,4.1,17.6,21.6,19.9,4.7,0.5,7.9,0.2,27.7,3.5,5.3,0.6,0.4118959
21225,Union County,KY,6.0,13495,0.2424,26.5,3.7,18.6,9.4,5.6,18.8,18.7,30.9,4.0,0.2,12.4,1.0,12.2,0.6,5.1,8.7,0.42709944
21227,Warren County,KY,4.0,135307,0.7731,26.8,4.7,25.9,11.4,6.8,13.2,23.0,13.9,6.6,3.2,23.4,10.9,6.0,3.4,6.7,4.4,0.39106056
21229,Washington County,KY,6.0,12025,0.4184,21.7,2.3,20.5,11.9,9.8,18.9,22.8,20.7,5.4,0.3,12.2,1.0,10.6,0.8,6.8,3.8,0.4276917
21231,Wayne County,KY,6.0,19666,0.6812,40.8,5.2,21.9,23.6,6.8,21.0,20.6,24.3,7.5,0.8,7.3,1.1,27.4,0.8,6.0,1.4,0.38575691
21233,Webster County,KY,5.0,12951,0.706,28.2,5.9,17.0,14.3,6.1,17.7,23.2,29.1,7.6,1.5,11.8,1.4,18.8,1.7,5.3,3.2,0.43752447
21235,Whitley County,KY,5.0,36648,0.8365,38.6,6.4,24.1,17.9,8.0,15.7,25.5,21.8,5.1,0.1,4.7,2.1,24.6,3.7,8.6,4.8,0.36648634
21237,Wolfe County,KY,6.0,6573,0.776,54.9,20.3,26.3,36.4,1.0,19.7,22.9,35.6,4.3,0.0,1.5,0.1,26.4,5.7,16.3,1.9,0.38146049
21239,Woodford County,KY,3.0,26886,0.1801,15.5,2.5,21.7,8.8,2.7,19.7,21.8,13.5,6.3,1.8,14.1,2.3,2.5,2.1,3.7,1.6,0.36674502
22001,Acadia Parish,LA,3.0,57674,0.8832,35.9,8.8,23.6,19.9,6.4,15.7,25.9,19.7,9.4,0.4,23.0,2.8,15.3,2.5,9.2,1.6,0.43444854
22003,Allen Parish,LA,6.0,22798,0.903,28.8,8.9,17.9,20.4,7.6,15.0,22.9,19.7,8.4,2.9,30.0,0.5,16.5,4.2,8.2,15.5,0.42473972
22005,Ascension Parish,LA,3.0,126973,0.384,16.1,4.5,17.2,11.2,6.4,12.4,26.4,12.3,7.8,1.6,33.7,4.2,15.6,2.1,3.7,0.7,0.42804798
22007,Assumption Parish,LA,3.0,21067,0.7296,29.7,8.0,17.6,20.9,8.7,19.4,21.0,17.0,7.3,0.4,34.9,0.4,33.7,2.2,9.0,0.8,0.43685818
22009,Avoyelles Parish,LA,6.0,39529,0.9682,41.4,7.5,27.8,22.0,7.9,17.3,23.6,23.6,11.6,0.5,35.6,1.2,19.4,2.0,9.9,8.1,0.41394234
22011,Beauregard Parish,LA,5.0,36553,0.5498,22.0,8.1,12.6,11.8,7.9,15.7,25.0,18.0,6.1,0.2,20.8,1.0,30.1,2.7,5.4,1.6,0.43838713
22013,Bienville Parish,LA,6.0,12958,0.9755,46.9,5.6,26.6,14.3,9.0,20.9,22.4,20.6,10.1,0.6,46.5,1.2,30.4,5.0,12.9,2.5,0.38055626
22015,Bossier Parish,LA,3.0,128877,0.7773,25.8,5.6,26.4,9.7,9.4,14.8,24.6,13.2,7.8,1.9,36.0,6.1,12.1,2.0,6.1,1.7,0.38538492
22017,Caddo Parish,LA,3.0,236259,0.9329,33.4,8.6,31.4,12.7,7.5,17.9,23.6,17.5,9.7,0.4,56.5,9.4,8.4,2.2,10.3,2.1,0.35273945
22019,Calcasieu Parish,LA,4.0,210770,0.7149,25.9,5.6,22.1,11.3,7.7,15.3,24.9,14.1,7.2,0.6,33.7,6.2,15.7,2.3,6.2,1.5,0.40455306
22021,Caldwell Parish,LA,6.0,9658,0.9052,39.0,12.9,20.7,20.1,6.8,18.2,22.9,18.0,9.8,0.1,23.1,1.5,40.6,6.2,9.1,3.2,0.4139114
22023,Cameron Parish,LA,4.0,5447,0.2984,30.0,2.1,10.6,9.7,8.2,15.9,20.7,15.9,6.0,3.1,12.9,0.2,40.6,10.8,1.5,0.5,0.48084509
22025,Catahoula Parish,LA,6.0,8895,0.8581,32.8,6.5,21.0,25.0,8.3,17.0,21.9,17.0,6.6,0.1,33.8,3.9,33.8,1.5,10.3,14.2,0.40841839
22027,Claiborne Parish,LA,6.0,14203,0.8069,48.9,5.2,20.3,21.5,7.0,21.0,19.0,14.7,9.0,0.0,54.5,1.7,27.0,1.4,12.7,13.5,0.38977733
22029,Concordia Parish,LA,5.0,18677,0.9949,45.9,12.0,26.9,14.2,10.0,18.6,23.7,21.0,10.1,2.0,43.0,0.2,23.3,3.5,11.8,7.1,0.39629099
22031,De Soto Parish,LA,3.0,26821,0.8101,31.1,6.9,19.5,17.6,7.1,18.2,23.8,19.9,9.4,0.4,40.9,1.2,31.0,1.9,9.1,0.8,0.37456313
22033,East Baton Rouge Parish,LA,3.0,454369,0.846,27.2,7.1,30.5,9.2,8.4,14.7,22.3,14.2,8.5,1.7,56.5,18.1,2.8,2.5,7.7,2.9,0.37446603
22035,East Carroll Parish,LA,6.0,7371,0.8781,57.0,15.1,34.5,32.3,4.4,15.8,22.7,17.6,17.8,0.0,72.4,0.3,22.6,0.8,12.1,25.4,0.34897822
22037,East Feliciana Parish,LA,3.0,19452,0.5937,22.2,5.5,15.0,15.6,8.0,18.7,17.1,15.8,4.2,0.4,45.8,2.3,26.7,1.8,8.3,16.4,0.38533607
22039,Evangeline Parish,LA,6.0,32335,0.999,43.1,14.0,29.2,23.5,9.1,15.6,25.0,24.8,11.1,3.0,35.2,4.4,14.9,3.1,11.1,4.5,0.44356033
22041,Franklin Parish,LA,6.0,19752,0.8053,41.7,9.2,23.2,21.8,7.0,19.0,24.9,15.7,10.1,0.1,34.5,0.3,22.3,0.9,5.2,5.6,0.39199811
22043,Grant Parish,LA,4.0,22185,0.7219,27.3,4.0,19.3,19.6,9.7,15.2,20.7,19.6,5.6,2.1,24.8,0.4,29.9,1.6,7.5,13.7,0.41680986
22045,Iberia Parish,LA,5.0,69958,0.936,33.4,6.3,23.3,17.3,8.0,15.6,25.4,16.8,9.1,1.7,42.6,3.0,19.3,5.0,11.5,1.2,0.39606315
22047,Iberville Parish,LA,3.0,30210,0.8501,26.3,7.5,18.3,20.3,8.3,16.7,20.5,16.5,9.7,1.7,52.8,0.5,20.3,2.6,7.6,9.7,0.39024079
22049,Jackson Parish,LA,6.0,15093,0.8301,37.0,4.9,17.1,16.7,7.4,20.5,21.5,20.7,8.1,0.7,32.7,0.4,19.5,2.0,10.7,6.4,0.40862638
22051,Jefferson Parish,LA,3.0,436171,0.8295,24.5,6.0,30.0,12.8,10.5,17.8,22.1,15.8,7.3,4.7,49.3,14.1,1.6,2.5,7.2,0.8,0.40101612
22053,Jefferson Davis Parish,LA,4.0,32277,0.5549,26.8,4.0,19.9,16.9,6.7,16.8,25.2,16.4,7.3,0.4,23.0,1.3,16.2,1.9,5.7,1.5,0.42753133
22055,Lafayette Parish,LA,3.0,243175,0.735,25.3,5.2,25.4,10.5,7.6,14.0,23.8,12.2,7.3,1.4,35.8,9.6,10.1,2.5,6.5,1.9,0.41567531
22057,Lafourche Parish,LA,4.0,97220,0.7416,27.6,6.5,20.2,18.0,6.1,15.9,22.8,17.2,5.9,0.8,23.9,2.9,15.9,2.3,7.9,2.3,0.44511691
22059,LaSalle Parish,LA,6.0,14764,0.4648,23.6,4.6,12.6,17.1,4.7,15.8,21.8,15.2,11.8,0.4,20.2,0.2,26.9,2.0,4.7,7.5,0.45788354
22061,Lincoln Parish,LA,5.0,48323,0.7786,42.4,4.2,33.4,11.3,6.9,13.8,19.6,13.0,10.0,0.6,46.9,4.9,17.5,1.5,8.6,8.0,0.38819811
22063,Livingston Parish,LA,3.0,143425,0.4709,20.0,4.5,17.5,11.3,8.1,13.5,25.4,13.5,7.9,1.3,15.4,4.5,21.8,2.5,4.1,0.7,0.42246807
22065,Madison Parish,LA,6.0,10028,1.0,51.8,5.8,26.6,23.5,11.3,16.3,25.6,20.3,16.3,0.8,66.3,5.7,13.2,6.6,13.3,16.0,0.33969411
22067,Morehouse Parish,LA,4.0,25438,0.9558,42.7,8.8,26.8,19.1,7.8,19.0,23.2,16.6,8.6,0.3,52.1,1.6,18.7,3.1,10.3,3.2,0.34919366
22069,Natchitoches Parish,LA,5.0,37478,0.9281,38.4,8.9,27.4,12.5,7.6,16.6,22.7,16.4,9.5,0.1,49.1,6.3,24.3,2.2,8.0,5.3,0.37971714
22071,Orleans Parish,LA,3.0,380408,0.8381,33.9,8.4,38.2,11.3,8.5,15.9,19.6,13.9,8.3,1.2,69.2,16.2,0.4,1.3,17.4,3.7,0.34117615
22073,Ouachita Parish,LA,4.0,159585,0.8845,33.8,6.5,32.6,12.0,8.0,15.3,24.5,13.9,9.8,0.4,43.2,4.6,14.2,2.0,8.8,3.7,0.36438304
22075,Plaquemines Parish,LA,3.0,23305,0.651,23.1,4.4,20.3,13.7,5.6,13.3,25.0,14.8,7.0,1.6,38.3,1.7,27.8,3.5,5.3,1.8,0.41935408
22077,Pointe Coupee Parish,LA,3.0,20652,0.7127,29.1,7.4,22.0,19.0,8.7,21.3,21.4,25.7,4.3,0.8,40.2,0.9,24.0,1.3,5.6,0.6,0.38425833
22079,Rapides Parish,LA,4.0,129536,0.9071,28.7,5.7,24.6,12.4,8.9,16.4,24.9,17.8,10.7,0.8,39.5,4.2,14.8,2.0,9.6,3.1,0.37821093
22081,Red River Parish,LA,6.0,7631,0.6662,37.2,3.3,19.8,20.4,9.5,19.2,23.6,20.5,7.4,0.1,44.3,0.1,32.3,0.9,4.8,2.5,0.3852675
22083,Richland Parish,LA,4.0,20028,0.8632,40.1,6.8,20.4,19.9,9.4,17.7,23.8,14.9,11.9,0.0,39.4,0.8,22.8,4.5,6.2,5.5,0.38116279
22085,Sabine Parish,LA,6.0,22209,0.8848,36.6,7.5,22.3,14.2,9.7,20.7,23.2,21.3,7.4,0.9,33.8,1.0,43.9,1.1,8.5,1.7,0.46224973
22087,St. Bernard Parish,LA,3.0,44038,0.9026,32.6,8.0,28.6,18.8,8.1,12.3,26.1,18.9,12.1,1.5,40.2,3.1,6.8,4.1,7.2,0.5,0.42134202
22089,St. Charles Parish,LA,3.0,52191,0.4451,17.3,6.7,20.1,9.3,6.1,14.4,24.2,15.5,9.6,1.3,35.7,1.6,11.4,2.2,3.3,1.0,0.43519869
22091,St. Helena Parish,LA,3.0,10872,0.9478,36.7,21.5,11.9,20.9,9.1,20.4,20.4,26.7,13.3,1.7,55.5,3.7,43.5,1.9,10.8,1.3,0.35049286
22093,St. James Parish,LA,3.0,20090,0.2701,22.5,3.6,14.4,11.1,6.1,18.4,22.3,12.9,7.6,0.2,51.0,0.4,18.2,0.8,8.4,0.9,0.40171847
22095,St. John the Baptist Parish,LA,3.0,41986,0.7152,26.2,9.3,23.2,13.6,6.8,14.7,24.4,16.0,8.8,1.1,69.2,1.4,11.6,2.5,4.1,1.1,0.38655421
22097,St. Landry Parish,LA,5.0,82574,0.9262,40.3,6.9,25.7,21.5,8.8,16.3,26.4,13.8,10.3,0.6,46.4,1.7,20.2,3.8,9.7,1.5,0.42126897
22099,St. Martin Parish,LA,3.0,51856,0.7041,28.1,6.2,20.1,17.2,7.9,16.2,24.0,15.9,6.4,0.8,35.8,0.2,25.8,2.7,7.9,0.4,0.41262448
22101,St. Mary Parish,LA,5.0,49114,0.9109,33.7,5.9,25.6,19.9,6.2,17.6,23.9,17.8,7.2,2.6,44.2,2.9,18.4,1.9,11.1,1.5,0.39338082
22103,St. Tammany Parish,LA,3.0,266168,0.4868,19.8,5.2,24.4,8.7,6.9,17.7,23.6,16.3,7.7,1.3,24.2,6.8,7.0,1.4,3.8,0.8,0.41501918
22105,Tangipahoa Parish,LA,4.0,133953,0.8651,30.1,5.6,24.4,16.8,7.5,14.9,24.3,20.2,9.5,0.7,38.3,1.6,19.6,2.3,5.9,3.0,0.39190608
22107,Tensas Parish,LA,6.0,4127,0.8454,45.4,12.4,24.0,21.6,8.4,26.1,21.9,17.6,3.9,0.0,58.6,2.2,16.0,1.4,8.7,2.7,0.40554598
22109,Terrebonne Parish,LA,4.0,108862,0.7821,24.3,5.9,20.3,17.6,7.3,15.1,25.1,16.9,7.6,0.6,34.3,6.1,14.6,2.5,7.9,1.2,0.43609008
22111,Union Parish,LA,4.0,21049,0.8724,35.9,5.4,23.8,14.1,8.1,21.4,21.7,15.9,7.5,1.2,30.6,1.4,35.0,2.8,6.4,2.5,0.38465479
22113,Vermilion Parish,LA,3.0,57202,0.7875,30.7,6.2,19.5,15.2,7.5,15.9,25.1,17.6,7.8,1.1,22.7,2.2,16.9,2.7,9.1,1.0,0.45301163
22115,Vernon Parish,LA,6.0,48452,0.832,29.0,6.1,22.8,12.2,8.1,13.0,25.3,20.4,7.3,0.7,30.2,2.2,22.6,1.4,8.0,3.8,0.41497687
22117,Washington Parish,LA,5.0,45514,0.9822,37.6,10.5,24.6,16.9,9.1,18.5,23.1,23.7,10.7,1.0,35.7,1.8,23.6,2.6,10.1,3.7,0.36499986
22119,Webster Parish,LA,5.0,36761,0.8775,44.7,5.3,30.1,13.3,7.2,20.2,22.8,15.7,7.7,0.3,38.2,2.4,20.6,2.2,8.7,2.7,0.38298273
22121,West Baton Rouge Parish,LA,3.0,27377,0.6341,22.0,7.6,18.3,11.4,6.5,14.2,23.4,13.3,6.0,0.6,45.8,3.5,21.2,2.6,5.4,3.1,0.37793484
22123,West Carroll Parish,LA,6.0,9800,0.6325,34.6,4.6,15.5,18.4,8.5,19.6,23.1,16.8,7.8,0.5,20.6,0.3,30.4,1.8,3.6,2.9,0.46181634
22125,West Feliciana Parish,LA,3.0,15358,0.4668,18.3,8.9,17.3,16.6,5.1,16.0,16.1,13.4,8.3,0.3,47.9,6.4,21.5,0.0,3.9,23.8,0.39882162
22127,Winn Parish,LA,6.0,13665,0.7401,31.9,4.0,17.4,16.1,9.9,18.6,20.6,19.8,6.8,1.3,35.0,0.4,23.7,0.8,9.4,11.9,0.39765495
23001,Androscoggin County,ME,4.0,111532,0.6007,21.5,4.8,25.5,8.0,7.4,18.2,21.2,17.5,5.5,0.9,10.9,7.4,9.2,1.7,9.0,3.2,0.4088186
23003,Aroostook County,ME,6.0,67237,0.6545,25.3,5.8,23.5,9.4,8.8,25.1,18.4,21.5,5.2,0.5,6.8,4.2,8.8,1.7,8.6,3.1,0.42492422
23005,Cumberland County,ME,3.0,303357,0.1413,12.2,3.2,24.2,3.7,5.0,19.5,18.2,11.3,3.8,0.9,12.1,9.7,4.1,1.1,7.0,2.9,0.4253554
23007,Franklin County,ME,6.0,29839,0.4569,22.3,4.4,23.2,6.1,9.2,22.9,17.4,17.7,4.7,0.4,5.7,4.5,8.9,1.7,9.2,3.7,0.4389846
23009,Hancock County,ME,6.0,55851,0.2183,18.9,3.9,25.3,5.0,10.2,25.7,16.6,14.2,4.2,0.2,6.4,2.4,6.7,1.4,5.6,3.0,0.41536728
23011,Kennebec County,ME,5.0,124003,0.357,20.5,4.1,23.7,5.4,7.1,20.6,19.0,16.6,5.3,0.4,6.6,4.5,10.9,1.3,7.3,3.1,0.41804555
23013,Knox County,ME,6.0,40729,0.1724,18.1,3.8,24.2,6.3,7.4,26.5,17.3,13.1,4.4,0.2,5.6,2.9,6.6,0.7,5.8,4.1,0.41698584
23015,Lincoln County,ME,6.0,35466,0.1094,16.5,3.3,22.2,5.2,8.9,28.3,17.0,16.0,2.8,0.3,6.9,1.6,7.7,0.8,5.4,1.8,0.4243992
23017,Oxford County,ME,6.0,58276,0.3452,24.8,5.5,25.3,8.9,9.0,22.8,17.9,17.9,3.0,0.1,6.6,4.2,11.0,1.3,5.6,1.3,0.41302282
23019,Penobscot County,ME,4.0,152640,0.4416,21.9,4.3,25.3,6.1,8.0,19.4,17.8,18.3,4.5,0.3,7.7,5.2,11.5,1.6,8.2,4.3,0.40643802
23021,Piscataquis County,ME,6.0,16936,0.4804,24.7,4.9,23.6,8.0,10.5,26.8,17.0,23.4,4.9,0.1,7.2,1.0,10.2,2.3,6.1,2.3,0.45324081
23023,Sagadahoc County,ME,3.0,36868,0.1015,16.6,4.4,26.6,5.7,6.7,23.4,18.3,12.1,4.3,0.2,6.6,3.2,8.1,0.6,5.8,0.6,0.39658928
23025,Somerset County,ME,6.0,50656,0.3,28.7,4.2,24.3,8.2,8.0,22.2,18.6,19.2,3.0,0.1,5.1,1.8,15.2,1.3,6.2,1.6,0.41440207
23027,Waldo County,ME,6.0,39772,0.2902,20.7,4.6,23.7,6.8,10.5,23.9,18.1,17.4,4.7,0.2,6.7,1.8,13.2,1.1,5.8,1.6,0.40438923
23029,Washington County,ME,6.0,31096,0.6694,27.0,7.0,25.2,9.1,10.5,25.3,18.8,23.5,4.6,0.4,12.1,1.9,11.3,1.3,7.4,3.0,0.38664654
23031,York County,ME,3.0,212691,0.1304,13.5,3.4,25.6,5.3,5.4,21.2,18.2,15.0,4.3,0.4,8.2,5.1,6.1,1.3,5.2,1.5,0.43745655
24001,Allegany County,MD,5.0,68161,0.5552,26.4,6.8,23.3,9.4,4.0,20.8,17.6,18.9,5.8,0.3,13.3,6.5,4.1,0.8,9.6,10.6,0.41385791
24003,Anne Arundel County,MD,2.0,588109,0.1639,9.7,4.2,19.3,6.5,4.5,15.4,22.4,10.7,5.5,1.4,35.4,13.2,1.2,1.8,3.8,1.8,0.40985861
24005,Baltimore County,MD,2.0,850737,0.5571,16.1,5.2,26.6,8.3,5.3,17.6,21.6,11.9,7.3,1.9,45.9,18.5,0.8,1.8,7.8,2.3,0.40866002
24009,Calvert County,MD,4.0,93244,0.0057,7.8,3.2,15.9,5.5,3.2,15.5,23.1,9.6,4.2,0.3,24.4,4.4,0.9,0.8,3.1,0.6,0.43391284
24011,Caroline County,MD,6.0,33320,0.7579,26.6,4.6,29.1,15.6,6.8,16.9,23.5,14.6,9.8,2.1,26.7,1.8,7.7,3.3,6.1,1.7,0.37359697
24013,Carroll County,MD,2.0,173225,0.0277,8.9,3.1,17.1,5.8,2.9,17.4,21.7,12.5,4.1,0.6,13.2,6.0,0.8,0.7,4.0,2.1,0.45682305
24015,Cecil County,MD,2.0,103876,0.322,17.6,4.9,24.5,8.6,3.9,16.4,22.3,13.0,5.5,0.9,17.5,6.2,5.2,2.2,5.2,1.5,0.39059672
24017,Charles County,MD,2.0,167035,0.174,10.1,4.9,20.0,5.6,4.0,12.9,23.8,10.4,7.9,1.0,64.7,6.1,1.0,1.9,3.3,0.8,0.4193733
24019,Dorchester County,MD,5.0,32557,0.7824,25.6,5.5,31.5,12.2,5.2,21.9,21.0,17.0,9.8,1.7,38.7,4.8,7.1,0.7,10.0,1.7,0.37366152
24021,Frederick County,MD,2.0,273829,0.1234,9.6,3.7,19.0,6.7,4.5,14.9,23.1,9.9,5.4,1.7,30.5,10.8,0.7,1.3,3.9,1.6,0.43434927
24023,Garrett County,MD,6.0,28856,0.2564,20.1,4.6,17.9,9.5,5.8,23.0,18.0,18.2,5.6,0.3,4.4,3.1,8.2,0.8,7.4,2.3,0.45047498
24025,Harford County,MD,2.0,261059,0.0789,11.9,3.7,19.6,5.8,3.5,16.7,22.2,11.0,5.1,0.9,26.4,10.6,2.8,1.5,4.0,0.6,0.41030312
24027,Howard County,MD,2.0,332011,0.1483,8.7,3.8,17.1,4.8,3.9,14.5,24.0,8.4,6.1,3.6,51.6,18.5,0.8,1.7,4.0,0.8,0.45784339
24029,Kent County,MD,6.0,19289,0.4353,17.6,3.3,29.9,9.5,4.3,26.8,15.7,15.0,5.9,1.1,23.2,5.4,2.1,0.5,6.5,8.4,0.38700709
24031,Montgomery County,MD,2.0,1056910,0.4893,12.0,4.8,22.1,8.7,6.7,16.2,22.9,8.8,5.7,6.6,58.6,28.4,0.2,3.5,7.9,0.8,0.47862777
24033,Prince George's County,MD,2.0,957189,0.8161,14.9,6.7,27.9,12.9,10.5,14.1,22.1,9.9,8.0,7.4,88.4,22.8,0.5,4.5,9.3,1.9,0.38851675
24035,Queen Anne's County,MD,2.0,50316,0.043,11.2,3.6,22.2,6.7,5.0,19.7,21.2,10.1,3.9,1.1,15.8,2.6,3.4,0.9,3.1,0.9,0.42995813
24037,St. Mary's County,MD,4.0,113814,0.2466,12.5,3.7,19.8,8.2,4.0,13.3,24.0,11.3,7.9,0.8,28.2,9.6,3.7,1.7,4.5,2.2,0.42292321
24039,Somerset County,MD,4.0,24672,0.8794,29.5,7.0,31.7,15.3,3.9,17.2,16.7,16.1,8.2,1.3,48.2,9.8,9.7,2.6,7.5,19.8,0.37838495
24041,Talbot County,MD,5.0,37663,0.3338,16.4,3.2,24.6,7.8,4.4,29.7,18.2,16.7,5.3,2.0,23.6,2.7,2.5,1.7,7.2,1.2,0.41151711
24043,Washington County,MD,3.0,154645,0.6325,20.1,5.0,24.8,11.6,5.5,17.7,21.7,15.3,6.8,1.1,23.7,8.4,2.7,1.8,7.9,5.0,0.40639466
24045,Wicomico County,MD,4.0,103815,0.7916,23.0,6.9,28.9,11.5,6.5,16.2,22.1,12.2,8.0,2.4,39.3,12.8,4.0,2.1,7.4,3.8,0.38088378
24047,Worcester County,MD,5.0,52827,0.4305,15.0,6.5,27.4,6.5,5.8,28.0,17.1,15.3,4.8,0.6,21.0,32.8,5.2,1.5,5.6,1.4,0.39132497
24510,Baltimore City,MD,1.0,584548,0.8565,29.4,6.9,36.3,12.9,5.5,14.8,20.4,16.4,9.0,1.6,73.0,18.5,0.1,1.9,26.5,3.7,0.3208833
25001,Barnstable County,MA,4.0,229436,0.1279,12.0,4.5,25.8,4.1,3.0,31.6,14.5,13.8,3.7,1.5,13.5,4.2,0.6,1.3,5.0,1.2,0.45080459
25003,Berkshire County,MA,4.0,128763,0.4235,18.4,5.3,29.2,6.6,2.1,24.1,16.4,14.9,5.8,0.7,13.6,7.4,1.7,0.8,9.4,4.8,0.4101935
25005,Bristol County,MA,2.0,576699,0.6227,18.1,5.7,28.0,13.9,2.9,17.2,20.6,14.3,7.1,4.2,21.9,9.6,1.4,1.8,9.6,2.4,0.43598461
25007,Dukes County,MA,5.0,20543,0.133,12.8,7.0,26.4,5.8,6.5,25.1,17.9,10.0,3.6,5.0,18.9,0.9,0.1,0.6,3.9,1.3,0.46205226
25009,Essex County,MA,2.0,806103,0.6055,16.1,5.3,28.8,10.1,2.9,17.6,21.0,12.0,6.8,6.9,33.1,15.0,0.5,2.7,9.9,2.1,0.44890165
25011,Franklin County,MA,5.0,70980,0.4375,19.8,5.7,31.2,6.3,2.2,23.2,16.9,16.8,5.3,1.1,11.1,6.1,2.2,1.5,7.3,2.2,0.43256408
25013,Hampden County,MA,3.0,464575,0.8177,24.0,6.2,32.3,13.3,3.1,17.4,21.2,16.3,8.7,5.6,39.6,11.5,1.5,1.8,12.2,2.9,0.40453303
25015,Hampshire County,MA,4.0,153931,0.2708,16.4,5.3,27.3,4.8,2.0,19.1,15.1,11.7,4.6,1.1,17.2,9.4,1.3,1.0,7.4,13.6,0.44985622
25017,Middlesex County,MA,2.0,1623109,0.2854,11.6,4.4,22.2,6.6,2.5,15.7,19.5,9.7,4.3,4.3,31.7,20.2,0.4,2.0,10.5,3.3,0.48009285
25019,Nantucket County,MA,5.0,14065,0.1031,10.6,5.5,23.0,2.7,4.7,15.9,22.8,10.3,3.0,0.9,29.2,1.5,0.5,2.1,4.0,2.0,0.50685829
25021,Norfolk County,MA,2.0,722112,0.2959,10.4,5.0,22.7,5.8,1.9,17.2,20.6,9.6,4.4,3.8,28.6,19.3,0.4,2.0,9.1,2.3,0.50397575
25023,Plymouth County,MA,2.0,529548,0.3064,11.0,5.2,24.4,6.9,2.4,18.8,21.0,11.2,5.4,2.8,22.1,8.2,2.2,1.5,6.3,2.1,0.44852391
25025,Suffolk County,MA,1.0,785443,0.7849,24.6,6.7,31.4,12.9,3.5,12.6,16.4,12.2,6.9,10.1,56.2,33.5,0.2,4.0,31.8,5.7,0.41368276
25027,Worcester County,MA,3.0,858898,0.51,15.8,5.6,26.5,8.6,2.5,16.2,20.8,12.6,6.3,3.8,26.6,11.4,0.8,1.9,8.7,3.1,0.44087288
26001,Alcona County,MI,6.0,10238,0.1298,23.9,6.3,21.4,8.8,4.3,36.1,12.9,23.0,1.8,0.1,6.2,0.5,9.5,0.9,3.5,1.1,0.40779051
26003,Alger County,MI,6.0,8866,0.2908,18.9,5.1,21.9,6.3,3.5,25.0,18.0,18.3,2.9,0.0,18.0,3.3,7.0,1.7,5.9,11.8,0.42857838
26005,Allegan County,MI,5.0,120189,0.1677,17.6,3.4,18.5,8.3,5.1,17.4,23.6,10.6,6.2,0.8,13.8,2.6,10.9,2.4,3.1,1.1,0.40942612
26007,Alpena County,MI,5.0,28911,0.4165,28.0,7.4,21.1,7.2,5.5,24.0,18.6,19.9,5.6,0.1,5.8,4.3,6.2,0.9,9.0,1.8,0.41741285
26009,Antrim County,MI,6.0,23662,0.0566,16.8,4.6,19.6,5.7,5.6,27.9,17.2,15.5,4.1,0.0,6.7,1.9,7.2,1.8,3.6,1.0,0.41294548
26011,Arenac County,MI,6.0,15031,0.377,23.5,7.2,19.1,10.6,5.7,25.6,18.3,19.5,4.4,0.5,6.6,2.8,13.7,0.7,7.3,1.2,0.4376989
26013,Baraga County,MI,6.0,8245,0.4178,24.6,4.9,19.3,8.7,4.7,22.9,17.0,19.7,3.9,0.2,27.9,3.3,7.9,1.0,7.9,12.7,0.39953074
26015,Barry County,MI,2.0,62581,0.0668,14.8,5.3,19.4,6.9,4.9,18.8,21.9,13.6,4.7,0.3,7.4,2.1,7.6,1.7,3.4,0.9,0.41403389
26017,Bay County,MI,4.0,103752,0.294,22.2,4.8,22.6,9.0,5.2,20.8,19.8,15.8,6.6,0.1,11.1,6.7,4.9,0.9,6.9,1.2,0.40940118
26019,Benzie County,MI,4.0,18058,0.0818,17.9,4.5,21.7,6.6,6.7,27.0,17.3,15.6,2.8,0.0,7.6,1.6,6.3,1.6,2.9,1.8,0.39704505
26021,Berrien County,MI,4.0,153938,0.6338,25.8,6.6,25.5,8.4,6.3,20.4,21.5,13.8,7.3,0.6,26.3,6.5,4.3,1.5,7.8,2.0,0.37403709
26023,Branch County,MI,5.0,44795,0.7181,25.3,4.9,20.5,11.2,10.7,18.8,23.2,14.7,4.9,2.9,11.1,4.1,13.3,2.3,6.4,4.7,0.40537995
26025,Calhoun County,MI,4.0,134011,0.6815,24.2,6.8,25.5,8.9,5.8,18.0,22.9,14.3,7.3,1.0,23.7,11.7,5.8,1.2,7.4,2.9,0.36964995
26027,Cass County,MI,3.0,51604,0.2122,20.0,5.0,20.9,10.3,5.7,21.5,20.4,16.3,4.5,0.2,15.3,2.1,7.5,2.0,4.1,0.8,0.399005
26029,Charlevoix County,MI,6.0,26174,0.1518,16.2,3.8,21.5,5.3,7.2,25.4,18.2,14.2,4.7,0.5,7.4,4.4,7.3,1.2,5.5,1.2,0.39611453
26031,Cheboygan County,MI,6.0,25709,0.2599,23.1,7.2,20.3,10.3,6.0,28.2,15.7,19.1,2.4,0.3,9.7,1.5,8.2,1.7,4.7,1.1,0.40181077
26033,Chippewa County,MI,5.0,36670,0.6373,25.8,7.7,21.8,7.7,6.9,18.8,17.9,18.0,5.3,0.3,32.4,5.8,8.8,1.8,7.7,10.1,0.40026516
26035,Clare County,MI,6.0,30998,0.693,31.9,9.3,23.6,12.9,11.7,24.4,19.7,23.3,4.3,0.3,6.2,2.3,16.1,1.6,7.8,1.3,0.39791408
26037,Clinton County,MI,3.0,79249,0.0414,15.3,3.7,18.9,4.9,4.0,17.8,21.8,12.9,5.1,0.4,11.5,6.9,6.6,0.8,2.6,0.9,0.44474849
26039,Crawford County,MI,6.0,13197,0.3707,25.0,6.1,23.0,9.0,5.5,25.9,17.5,22.0,4.5,0.2,7.5,1.1,11.9,1.2,7.2,1.4,0.38827714
26041,Delta County,MI,5.0,36839,0.335,22.5,5.2,22.1,7.7,5.3,24.9,19.5,17.7,4.5,0.0,9.1,5.9,7.2,1.2,8.9,1.6,0.44285384
26043,Dickinson County,MI,5.0,25937,0.0945,18.4,3.8,15.3,4.0,4.9,23.1,19.7,16.7,3.8,0.2,6.5,4.1,4.2,1.5,6.9,1.5,0.43255693
26045,Eaton County,MI,3.0,109072,0.1782,13.9,4.8,20.7,5.2,4.4,19.2,20.5,15.8,5.1,0.5,18.5,12.6,4.9,1.2,4.3,1.6,0.41508773
26047,Emmet County,MI,5.0,34072,0.1149,15.8,3.8,21.5,4.5,6.2,23.2,18.4,12.8,4.9,0.1,10.7,6.4,6.3,1.3,5.3,1.3,0.43566972
26049,Genesee County,MI,3.0,405280,0.6573,25.7,8.5,27.3,9.0,4.8,18.0,22.3,17.7,8.3,0.5,28.8,8.6,5.6,1.3,7.9,1.2,0.35446975
26051,Gladwin County,MI,6.0,25461,0.5202,26.2,6.9,22.6,11.0,8.6,26.8,18.8,20.1,3.1,0.5,5.7,1.9,12.7,2.5,6.8,0.9,0.40157494
26053,Gogebic County,MI,6.0,14597,0.2418,26.8,6.0,20.0,3.8,5.1,27.7,16.4,16.8,3.9,0.2,9.2,3.4,2.3,0.3,8.3,3.2,0.46532544
26055,Grand Traverse County,MI,4.0,95315,0.2033,16.7,3.9,23.8,5.1,5.1,20.7,19.7,12.4,4.9,0.3,8.2,8.4,7.7,1.8,5.8,1.9,0.43030715
26057,Gratiot County,MI,5.0,41534,0.4171,23.7,4.9,21.8,8.1,5.1,17.5,19.3,15.7,6.2,0.4,15.3,4.8,9.2,1.5,5.2,14.4,0.40843442
26059,Hillsdale County,MI,5.0,45698,0.483,26.6,4.4,21.8,9.7,7.0,20.4,21.4,15.2,4.8,0.5,6.5,3.8,8.5,2.7,6.1,3.3,0.41318259
26061,Houghton County,MI,5.0,37414,0.4213,28.0,6.2,24.2,5.8,6.3,17.4,19.7,11.4,3.7,0.7,8.9,7.5,4.5,1.7,9.1,9.9,0.46571127
26063,Huron County,MI,6.0,31461,0.2046,22.9,5.3,20.2,8.7,6.1,26.1,19.1,15.9,3.3,0.4,5.6,2.2,6.1,0.9,6.2,1.7,0.4853861
26065,Ingham County,MI,3.0,282540,0.5759,24.9,6.4,29.3,6.4,5.0,14.2,19.6,13.6,5.5,1.5,31.9,19.2,2.6,1.6,9.1,6.1,0.38008961
26067,Ionia County,MI,2.0,66663,0.3296,17.9,5.3,19.6,8.7,6.7,15.3,21.2,13.3,6.0,0.3,14.1,6.3,11.0,1.5,5.3,5.1,0.40467933
26069,Iosco County,MI,6.0,25319,0.4362,28.4,7.4,22.8,10.2,6.4,30.0,16.5,20.7,4.0,0.3,7.8,3.2,8.0,0.6,7.5,1.2,0.38875544
26071,Iron County,MI,6.0,11585,0.3239,24.0,4.6,22.1,7.3,6.0,30.5,17.2,20.8,4.9,0.1,6.9,3.2,4.5,0.8,7.7,3.1,0.44194296
26073,Isabella County,MI,5.0,64938,0.5711,34.3,7.2,30.3,7.4,7.8,13.3,17.3,14.4,4.8,0.4,15.7,14.7,9.0,1.3,7.0,8.7,0.41172403
26075,Jackson County,MI,4.0,160637,0.5014,20.7,6.3,22.7,8.0,5.7,18.2,21.1,14.9,7.1,0.4,17.0,6.3,6.1,1.2,7.0,6.0,0.38351905
26077,Kalamazoo County,MI,3.0,261426,0.4257,21.5,6.4,25.7,5.6,4.9,15.5,21.4,12.4,6.2,0.7,24.1,16.8,3.2,1.2,6.8,3.0,0.38048574
26079,Kalkaska County,MI,4.0,17934,0.3035,25.9,4.6,21.8,11.6,7.3,20.5,20.4,18.6,4.3,0.1,7.6,1.6,14.3,1.8,5.3,0.9,0.38487574
26081,Kent County,MI,1.0,657321,0.4464,18.1,4.5,23.3,7.6,5.0,14.2,23.7,10.7,6.3,2.7,28.1,13.2,3.8,1.9,6.7,1.8,0.38383818
26083,Keweenaw County,MI,5.0,2088,0.0076,15.1,4.7,15.9,1.9,7.5,35.9,15.0,13.2,4.8,0.1,4.2,0.4,1.8,1.2,2.2,0.6,0.48774484
26085,Lake County,MI,6.0,12285,0.721,34.8,7.5,29.3,17.7,7.0,27.8,14.9,26.0,3.1,0.2,19.0,0.2,28.2,0.8,9.3,2.4,0.39736959
26087,Lapeer County,MI,2.0,88687,0.2065,17.2,5.3,19.3,8.0,6.4,18.9,20.2,14.4,5.0,1.0,9.6,2.5,7.2,1.6,4.3,2.1,0.42103204
26089,Leelanau County,MI,4.0,22426,0.0118,12.2,3.2,18.9,3.8,4.7,32.4,15.6,13.9,2.5,0.3,10.4,0.8,2.5,1.0,4.0,1.6,0.4403294
26091,Lenawee County,MI,5.0,99263,0.4403,19.5,5.6,23.7,8.9,5.5,19.5,20.7,14.1,5.4,1.0,14.5,4.7,6.0,1.4,5.2,5.0,0.4141883
26093,Livingston County,MI,2.0,194302,0.0041,9.0,4.0,18.5,3.9,3.3,18.3,20.6,10.9,3.8,0.3,6.7,4.9,5.7,0.8,3.0,0.6,0.43070033
26095,Luce County,MI,6.0,5442,0.5313,29.1,8.3,21.7,8.2,2.6,25.8,18.8,24.5,2.7,0.7,19.5,2.5,9.4,0.6,5.6,19.6,0.39681903
26097,Mackinac County,MI,6.0,10843,0.6211,25.5,10.1,19.1,7.4,11.2,28.8,15.2,19.0,3.8,0.7,28.1,4.0,6.9,1.1,12.1,2.9,0.4235051
26099,Macomb County,MI,2.0,878453,0.4079,16.9,5.7,25.4,9.4,5.1,17.5,20.8,14.0,5.6,2.3,23.7,8.0,3.5,1.9,5.8,0.9,0.42907128
26101,Manistee County,MI,6.0,25058,0.3583,19.9,6.6,21.6,9.7,4.5,26.6,17.0,18.9,2.9,0.4,12.2,2.1,6.7,1.6,5.0,5.9,0.41817334
26103,Marquette County,MI,5.0,66376,0.2291,22.0,5.6,24.7,4.6,4.1,19.7,17.7,14.6,3.9,0.3,8.6,8.2,5.4,0.6,6.0,5.3,0.43134007
26105,Mason County,MI,5.0,29178,0.3812,23.0,4.8,22.6,6.5,6.6,24.9,20.1,16.5,4.1,0.3,9.8,5.3,10.6,1.7,6.8,1.4,0.40929717
26107,Mecosta County,MI,5.0,40128,0.6102,28.1,5.5,24.5,8.0,7.8,19.7,19.5,17.5,4.7,0.4,9.8,3.7,18.1,2.1,6.2,6.0,0.4007957
26109,Menominee County,MI,5.0,23433,0.1553,19.8,4.5,19.2,7.3,5.0,25.5,17.8,16.4,4.4,0.1,7.9,4.1,8.6,0.6,6.8,1.5,0.46821252
26111,Midland County,MI,4.0,83503,0.1683,17.4,5.0,20.6,5.0,3.9,19.5,21.1,13.8,4.9,0.3,9.9,7.6,7.8,1.3,5.8,1.5,0.40631956
26113,Missaukee County,MI,5.0,15089,0.4757,22.5,6.9,22.6,9.6,9.1,20.9,22.3,18.1,4.4,0.5,7.9,1.1,17.0,2.9,3.9,1.1,0.43199611
26115,Monroe County,MI,4.0,154823,0.1588,17.5,5.7,22.1,8.3,3.6,18.9,21.1,14.8,4.8,0.2,10.1,5.7,8.0,0.9,5.2,1.0,0.41912279
26117,Montcalm County,MI,2.0,66901,0.4607,21.9,4.2,21.6,11.9,8.4,17.4,21.1,16.5,4.4,0.6,11.4,2.7,14.2,1.8,6.0,4.1,0.38972375
26119,Montmorency County,MI,6.0,9261,0.4311,29.2,6.2,26.0,11.8,6.5,31.9,15.1,24.0,4.4,0.1,5.3,1.2,8.7,1.0,7.4,1.3,0.43575582
26121,Muskegon County,MI,4.0,175947,0.63,24.0,7.5,23.7,7.9,4.9,17.6,22.6,14.3,7.9,0.4,24.7,6.7,6.9,1.9,7.1,3.5,0.36147547
26123,Newaygo County,MI,6.0,50130,0.5463,25.1,4.7,22.8,10.6,7.5,19.8,22.1,18.6,5.4,0.7,11.3,1.5,19.4,2.9,4.4,1.5,0.40630957
26125,Oakland County,MI,2.0,1272264,0.1435,12.4,4.8,21.7,5.3,4.1,17.5,20.5,11.4,4.7,1.7,30.1,11.8,2.8,1.2,5.5,0.9,0.40980926
26127,Oceana County,MI,6.0,26707,0.6252,26.0,5.0,19.9,10.3,8.9,21.3,21.9,16.9,4.4,1.6,19.5,1.0,17.3,3.9,4.8,2.5,0.41063997
26129,Ogemaw County,MI,6.0,20820,0.4766,27.9,7.1,23.2,11.8,5.0,26.5,18.1,22.4,4.7,0.2,6.3,2.3,10.3,1.8,5.7,1.4,0.41179621
26131,Ontonagon County,MI,6.0,5862,0.1269,24.8,6.3,19.2,6.4,4.0,37.1,11.5,20.1,1.5,0.2,6.1,1.8,5.0,1.0,4.9,1.5,0.45168152
26133,Osceola County,MI,6.0,23022,0.5924,25.5,7.7,20.2,10.7,9.1,21.3,22.5,19.6,5.0,0.2,7.5,1.5,18.3,1.8,6.9,1.9,0.41272697
26135,Oscoda County,MI,6.0,8264,0.5797,27.5,8.9,21.1,14.6,14.9,28.3,19.6,23.0,3.3,0.4,5.9,1.4,15.0,1.4,7.2,0.7,0.40533853
26137,Otsego County,MI,6.0,25221,0.2759,20.1,4.8,22.9,5.7,7.5,21.7,20.9,16.7,7.6,0.1,6.0,3.1,7.7,0.9,5.9,1.5,0.41783553
26139,Ottawa County,MI,2.0,296183,0.1371,13.2,3.8,19.3,5.8,3.4,15.7,23.4,10.1,4.2,1.2,17.4,7.8,5.3,1.7,3.9,3.3,0.43631768
26141,Presque Isle County,MI,6.0,13083,0.1957,23.6,6.4,18.0,7.9,6.0,32.3,15.7,18.5,2.8,0.5,5.2,0.9,5.4,1.8,5.7,1.3,0.4794012
26143,Roscommon County,MI,6.0,23556,0.3898,26.7,5.7,22.6,9.3,5.4,33.1,14.5,24.0,3.1,0.6,7.3,1.2,8.3,1.8,7.9,1.0,0.40182894
26145,Saginaw County,MI,4.0,189821,0.6707,27.8,6.6,25.1,9.5,4.5,19.6,21.4,17.7,7.5,0.4,31.7,7.7,3.3,1.1,8.0,3.3,0.37131971
26147,St. Clair County,MI,2.0,160257,0.2914,20.0,6.7,23.9,8.1,4.7,19.4,20.5,16.7,6.1,0.3,9.7,4.2,6.4,1.2,5.6,1.0,0.40010503
26149,St. Joseph County,MI,5.0,60887,0.5905,21.4,5.3,21.2,12.8,9.1,18.2,24.3,16.8,5.1,1.3,14.8,5.7,7.5,1.4,8.2,1.1,0.393507
26151,Sanilac County,MI,6.0,40759,0.4613,25.2,6.5,21.1,9.1,7.5,22.3,21.1,17.9,4.4,0.5,7.0,2.9,10.1,2.0,6.0,1.3,0.44634727
26153,Schoolcraft County,MI,6.0,8062,0.552,28.1,7.9,22.3,11.0,6.9,27.5,17.4,21.1,4.4,0.7,15.2,3.3,5.9,0.2,7.4,1.8,0.42571819
26155,Shiawassee County,MI,5.0,68124,0.1489,19.7,4.1,21.7,7.9,4.8,19.1,20.8,15.6,4.9,0.3,6.7,4.4,6.6,1.3,5.8,1.0,0.40083379
26157,Tuscola County,MI,6.0,53218,0.2841,22.7,6.1,20.5,8.5,5.1,21.0,20.3,19.3,4.4,0.1,8.0,1.8,9.8,1.8,5.2,1.9,0.42043424
26159,Van Buren County,MI,6.0,75636,0.6494,23.5,4.7,23.6,11.6,7.5,18.9,23.0,13.4,6.8,1.6,20.2,4.3,12.2,2.2,5.5,1.7,0.38549662
26161,Washtenaw County,MI,3.0,370231,0.3223,19.5,4.7,27.7,4.2,3.5,14.8,18.3,10.1,4.6,1.4,31.4,16.3,3.7,1.4,8.1,5.5,0.39719823
26163,Wayne County,MI,1.0,1781641,0.861,29.7,9.0,30.3,12.2,5.8,15.8,23.6,15.4,9.0,2.7,51.3,11.5,1.8,2.2,12.1,1.2,0.34619635
26165,Wexford County,MI,5.0,33766,0.5056,25.0,6.3,20.8,10.0,6.8,20.0,22.9,17.7,5.5,0.2,8.0,2.8,14.2,2.9,5.4,1.1,0.384056
27001,Aitkin County,MN,6.0,15859,0.2838,21.0,5.8,25.2,7.4,5.6,33.6,16.3,20.6,3.7,0.1,7.0,2.8,11.4,1.1,5.2,1.6,0.49990597
27003,Anoka County,MN,2.0,363985,0.1807,11.4,4.0,20.5,5.8,4.3,14.6,23.6,9.8,5.6,2.1,22.4,11.5,3.3,2.2,4.7,0.9,0.45720306
27005,Becker County,MN,5.0,35202,0.3808,20.5,4.3,21.5,6.9,6.4,21.4,23.9,14.7,4.8,0.2,14.5,5.8,8.4,2.7,5.1,1.4,0.48389137
27007,Beltrami County,MN,5.0,46274,0.755,27.1,5.4,23.8,7.6,8.1,16.6,24.9,14.8,6.3,0.3,29.2,11.3,11.7,2.6,6.9,4.2,0.44415173
27009,Benton County,MN,4.0,41300,0.3719,16.5,3.7,20.9,8.3,3.5,13.6,25.6,11.2,6.6,0.9,12.8,22.1,6.4,3.1,5.3,2.5,0.49316561
27011,Big Stone County,MN,6.0,5161,0.0881,18.3,2.0,18.1,6.6,4.8,25.8,21.2,13.1,2.3,0.5,4.9,7.2,4.6,0.6,4.7,3.8,0.59775043
27013,Blue Earth County,MN,4.0,69022,0.3831,24.7,3.7,27.3,5.2,3.6,14.5,19.6,10.9,5.1,1.2,13.9,17.1,3.9,2.8,7.0,5.9,0.49251121
27015,Brown County,MN,5.0,25880,0.1145,15.8,2.7,18.2,7.0,4.1,21.4,21.7,11.5,4.7,0.6,7.7,7.3,2.2,1.3,4.6,4.6,0.5395419
27017,Carlton County,MN,3.0,36362,0.3678,19.8,4.7,21.6,5.9,4.8,17.9,22.1,15.4,6.8,0.5,12.4,6.7,7.1,1.4,4.8,8.0,0.44485098
27019,Carver County,MN,2.0,107216,0.0337,6.8,3.1,16.8,3.7,2.6,13.2,25.8,7.7,5.4,0.8,13.1,9.2,2.4,0.9,4.0,0.9,0.51706254
27021,Cass County,MN,5.0,30288,0.3465,22.9,6.4,22.7,6.1,7.7,26.4,20.7,15.1,3.9,0.2,19.4,2.1,8.9,2.1,4.5,1.4,0.43999028
27023,Chippewa County,MN,6.0,12466,0.6452,22.6,5.2,24.5,9.3,6.9,21.7,23.3,15.3,4.9,1.5,14.7,11.7,2.8,1.6,7.4,2.9,0.51290494
27025,Chisago County,MN,2.0,56927,0.0426,11.0,3.7,18.9,4.8,3.9,16.0,22.5,11.2,4.1,0.3,8.6,6.1,4.7,1.1,4.0,3.2,0.48730278
27027,Clay County,MN,3.0,65307,0.4381,21.3,4.0,26.3,5.7,3.8,13.5,24.7,11.8,5.7,0.6,15.1,21.3,2.4,2.0,8.4,5.0,0.49051017
27029,Clearwater County,MN,6.0,8541,0.7779,20.1,7.6,22.3,12.4,12.5,20.7,24.9,17.7,4.1,0.2,16.7,4.4,12.5,4.4,8.5,1.7,0.5180341
27031,Cook County,MN,6.0,5611,0.084,14.5,3.1,19.5,2.8,5.1,29.3,15.0,13.2,3.0,0.8,15.4,3.4,1.1,3.3,4.0,1.4,0.50660127
27033,Cottonwood County,MN,6.0,11481,0.4903,23.1,3.9,17.8,8.7,4.4,22.7,24.7,13.6,6.3,1.1,16.5,5.3,0.6,2.8,5.6,3.4,0.5147472
27035,Crow Wing County,MN,5.0,66558,0.2087,17.9,5.0,24.2,5.7,6.0,23.5,20.9,15.1,4.4,0.2,6.3,7.5,5.7,1.1,4.8,1.7,0.46150848
27037,Dakota County,MN,2.0,439179,0.1492,10.0,3.7,20.9,4.4,3.7,15.0,24.0,9.9,6.1,1.7,24.6,17.2,1.8,1.7,4.5,0.8,0.48008886
27039,Dodge County,MN,4.0,20893,0.0401,8.2,2.9,15.7,4.2,4.8,15.2,25.4,9.6,4.7,0.9,9.4,4.5,5.0,1.9,3.8,0.8,0.52617854
27041,Douglas County,MN,5.0,39081,0.1174,15.4,3.1,21.0,4.3,3.6,23.6,21.5,11.9,5.4,0.3,5.4,11.6,4.3,1.2,5.4,1.8,0.52991039
27043,Faribault County,MN,6.0,13931,0.1629,21.3,4.3,18.3,6.7,5.3,22.8,21.8,13.3,4.6,0.6,11.2,4.6,1.1,0.8,5.1,2.1,0.50486076
27045,Fillmore County,MN,4.0,21251,0.2004,16.2,3.2,18.5,8.1,7.9,21.5,24.5,11.1,4.1,0.6,5.2,4.6,3.2,1.6,6.2,2.2,0.55562162
27047,Freeborn County,MN,5.0,30857,0.4986,20.8,4.4,19.9,11.5,6.6,22.4,21.9,13.5,5.3,2.2,17.2,8.2,2.3,1.9,6.3,1.9,0.48602092
27049,Goodhue County,MN,5.0,47697,0.1645,14.2,4.0,21.3,5.5,5.4,19.9,22.1,10.1,4.0,0.7,9.6,11.0,5.4,0.7,6.6,2.3,0.50176322
27051,Grant County,MN,6.0,6091,0.1998,21.2,3.7,23.1,6.7,5.1,23.4,22.9,15.3,4.5,0.3,6.7,5.4,4.2,1.2,4.2,1.6,0.5536204
27053,Hennepin County,MN,1.0,1270787,0.4108,15.5,4.3,24.6,6.2,4.7,14.8,21.7,10.1,5.5,2.7,33.1,30.1,0.3,2.8,8.9,2.1,0.42896372
27055,Houston County,MN,4.0,18826,0.0207,13.1,1.6,18.2,5.2,4.9,22.1,21.7,11.4,3.7,0.6,6.0,3.9,4.0,0.7,3.5,1.5,0.5179854
27057,Hubbard County,MN,6.0,21479,0.2809,18.6,4.3,23.3,5.9,5.8,25.8,21.1,14.7,3.8,0.4,8.7,5.3,10.0,2.3,5.2,1.3,0.46577936
27059,Isanti County,MN,2.0,41257,0.0913,15.2,4.2,23.3,7.5,5.1,16.6,23.2,12.7,5.1,0.3,7.6,7.9,2.8,1.3,3.3,1.0,0.47372139
27061,Itasca County,MN,5.0,45054,0.4012,18.9,6.2,24.6,5.6,5.1,24.6,20.3,18.0,4.3,0.1,10.8,6.6,7.9,1.7,5.6,2.7,0.47810489
27063,Jackson County,MN,6.0,9990,0.0856,15.6,2.0,17.0,6.5,4.0,22.6,21.6,14.3,3.6,0.8,9.0,5.6,1.7,1.9,4.9,1.3,0.54305971
27065,Kanabec County,MN,6.0,16145,0.2612,20.7,4.4,23.0,8.7,4.9,21.3,21.4,15.9,2.9,0.2,6.5,4.1,12.5,2.4,4.5,1.7,0.47493783
27067,Kandiyohi County,MN,5.0,43686,0.5383,20.0,3.8,20.8,9.9,6.1,19.7,24.3,13.2,4.9,3.6,22.5,9.7,2.9,2.6,5.5,2.8,0.50997913
27069,Kittson County,MN,6.0,4191,0.0958,17.1,3.1,13.1,4.0,4.4,26.3,21.7,10.9,4.2,0.1,6.1,5.8,6.4,1.6,4.6,7.6,0.5701139
27071,Koochiching County,MN,6.0,12072,0.3118,18.9,5.1,17.5,7.3,6.0,27.0,17.7,19.0,6.0,0.1,9.1,6.3,7.6,0.3,6.9,3.1,0.44780871
27073,Lac qui Parle County,MN,6.0,6736,0.0535,14.3,2.1,17.6,5.9,3.0,27.2,20.9,15.9,3.8,0.7,5.9,6.5,1.8,0.5,3.4,2.3,0.51369107
27075,Lake County,MN,6.0,10915,0.0805,15.7,2.8,19.1,7.1,4.9,26.9,19.0,15.7,4.9,0.2,4.9,4.8,3.5,0.7,4.3,2.6,0.45806772
27077,Lake of the Woods County,MN,6.0,3786,0.0417,17.2,2.1,23.3,4.0,4.7,25.1,18.5,12.6,3.4,0.0,8.4,2.9,25.6,0.0,2.4,1.4,0.52433562
27079,Le Sueur County,MN,2.0,28795,0.0694,12.2,3.6,19.1,5.1,5.7,18.1,23.3,10.4,5.4,1.1,10.0,6.0,1.9,1.0,2.8,1.5,0.50853354
27081,Lincoln County,MN,6.0,5630,0.069,18.2,2.7,19.3,6.7,5.5,24.3,23.4,13.2,3.4,0.3,5.4,3.2,1.7,0.7,3.0,3.5,0.58485663
27083,Lyon County,MN,5.0,25352,0.5348,19.6,3.0,22.4,7.2,6.4,16.8,26.0,12.2,5.9,3.1,17.8,12.7,2.3,2.4,7.3,4.3,0.49687478
27085,McLeod County,MN,5.0,36727,0.1126,13.3,3.2,20.7,6.5,5.1,19.4,22.3,13.9,3.8,0.9,10.6,10.7,4.6,1.3,4.0,1.3,0.51024127
27087,Mahnomen County,MN,6.0,5389,0.9577,36.0,10.3,24.1,13.1,13.7,17.2,31.4,16.8,11.1,0.3,55.4,5.3,10.4,4.8,8.2,1.4,0.47822601
27089,Marshall County,MN,6.0,9017,0.1133,15.4,2.9,16.6,7.4,4.1,22.2,23.3,12.4,4.9,0.6,7.9,4.8,10.1,1.1,3.9,1.5,0.55941045
27091,Martin County,MN,5.0,19960,0.2867,21.1,5.2,19.8,6.0,5.6,23.6,21.9,16.0,4.6,0.4,9.1,8.9,2.4,1.3,6.1,1.8,0.50299448
27093,Meeker County,MN,6.0,23352,0.1018,15.2,2.5,19.5,5.9,5.1,20.1,24.0,12.1,4.5,0.4,7.0,5.1,5.5,1.3,4.6,1.8,0.52968788
27095,Mille Lacs County,MN,2.0,26680,0.5406,18.8,4.7,24.7,9.4,5.5,18.2,23.5,15.7,6.3,0.5,11.8,8.2,10.2,2.0,6.7,1.9,0.45090997
27097,Morrison County,MN,6.0,34023,0.1448,18.6,4.1,22.9,7.6,4.4,20.1,23.1,12.9,4.2,0.2,4.9,4.7,5.9,1.1,5.2,1.9,0.50174671
27099,Mower County,MN,5.0,40082,0.5021,21.3,3.2,20.1,9.0,4.6,18.5,25.3,12.0,5.9,5.2,25.0,9.8,2.4,2.9,5.9,2.1,0.46404848
27101,Murray County,MN,6.0,8170,0.0983,15.7,3.0,15.4,8.8,5.1,25.9,21.8,12.5,3.7,1.6,9.6,3.3,2.1,1.3,4.1,1.5,0.53085798
27103,Nicollet County,MN,4.0,34380,0.1877,17.5,1.9,20.2,4.9,3.7,16.9,21.7,12.1,7.1,0.7,13.4,11.9,5.1,0.7,5.3,9.5,0.51765668
27105,Nobles County,MN,5.0,22194,0.8323,22.8,3.0,19.6,20.6,12.0,17.2,27.7,13.1,9.9,10.6,44.3,9.7,2.5,3.3,7.1,2.4,0.50593787
27107,Norman County,MN,6.0,6457,0.2806,18.2,5.1,19.5,7.2,6.2,21.3,23.8,13.7,4.7,0.1,12.0,6.8,4.6,1.7,5.1,2.3,0.53244913
27109,Olmsted County,MN,4.0,162307,0.2361,13.3,3.4,20.8,5.1,3.8,16.0,24.1,9.5,4.6,2.2,22.4,15.8,2.5,2.1,6.7,1.8,0.47980082
27111,Otter Tail County,MN,5.0,60072,0.3303,17.8,5.3,21.7,6.8,5.1,24.4,21.7,14.0,4.2,0.9,8.9,5.5,6.5,1.7,5.6,2.1,0.51183051
27113,Pennington County,MN,6.0,13995,0.1416,15.8,1.9,21.2,4.7,3.2,18.4,22.5,14.7,5.0,0.3,11.0,13.9,10.2,1.1,4.7,2.0,0.52545834
27115,Pine County,MN,6.0,29090,0.4919,19.9,5.8,23.5,8.8,6.0,21.3,19.4,18.3,3.1,0.3,11.7,3.4,16.3,1.9,6.2,5.0,0.46650174
27117,Pipestone County,MN,6.0,9380,0.2288,19.1,2.9,16.0,7.3,6.7,20.4,27.1,13.4,5.1,1.0,14.8,5.1,2.3,0.4,5.6,2.1,0.55581623
27119,Polk County,MN,4.0,31128,0.4365,21.0,3.4,23.0,6.6,4.8,18.7,24.5,12.7,5.0,0.6,15.1,12.5,5.2,2.1,6.5,4.3,0.50412476
27121,Pope County,MN,6.0,11312,0.028,16.0,1.0,20.2,4.8,3.2,25.1,21.0,13.3,2.8,0.0,5.7,5.8,3.2,0.7,4.6,1.9,0.56056631
27123,Ramsey County,MN,1.0,547202,0.7076,20.5,4.7,27.9,8.8,5.3,15.1,23.1,12.0,6.0,4.5,40.4,28.5,1.3,4.2,10.3,2.9,0.43631899
27125,Red Lake County,MN,6.0,3912,0.0891,17.2,1.5,18.1,5.0,2.8,21.8,24.4,13.2,4.0,0.2,8.8,5.3,8.1,2.0,4.5,1.0,0.59171915
27127,Redwood County,MN,6.0,15428,0.1794,19.4,1.7,17.9,7.0,6.9,21.4,25.0,11.3,3.4,0.6,14.1,6.5,4.9,1.2,4.2,2.6,0.54703748
27129,Renville County,MN,6.0,14707,0.2482,20.2,3.1,17.3,8.6,4.7,21.1,23.2,12.5,5.3,0.6,14.0,7.3,3.3,1.0,6.3,2.6,0.56033278
27131,Rice County,MN,5.0,67152,0.4598,17.0,5.3,22.3,7.5,6.0,16.2,21.5,9.6,5.8,2.5,19.9,10.9,4.6,2.4,5.0,11.7,0.47539917
27133,Rock County,MN,3.0,9659,0.1304,17.3,2.8,20.0,6.0,4.2,20.0,25.1,11.8,4.3,0.1,7.3,6.1,1.0,1.7,6.1,2.9,0.54322362
27135,Roseau County,MN,6.0,15294,0.2504,15.7,4.3,20.2,7.1,4.8,18.2,23.9,10.9,6.3,0.6,10.4,9.7,14.1,1.1,5.4,1.4,0.50463551
27137,St. Louis County,MN,3.0,200122,0.3054,21.6,4.6,24.6,5.1,3.7,20.3,18.7,14.7,4.7,0.3,9.8,10.7,4.0,1.4,8.5,4.4,0.45270988
27139,Scott County,MN,2.0,151347,0.1034,9.4,3.2,17.5,5.1,3.4,11.8,26.5,8.1,6.0,2.1,22.2,8.4,1.1,2.4,3.0,1.0,0.49627382
27141,Sherburne County,MN,2.0,97820,0.1047,9.4,3.0,18.7,5.6,3.3,11.7,25.9,9.5,6.6,1.1,12.2,9.5,1.0,1.6,4.1,1.9,0.47026181
27143,Sibley County,MN,6.0,14950,0.1139,14.7,3.2,18.7,6.8,4.5,18.7,22.9,12.5,1.8,1.2,12.5,6.1,2.6,2.1,5.0,1.4,0.55381376
27145,Stearns County,MN,4.0,158622,0.4572,20.9,4.4,23.4,7.3,4.3,15.5,23.2,11.2,5.5,1.6,17.0,20.0,2.2,3.2,5.6,4.7,0.53795958
27147,Steele County,MN,5.0,37396,0.3105,17.1,3.4,23.3,7.3,3.7,18.4,24.5,11.0,5.4,1.4,14.9,10.3,2.9,1.6,7.4,1.6,0.47574529
27149,Stevens County,MN,6.0,9682,0.1728,20.3,1.4,18.4,6.4,5.0,17.3,21.9,11.3,3.3,3.3,14.6,12.3,2.8,1.8,4.3,4.4,0.54486227
27151,Swift County,MN,6.0,9806,0.5119,24.8,3.7,23.3,6.9,5.9,23.1,22.9,16.6,7.0,1.4,11.9,7.9,2.4,1.7,4.6,2.0,0.52305478
27153,Todd County,MN,6.0,25277,0.5915,21.7,4.1,19.4,11.0,9.4,22.1,23.8,13.6,4.3,2.8,12.3,4.8,8.8,3.8,6.1,1.6,0.52925986
27155,Traverse County,MN,6.0,3345,0.1829,18.9,4.0,16.9,6.2,2.4,24.6,21.6,14.3,3.2,1.0,13.8,7.3,3.5,0.8,5.2,3.2,0.59424144
27157,Wabasha County,MN,4.0,21460,0.0986,13.3,2.2,20.9,5.5,4.1,22.4,21.6,12.6,4.4,0.8,6.0,4.8,7.1,1.8,4.7,1.2,0.53709674
27159,Wadena County,MN,6.0,14108,0.7448,24.0,6.1,24.0,7.5,6.1,20.1,26.3,15.4,7.5,0.1,8.4,9.8,7.2,5.7,9.1,3.3,0.52850485
27161,Waseca County,MN,6.0,18953,0.2195,15.4,3.3,22.0,7.1,3.9,18.1,23.1,11.8,6.8,0.9,11.5,5.3,2.6,1.8,3.3,4.8,0.50191259
27163,Washington County,MN,2.0,268651,0.0503,8.0,3.0,18.2,3.8,3.5,15.8,24.1,9.4,4.7,1.2,20.2,10.4,1.5,1.1,4.1,1.2,0.48994306
27165,Watonwan County,MN,6.0,11205,0.6583,19.1,6.1,17.7,12.2,11.4,20.3,24.5,12.1,4.3,7.5,30.3,7.3,4.6,3.0,6.5,1.5,0.46542308
27167,Wilkin County,MN,5.0,6454,0.1556,19.6,5.0,19.5,6.7,2.6,18.9,21.7,14.2,4.1,0.2,8.1,10.8,5.8,1.4,5.2,2.1,0.51086771
27169,Winona County,MN,5.0,49792,0.2377,21.3,2.8,24.1,6.9,5.2,17.8,17.7,11.1,3.6,0.7,9.8,13.0,3.9,1.9,7.3,7.0,0.50515038
27171,Wright County,MN,2.0,142543,0.0235,8.6,2.2,18.1,5.1,4.5,13.0,27.5,9.1,4.9,0.5,10.1,6.4,3.7,1.4,2.8,0.8,0.49544415
27173,Yellow Medicine County,MN,6.0,9569,0.237,19.2,3.2,17.1,7.4,3.9,20.5,23.2,13.2,5.5,0.8,11.4,4.6,1.5,2.3,5.4,2.6,0.54558384
28001,Adams County,MS,5.0,29425,0.971,41.5,7.1,23.7,17.5,12.7,20.3,21.6,15.1,10.1,4.1,63.2,3.5,12.2,1.4,8.6,6.8,0.37504467
28003,Alcorn County,MS,5.0,34717,0.8944,32.2,6.4,25.5,18.1,13.6,18.5,22.7,22.7,6.1,0.2,19.2,4.8,16.0,2.1,7.7,2.2,0.36768252
28005,Amite County,MS,6.0,12683,0.7894,38.0,7.5,17.5,12.5,11.4,24.6,20.5,27.6,8.6,0.3,42.1,1.3,35.1,0.7,7.6,1.0,0.39920846
28007,Attala County,MS,6.0,17842,0.957,36.4,7.2,27.2,15.9,9.9,19.2,25.2,18.8,8.6,0.2,47.4,1.7,20.6,2.9,8.1,2.2,0.38877356
28009,Benton County,MS,2.0,7637,0.7725,30.7,4.4,21.7,22.0,13.8,20.7,21.0,22.4,5.1,1.0,39.9,0.9,27.9,1.5,6.3,1.3,0.35974878
28011,Bolivar County,MS,5.0,30688,0.994,47.1,7.4,32.8,17.8,14.6,16.4,24.5,17.5,12.0,0.7,69.2,3.7,8.2,3.5,10.8,5.2,0.34199458
28013,Calhoun County,MS,6.0,13193,0.8988,34.4,4.2,21.2,21.7,11.5,19.6,22.6,22.2,8.2,1.8,36.2,0.6,15.9,2.8,7.5,2.3,0.37752181
28015,Carroll County,MS,5.0,9930,0.7,36.1,6.0,20.0,21.2,7.5,24.0,17.8,21.0,5.3,0.0,36.7,0.1,26.3,2.0,5.1,3.9,0.3854796
28017,Chickasaw County,MS,6.0,17024,0.9542,35.5,3.1,29.9,24.0,10.6,18.5,24.8,17.9,11.3,1.6,50.9,0.9,22.8,1.9,9.5,3.2,0.35427555
28019,Choctaw County,MS,6.0,8208,0.7932,31.4,7.3,24.4,13.1,12.4,22.2,21.2,25.2,6.7,0.0,33.0,0.7,20.8,1.3,5.8,2.3,0.41147363
28021,Claiborne County,MS,6.0,9044,0.819,49.0,9.0,21.4,17.9,19.5,18.1,21.5,12.3,3.9,0.0,88.9,2.9,35.3,0.8,12.0,12.3,0.31584713
28023,Clarke County,MS,5.0,15553,0.8021,32.1,5.6,23.0,14.3,14.0,20.7,22.3,26.2,10.5,0.1,37.4,0.0,29.4,1.8,6.8,0.4,0.38183421
28025,Clay County,MS,6.0,18598,0.7913,36.7,8.9,28.9,18.3,11.5,19.0,22.7,8.1,12.4,0.1,62.0,0.9,18.8,0.6,8.0,1.7,0.32704991
28027,Coahoma County,MS,5.0,21264,0.9895,49.3,10.8,28.5,18.7,13.4,15.8,26.6,14.7,13.4,1.4,80.4,3.1,7.9,2.9,12.0,3.2,0.32491589
28029,Copiah County,MS,3.0,28210,0.7976,35.4,5.2,19.6,15.1,14.4,18.2,22.5,15.2,6.7,0.2,56.5,0.2,29.6,2.3,7.4,3.9,0.349796
28031,Covington County,MS,6.0,18323,0.7674,35.1,5.8,24.5,17.1,9.9,17.3,24.3,18.2,8.6,0.0,40.5,1.0,36.4,0.5,6.5,1.6,0.38875395
28033,DeSoto County,MS,2.0,186214,0.3563,17.1,4.4,23.2,8.8,8.9,13.1,25.2,11.9,8.2,0.8,40.2,3.6,4.2,2.2,3.7,0.5,0.37621981
28035,Forrest County,MS,4.0,77917,0.9497,34.9,7.4,29.4,10.5,11.4,13.6,22.4,20.2,9.3,0.6,43.1,11.7,11.0,2.2,8.0,5.2,0.36124739
28037,Franklin County,MS,6.0,7690,0.5787,37.9,2.6,16.8,15.7,10.9,20.7,23.1,24.2,11.4,0.0,37.5,0.2,23.0,1.8,3.3,1.2,0.40033549
28039,George County,MS,6.0,24547,0.8384,32.7,10.4,21.3,14.0,13.6,15.2,26.4,20.4,5.6,0.5,13.7,1.3,19.1,3.0,6.1,2.7,0.45684418
28041,Greene County,MS,6.0,13672,0.7776,27.8,12.6,19.5,18.9,14.1,14.6,18.7,24.5,5.6,0.1,29.1,1.2,30.6,1.7,7.2,27.4,0.43929678
28043,Grenada County,MS,5.0,21474,0.8492,34.9,4.1,29.6,18.0,12.8,18.2,23.9,19.9,7.4,0.0,48.4,3.6,13.9,2.1,6.9,1.3,0.34372815
28045,Hancock County,MS,3.0,46010,0.4776,24.3,6.2,20.3,9.6,10.3,21.4,19.5,18.4,6.3,0.1,15.7,4.6,11.1,2.5,3.8,0.6,0.39920369
28047,Harrison County,MS,3.0,208748,0.9182,27.5,8.4,29.8,10.9,14.1,15.8,23.7,18.5,9.7,1.1,37.6,11.6,7.7,2.3,5.9,2.0,0.36542389
28049,Hinds County,MS,3.0,226541,0.9154,33.6,7.8,32.3,11.1,12.5,15.2,23.6,14.6,11.5,0.4,76.3,9.0,3.8,2.7,7.2,4.1,0.32851696
28051,Holmes County,MS,3.0,16848,0.992,50.3,8.8,34.4,19.0,12.1,15.8,25.0,32.1,14.0,0.1,84.9,1.9,26.2,1.8,15.1,4.7,0.35255975
28053,Humphreys County,MS,6.0,7744,0.9787,56.5,13.7,37.8,25.2,15.5,17.4,25.8,27.7,14.6,0.1,80.0,1.5,11.7,2.4,12.2,1.2,0.31566256
28055,Issaquena County,MS,6.0,1206,0.9539,33.5,12.1,27.6,35.7,12.8,21.0,10.4,37.7,1.0,0.0,72.5,2.9,17.6,4.8,17.3,29.7,0.36918181
28057,Itawamba County,MS,5.0,23888,0.2463,21.8,2.8,14.3,14.8,10.5,17.5,21.2,14.9,4.9,0.2,11.2,2.2,19.9,0.8,3.8,4.9,0.38336059
28059,Jackson County,MS,3.0,143721,0.8288,25.4,8.1,25.1,11.3,12.9,16.5,23.0,20.5,9.3,1.2,33.3,6.8,9.4,2.5,4.5,0.9,0.37339821
28061,Jasper County,MS,5.0,16320,0.6281,32.4,3.8,17.0,11.4,11.3,20.7,22.7,19.4,7.9,0.0,55.8,0.3,28.6,1.6,9.4,0.5,0.36154282
28063,Jefferson County,MS,5.0,7207,0.8991,50.6,5.4,21.9,24.1,11.3,18.1,21.7,14.5,14.7,0.5,87.0,1.7,34.1,2.0,5.8,6.5,0.34924489
28065,Jefferson Davis County,MS,6.0,11291,0.8743,37.7,9.2,27.9,14.5,12.7,23.2,19.9,21.3,6.8,0.1,62.5,0.3,23.9,2.2,7.0,1.2,0.37069991
28067,Jones County,MS,5.0,67152,0.791,32.3,3.7,21.1,13.9,11.0,17.4,24.8,16.3,8.4,1.2,35.8,2.0,20.4,1.5,6.0,2.7,0.37908733
28069,Kemper County,MS,6.0,8980,0.95,33.1,14.1,22.2,20.0,14.8,20.6,18.2,21.6,11.4,0.2,66.6,1.6,20.1,4.3,4.9,10.6,0.36535671
28071,Lafayette County,MS,5.0,56172,0.4391,31.5,2.8,27.4,8.2,9.1,13.1,18.0,9.5,4.9,0.4,30.1,12.2,10.0,1.4,5.9,9.4,0.36890829
28073,Lamar County,MS,4.0,64425,0.6032,24.1,5.8,22.6,8.8,12.7,14.4,24.4,14.5,8.2,0.7,27.6,10.1,10.3,1.8,4.5,0.5,0.42175326
28075,Lauderdale County,MS,5.0,72741,0.959,36.1,5.5,30.4,15.8,9.9,17.9,23.5,17.9,10.8,0.3,48.7,5.9,15.4,1.9,9.8,4.2,0.34752831
28077,Lawrence County,MS,6.0,11933,0.8505,39.0,12.0,20.9,17.1,13.9,18.8,25.2,27.3,7.1,0.5,35.9,0.3,27.5,1.9,5.3,0.1,0.40176281
28079,Leake County,MS,6.0,21335,0.9574,34.6,6.0,18.9,18.7,15.9,17.5,22.9,23.3,8.1,1.9,52.3,0.9,24.9,3.1,8.9,2.2,0.38700941
28081,Lee County,MS,5.0,83343,0.7455,21.8,5.6,22.3,12.7,11.2,15.2,24.9,14.0,8.4,0.9,36.3,8.0,10.0,3.8,4.9,1.3,0.35997432
28083,Leflore County,MS,5.0,27920,0.9411,48.8,11.8,31.2,16.8,14.4,14.6,27.8,13.4,14.8,0.2,78.8,2.7,4.7,2.1,12.9,4.3,0.32071015
28085,Lincoln County,MS,5.0,34855,0.6042,30.9,4.3,18.9,12.7,13.9,17.0,23.1,14.9,6.0,0.2,32.9,1.2,26.0,4.2,4.4,1.7,0.39423168
28087,Lowndes County,MS,5.0,58547,0.7521,29.5,6.2,26.7,12.0,10.6,16.6,23.7,11.7,8.3,0.3,50.0,3.5,11.3,1.1,6.8,2.9,0.34362707
28089,Madison County,MS,3.0,109257,0.3554,16.6,4.2,23.4,7.4,7.4,14.5,24.4,10.7,6.9,0.8,45.1,5.6,5.2,1.6,3.7,2.0,0.37323752
28091,Marion County,MS,6.0,24362,0.8928,39.5,9.5,25.5,17.2,15.7,18.5,23.3,21.9,4.8,0.3,36.5,2.1,24.8,1.5,5.8,3.0,0.39619529
28093,Marshall County,MS,2.0,33980,0.8699,32.6,4.8,25.7,17.2,11.6,18.3,20.6,19.6,6.4,1.1,52.9,1.7,22.1,2.8,3.8,6.2,0.33582988
28095,Monroe County,MS,6.0,34168,0.6163,30.3,5.5,20.1,15.1,10.5,19.6,22.6,14.0,7.1,0.4,33.3,0.2,21.0,1.7,5.1,1.6,0.36063543
28097,Montgomery County,MS,5.0,9803,0.9599,42.9,7.8,27.4,24.4,9.7,22.1,22.7,21.2,7.7,0.0,47.9,4.2,15.4,2.7,8.6,1.4,0.36522073
28099,Neshoba County,MS,6.0,28970,0.9402,40.5,9.3,19.2,17.7,12.7,16.5,27.6,18.1,8.6,0.5,42.3,1.4,22.7,7.1,8.3,1.7,0.34813288
28101,Newton County,MS,6.0,21275,0.6793,34.4,4.3,17.7,14.3,14.3,17.3,24.0,20.9,6.9,0.0,40.8,0.4,23.4,1.2,5.5,3.8,0.37113309
28103,Noxubee County,MS,5.0,10261,0.964,37.2,9.3,27.2,18.9,18.7,17.1,24.8,24.5,19.2,0.5,74.4,1.9,24.5,0.5,7.1,1.9,0.35042995
28105,Oktibbeha County,MS,5.0,51388,0.6939,39.8,6.8,31.9,9.1,7.9,11.7,17.4,10.8,7.2,0.8,44.0,13.5,10.9,1.4,4.9,10.2,0.35383198
28107,Panola County,MS,6.0,33157,0.8626,37.1,9.5,24.8,18.1,13.6,16.8,24.6,17.7,9.8,0.0,53.1,1.0,23.1,3.0,5.3,0.9,0.33009189
28109,Pearl River County,MS,5.0,56351,0.6907,26.3,5.6,21.5,13.1,13.1,19.1,22.5,20.7,6.6,0.6,19.6,1.0,19.0,2.0,2.9,2.4,0.39457119
28111,Perry County,MS,4.0,11511,0.6914,35.2,6.3,16.6,14.1,14.1,18.6,22.1,29.5,8.1,0.0,22.6,0.4,26.6,3.5,4.5,1.0,0.40115502
28113,Pike County,MS,5.0,40098,0.9812,40.8,7.2,28.1,17.3,12.7,17.2,25.6,18.9,8.8,0.1,57.6,5.5,23.4,2.7,6.8,3.1,0.36734095
28115,Pontotoc County,MS,6.0,31202,0.6087,28.1,2.9,17.2,19.9,12.0,15.1,26.3,18.5,5.5,2.5,24.9,0.9,25.5,3.3,3.3,0.8,0.37430236
28117,Prentiss County,MS,5.0,24945,0.6993,31.2,5.0,17.4,16.5,8.8,17.7,22.1,18.0,9.2,0.6,20.1,1.7,15.7,1.5,5.9,4.9,0.35423991
28119,Quitman County,MS,6.0,6113,0.9551,47.8,12.2,25.3,24.8,15.8,17.8,22.8,17.0,7.9,0.0,75.2,1.9,14.6,2.5,14.6,2.8,0.3264325
28121,Rankin County,MS,3.0,157185,0.3732,15.7,4.4,19.7,10.0,9.3,16.1,22.6,13.8,7.0,0.5,27.5,5.3,14.1,1.1,2.4,3.6,0.39350313
28123,Scott County,MS,3.0,27943,0.9217,40.7,6.0,19.1,22.3,13.3,16.1,27.2,19.6,13.8,2.9,51.3,0.7,31.4,1.7,8.1,1.1,0.36288169
28125,Sharkey County,MS,6.0,3910,0.9838,49.1,12.8,22.4,20.3,20.3,17.6,23.9,21.6,11.6,0.0,73.5,1.1,21.0,3.3,15.1,3.5,0.36990589
28127,Simpson County,MS,3.0,25889,0.7808,27.8,6.0,21.7,19.9,12.7,18.2,23.7,20.0,6.4,0.5,38.8,0.3,23.3,1.9,4.4,1.9,0.38821259
28129,Smith County,MS,6.0,14310,0.7251,32.1,3.5,14.9,18.0,15.0,20.3,23.0,20.5,8.1,0.2,26.5,1.1,28.0,2.3,6.8,1.0,0.40222198
28131,Stone County,MS,3.0,18360,0.8587,30.5,8.1,19.9,14.4,12.5,17.9,21.6,21.9,7.2,0.2,23.8,1.5,21.8,4.6,6.9,4.0,0.39337215
28133,Sunflower County,MS,6.0,25867,0.9303,41.8,11.1,26.1,23.0,11.6,14.4,21.4,14.7,14.0,0.9,76.4,1.9,5.5,2.3,9.3,14.5,0.32047167
28135,Tallahatchie County,MS,6.0,12621,0.9141,40.0,11.0,22.7,21.9,15.9,16.5,20.4,16.4,9.7,0.7,65.1,2.1,24.3,0.6,10.8,4.0,0.32572088
28137,Tate County,MS,2.0,28094,0.8915,28.3,7.2,29.0,16.5,12.9,16.4,22.7,15.5,8.3,0.5,35.8,1.6,22.8,4.9,4.0,6.7,0.3541832
28139,Tippah County,MS,6.0,21769,0.8839,33.6,6.0,22.1,20.7,14.2,16.8,23.8,20.9,6.4,1.3,22.9,2.2,21.2,3.6,3.7,2.4,0.37895089
28141,Tishomingo County,MS,6.0,18837,0.7467,32.8,3.5,24.5,18.5,12.0,20.9,21.5,21.9,6.3,1.7,9.0,2.1,14.8,1.8,5.0,1.6,0.4073903
28143,Tunica County,MS,2.0,9787,0.9602,48.7,12.2,36.1,16.4,13.1,12.9,28.5,10.5,12.8,0.1,81.7,8.5,22.6,4.6,9.5,1.0,0.2929447
28145,Union County,MS,6.0,27880,0.6977,27.0,4.1,18.1,22.4,10.1,16.6,25.1,19.2,8.5,0.8,22.8,2.0,20.7,2.7,4.1,1.2,0.37198484
28147,Walthall County,MS,5.0,13888,0.8982,34.6,6.5,25.5,18.5,10.4,19.9,23.0,23.8,7.8,0.6,47.3,0.1,23.4,2.9,5.5,1.2,0.39530692
28149,Warren County,MS,5.0,44341,0.8279,26.7,4.7,25.0,12.3,11.2,17.6,23.7,19.8,7.6,1.2,53.2,6.4,19.0,0.7,6.5,1.3,0.34859562
28151,Washington County,MS,5.0,44604,0.9971,43.2,9.5,34.5,19.9,13.4,17.1,25.3,24.6,10.0,0.8,75.7,7.5,8.6,2.7,12.4,1.6,0.31880808
28153,Wayne County,MS,6.0,19760,0.9119,35.1,8.7,21.0,17.5,18.2,17.3,24.5,18.9,9.4,1.7,42.9,1.3,26.2,2.0,6.5,0.7,0.390277
28155,Webster County,MS,5.0,9942,0.6112,24.0,6.4,21.2,15.2,13.5,18.9,23.7,20.4,6.1,0.1,21.8,1.5,15.3,0.8,6.9,0.9,0.40004888
28157,Wilkinson County,MS,6.0,8531,0.8349,41.3,6.3,21.8,14.7,9.8,18.1,20.9,24.3,13.5,0.0,72.4,0.7,29.7,0.5,6.8,12.8,0.37137654
28159,Winston County,MS,6.0,17741,0.8543,35.2,6.9,21.2,14.5,11.0,21.3,21.9,24.2,7.8,0.1,50.4,1.5,15.6,1.6,7.0,2.7,0.34470138
28161,Yalobusha County,MS,5.0,12499,0.7429,35.2,5.0,20.1,15.5,13.2,20.9,21.8,18.6,6.7,0.4,42.2,0.7,26.1,0.9,6.1,1.9,0.34800512
28163,Yazoo County,MS,3.0,27467,0.9975,42.0,10.4,29.6,23.0,13.7,13.2,21.2,24.3,11.4,1.2,66.1,2.2,18.2,4.0,11.1,17.7,0.35209519
29001,Adair County,MO,5.0,25299,0.4006,32.9,5.5,23.5,8.0,8.1,14.9,18.2,11.5,3.4,1.3,11.6,3.1,7.3,1.4,7.0,9.4,0.4404617
29003,Andrew County,MO,4.0,18069,0.0169,14.7,4.1,18.3,5.5,6.3,19.9,22.9,12.1,3.8,0.0,7.0,2.2,6.2,0.3,3.5,1.0,0.46255484
29005,Atchison County,MO,6.0,5270,0.2249,25.5,2.6,16.9,9.3,11.6,25.3,20.7,17.3,5.4,0.2,5.6,1.4,2.5,1.9,4.4,1.9,0.46768302
29007,Audrain County,MO,5.0,24873,0.7105,29.8,3.9,18.8,13.2,15.0,18.0,22.6,19.4,7.0,0.7,13.0,2.4,6.5,2.2,6.7,5.6,0.39991674
29009,Barry County,MO,6.0,34701,0.5768,29.0,3.6,20.9,14.5,13.1,21.9,22.4,16.1,4.5,1.6,18.9,0.8,15.3,4.8,3.5,0.8,0.41333944
29011,Barton County,MO,6.0,11683,0.6767,36.9,6.1,26.3,13.4,11.5,20.6,23.6,21.3,5.9,0.2,9.3,1.1,9.2,0.6,7.8,1.3,0.43877837
29013,Bates County,MO,2.0,16101,0.7114,29.0,7.5,22.4,11.5,10.6,19.0,23.6,17.7,6.6,0.0,7.8,0.8,13.8,4.0,7.4,2.1,0.40957662
29015,Benton County,MO,6.0,19616,0.5364,27.4,5.0,22.1,12.4,11.7,30.7,17.3,23.5,3.8,0.2,7.4,1.1,23.6,1.8,6.2,1.4,0.42992893
29017,Bollinger County,MO,4.0,10658,0.4241,29.6,4.9,19.4,15.7,10.3,20.5,21.4,20.0,4.1,0.2,6.1,0.7,15.9,1.8,3.8,2.2,0.42017463
29019,Boone County,MO,4.0,184043,0.4244,25.2,3.9,27.8,5.2,6.6,12.9,20.1,12.3,5.5,1.0,22.7,12.2,4.0,1.9,6.1,5.1,0.4057433
29021,Buchanan County,MO,4.0,84544,0.8218,27.3,4.8,25.2,10.4,12.8,16.8,22.5,17.4,6.7,1.4,18.9,7.7,4.1,2.3,8.8,4.3,0.38505778
29023,Butler County,MO,5.0,42280,0.8412,35.0,5.3,28.6,16.4,13.3,19.0,23.3,22.8,5.8,0.0,13.4,2.2,11.3,2.4,8.8,2.2,0.37703159
29025,Caldwell County,MO,2.0,8876,0.3163,27.9,4.8,17.6,10.2,11.0,20.0,23.6,15.0,3.9,0.1,6.9,0.7,13.0,1.2,6.6,2.0,0.44732481
29027,Callaway County,MO,4.0,44517,0.2447,18.6,5.2,20.3,9.8,10.0,16.9,20.8,13.4,6.0,0.1,11.0,1.4,15.6,0.4,4.0,8.3,0.39146373
29029,Camden County,MO,6.0,43227,0.3493,20.0,5.2,22.7,8.3,12.7,28.6,17.4,18.6,2.8,0.4,7.1,20.8,6.4,1.8,2.8,1.2,0.42105731
29031,Cape Girardeau County,MO,4.0,81703,0.3099,23.1,3.2,24.1,8.2,6.9,17.0,21.3,14.0,4.7,0.3,15.4,6.7,5.0,1.4,5.8,4.5,0.40172946
29033,Carroll County,MO,6.0,8513,0.1378,24.0,4.7,16.8,8.6,7.0,21.9,22.2,13.8,3.9,0.1,6.1,2.5,8.9,0.1,6.1,1.2,0.4593648
29035,Carter County,MO,6.0,5299,0.4823,31.2,1.2,27.8,16.6,16.1,20.2,21.9,29.6,3.7,0.0,7.3,0.7,20.0,0.1,10.5,0.7,0.41192135
29037,Cass County,MO,2.0,108205,0.1257,12.8,4.5,19.8,5.9,8.6,17.2,23.7,14.0,6.2,0.2,14.5,2.4,4.9,1.4,4.0,0.9,0.43578479
29039,Cedar County,MO,6.0,14314,0.6643,34.6,2.5,23.4,14.2,16.0,23.4,24.1,22.4,3.1,0.0,7.3,1.5,19.4,2.0,7.2,2.0,0.42231464
29041,Chariton County,MO,6.0,7417,0.1747,20.5,4.3,12.7,7.9,8.1,25.0,22.5,17.3,4.1,0.0,6.2,0.8,10.7,1.0,4.6,3.2,0.49051362
29043,Christian County,MO,3.0,89568,0.1107,15.0,3.6,19.3,7.2,8.6,16.1,25.2,12.9,4.8,0.6,8.5,3.2,3.8,2.7,2.5,0.6,0.42934361
29045,Clark County,MO,6.0,6693,0.265,28.0,3.9,10.6,10.4,12.2,20.6,24.6,14.2,1.6,0.1,4.3,0.2,16.6,2.9,5.8,1.2,0.46679744
29047,Clay County,MO,2.0,253085,0.2692,14.8,4.0,22.5,6.2,7.8,14.6,23.8,11.9,7.0,1.1,21.2,12.2,1.8,2.0,4.5,1.0,0.42928424
29049,Clinton County,MO,2.0,21155,0.1661,17.9,6.1,20.5,6.2,9.0,18.0,23.4,14.4,4.8,0.2,7.5,0.7,3.9,1.8,4.1,2.1,0.44820085
29051,Cole County,MO,4.0,76890,0.2049,15.4,3.1,18.3,7.5,7.0,17.3,22.2,12.1,5.9,0.5,19.8,7.0,2.4,1.1,5.3,6.0,0.4267067
29053,Cooper County,MO,4.0,16893,0.3716,21.4,5.0,19.6,9.5,9.8,18.6,22.2,16.1,5.7,0.2,12.2,1.5,7.6,1.5,4.4,8.7,0.42850697
29055,Crawford County,MO,6.0,23023,0.657,26.3,6.9,25.4,15.8,13.8,20.3,22.3,21.7,4.1,0.1,7.1,1.3,17.6,1.4,6.1,2.2,0.3930003
29057,Dade County,MO,6.0,7598,0.595,35.0,5.7,22.5,10.6,11.2,24.5,20.2,16.1,4.3,0.3,7.1,0.7,16.1,2.3,6.6,2.6,0.43937325
29059,Dallas County,MO,3.0,17158,0.5466,32.6,4.9,23.2,11.1,15.6,20.6,23.9,19.9,4.3,0.3,6.6,0.6,16.8,1.7,4.8,1.3,0.42263252
29061,Daviess County,MO,6.0,8418,0.5157,27.1,2.0,20.3,12.9,14.9,20.9,25.1,14.4,3.6,0.2,4.6,1.8,10.6,3.6,8.9,2.1,0.4480761
29063,DeKalb County,MO,4.0,11838,0.1753,18.2,3.1,14.2,10.8,9.9,18.1,18.1,14.9,4.6,0.2,15.3,2.2,6.3,0.6,6.3,21.4,0.46762732
29065,Dent County,MO,6.0,14509,0.6551,29.4,4.8,20.4,14.4,13.0,21.6,22.6,21.6,5.9,0.1,7.6,1.0,18.0,3.6,5.6,1.3,0.4208551
29067,Douglas County,MO,6.0,11803,0.5969,30.2,6.5,23.4,15.2,10.6,24.9,22.3,21.2,6.6,0.0,6.5,0.6,14.8,1.6,4.5,1.1,0.4330532
29069,Dunklin County,MO,5.0,28174,0.9707,33.7,5.7,23.3,20.0,17.6,18.4,25.7,21.9,10.0,1.2,23.2,2.8,10.3,2.8,8.5,2.6,0.3725566
29071,Franklin County,MO,2.0,104858,0.1066,16.2,4.6,19.8,9.6,7.7,18.2,22.5,14.3,4.2,0.1,9.1,3.5,9.4,0.8,4.0,0.9,0.41598096
29073,Gasconade County,MO,6.0,14801,0.2488,20.1,2.1,16.1,11.1,8.1,22.6,20.7,17.5,5.0,0.2,5.6,0.8,12.3,2.8,6.0,1.7,0.41108873
29075,Gentry County,MO,6.0,6219,0.4066,27.2,2.9,21.8,12.4,11.6,18.7,25.0,15.6,3.9,0.1,5.3,2.4,7.7,2.1,5.0,3.3,0.50934577
29077,Greene County,MO,3.0,299188,0.5317,25.0,3.9,28.5,6.9,11.9,16.8,20.8,14.9,4.8,0.5,14.1,14.9,2.3,2.4,7.1,3.7,0.40090463
29079,Grundy County,MO,6.0,9878,0.679,25.8,4.1,21.9,14.6,18.4,21.7,25.0,14.6,4.3,0.9,6.8,3.7,4.6,1.5,11.1,3.4,0.42888629
29081,Harrison County,MO,6.0,8190,0.4378,30.7,2.3,21.8,9.2,7.4,22.1,24.1,21.1,5.0,0.2,6.0,2.0,8.1,1.3,6.4,2.2,0.44030774
29083,Henry County,MO,6.0,22064,0.6526,25.4,6.7,23.8,10.9,10.7,22.2,21.8,19.7,6.9,0.4,7.7,1.7,10.5,2.7,5.1,1.3,0.42578089
29085,Hickory County,MO,6.0,8452,0.6157,37.4,8.8,33.9,10.6,14.6,33.6,16.9,26.9,0.9,1.0,6.1,0.2,36.8,1.1,3.3,1.3,0.42097229
29087,Holt County,MO,6.0,4274,0.1705,22.8,3.9,17.4,6.4,10.0,25.6,20.1,19.6,5.6,0.1,5.3,0.9,9.8,0.6,3.3,2.4,0.50805736
29089,Howard County,MO,4.0,10142,0.35,22.1,4.5,18.5,11.5,9.8,19.3,21.9,16.4,4.9,0.4,12.7,0.7,14.5,1.3,3.2,7.9,0.43982202
29091,Howell County,MO,5.0,39960,0.7693,36.5,5.5,23.8,13.8,15.8,19.6,24.0,19.2,5.7,0.2,7.1,2.7,14.6,1.8,7.5,1.6,0.42245573
29093,Iron County,MO,6.0,9538,0.6074,27.9,3.3,22.3,13.7,11.0,22.0,20.9,22.9,7.6,0.0,7.7,1.8,12.3,1.7,5.8,3.8,0.3842949
29095,Jackson County,MO,1.0,715526,0.6866,22.6,4.9,28.7,8.3,11.6,15.4,23.3,12.9,7.3,1.6,38.9,15.2,0.9,2.0,7.9,1.5,0.36795825
29097,Jasper County,MO,4.0,122788,0.7451,29.0,4.1,24.5,11.7,13.8,15.8,24.6,15.8,6.8,1.2,17.7,5.8,6.2,2.2,6.5,1.8,0.40233141
29099,Jefferson County,MO,2.0,226984,0.1136,14.6,3.8,19.0,8.8,7.9,15.7,22.8,13.7,6.4,0.3,9.8,3.3,10.0,1.2,3.2,0.9,0.41378587
29101,Johnson County,MO,5.0,54025,0.3815,21.8,4.8,24.3,7.6,10.1,12.8,21.7,12.7,5.1,0.5,15.6,3.9,8.6,1.7,4.3,7.6,0.422793
29103,Knox County,MO,6.0,3772,0.2679,28.9,2.1,20.4,14.8,25.3,20.8,23.8,17.0,3.5,0.1,6.0,0.0,9.2,0.5,2.7,3.0,0.48598111
29105,Laclede County,MO,5.0,36060,0.7327,30.1,5.9,22.6,12.7,11.6,18.0,24.7,18.2,8.1,0.4,8.9,3.7,16.7,1.6,6.8,0.9,0.40124795
29107,Lafayette County,MO,2.0,32858,0.1101,17.7,2.4,14.1,8.3,8.4,19.0,23.0,16.1,4.0,0.6,9.2,2.8,7.0,0.6,3.4,2.0,0.44228563
29109,Lawrence County,MO,6.0,38231,0.7362,28.4,5.2,23.8,14.2,14.5,17.9,25.2,16.5,5.2,1.2,12.7,1.5,10.9,3.0,6.0,1.5,0.41430092
29111,Lewis County,MO,5.0,9987,0.4486,27.7,5.9,19.3,13.6,8.2,18.7,21.5,14.2,3.8,0.0,8.0,2.5,12.8,2.1,5.7,8.6,0.47075748
29113,Lincoln County,MO,2.0,60172,0.1976,18.6,3.4,18.2,9.3,8.7,14.0,25.2,14.4,7.2,0.3,7.7,1.8,14.7,1.6,4.0,1.2,0.41786402
29115,Linn County,MO,6.0,11892,0.1263,25.6,2.8,15.1,9.6,8.8,21.4,23.5,14.1,4.3,0.2,5.9,0.6,6.2,1.1,5.4,1.3,0.43976194
29117,Livingston County,MO,6.0,14402,0.3073,21.6,3.0,17.4,12.5,10.7,19.8,21.8,14.5,7.0,0.0,8.1,2.2,6.6,0.7,6.2,9.4,0.41280761
29119,McDonald County,MO,6.0,23381,0.8899,35.2,5.9,23.4,20.7,20.7,15.2,25.5,14.1,7.1,4.9,30.3,1.2,24.2,6.5,5.6,0.7,0.41457376
29121,Macon County,MO,6.0,15173,0.3388,19.7,3.8,20.6,8.7,11.7,22.0,23.2,16.4,4.5,0.5,7.5,1.3,9.5,1.6,5.6,1.6,0.44164905
29123,Madison County,MO,6.0,12649,0.5097,20.5,5.1,19.0,11.8,15.0,19.0,23.9,22.6,6.4,0.0,6.2,2.2,14.6,1.8,4.9,1.7,0.39775845
29125,Maries County,MO,6.0,8454,0.4814,23.0,5.6,24.8,13.0,10.4,22.1,20.5,22.0,2.1,0.5,6.6,1.2,17.0,1.5,5.9,1.1,0.40421957
29127,Marion County,MO,5.0,28525,0.4368,25.3,2.9,18.9,10.3,7.8,18.2,23.1,15.4,8.0,0.1,10.3,5.2,5.3,1.1,7.8,5.1,0.41125339
29129,Mercer County,MO,6.0,3517,0.4878,28.0,2.9,20.6,9.0,12.1,21.9,24.2,16.5,3.0,1.0,7.1,4.3,7.1,1.8,5.3,2.1,0.44622874
29131,Miller County,MO,6.0,24855,0.3793,25.4,4.6,19.3,10.9,10.8,19.2,23.3,17.3,3.9,0.2,5.9,5.2,10.4,2.3,4.0,1.3,0.40791965
29133,Mississippi County,MO,5.0,12305,0.9106,39.9,5.1,29.5,20.7,12.4,18.4,22.1,26.1,9.7,0.4,29.5,1.9,8.2,0.9,17.0,12.1,0.36373127
29135,Moniteau County,MO,4.0,15401,0.5367,18.6,3.0,17.0,13.6,16.0,16.2,25.0,13.0,5.2,1.4,11.1,1.5,9.0,3.8,6.6,8.4,0.46126622
29137,Monroe County,MO,6.0,8668,0.5059,26.2,1.2,20.1,10.0,12.6,24.3,22.1,15.3,5.0,0.5,8.1,2.0,19.7,1.7,7.4,1.9,0.44833803
29139,Montgomery County,MO,6.0,11421,0.4187,25.3,3.0,19.0,12.3,9.8,20.3,22.3,19.9,6.1,0.1,7.3,1.5,12.1,2.3,3.8,2.6,0.45145762
29141,Morgan County,MO,6.0,21169,0.8657,30.1,3.5,23.7,20.3,24.1,23.3,22.7,21.3,4.3,0.7,7.1,3.4,16.4,3.5,11.1,2.0,0.41561142
29143,New Madrid County,MO,6.0,16341,0.7891,33.7,4.0,22.7,16.7,13.8,19.3,23.5,21.3,9.9,0.2,23.9,1.2,11.7,1.4,8.0,2.1,0.37254074
29145,Newton County,MO,4.0,59019,0.5682,25.4,4.2,20.1,10.7,13.4,18.6,23.6,14.4,3.6,1.5,17.7,3.3,13.0,2.7,5.0,1.9,0.42228526
29147,Nodaway County,MO,5.0,21140,0.2151,27.1,2.3,24.5,5.8,8.6,16.8,16.6,12.9,4.6,0.3,7.2,5.7,4.9,0.8,7.0,14.1,0.4997378
29149,Oregon County,MO,6.0,8783,0.6589,39.6,4.5,24.0,14.2,19.6,22.7,23.1,22.7,5.3,0.0,6.7,0.3,16.1,3.2,3.9,1.5,0.43128556
29151,Osage County,MO,4.0,13374,0.0181,13.0,1.0,14.1,7.2,4.9,17.5,23.0,12.6,3.1,0.1,3.0,1.4,8.0,1.9,4.7,1.9,0.50156969
29153,Ozark County,MO,6.0,8688,0.5632,37.8,6.2,20.4,19.1,16.5,28.8,19.3,26.3,2.7,0.0,5.7,0.3,17.4,2.2,6.4,0.6,0.43271038
29155,Pemiscot County,MO,6.0,15555,0.9364,43.1,9.6,29.8,17.8,13.0,17.5,25.8,23.1,10.0,0.3,33.7,1.5,8.2,2.7,9.4,1.2,0.34130919
29157,Perry County,MO,6.0,18970,0.3175,19.3,5.1,22.2,14.4,7.1,19.0,23.0,13.9,3.4,0.7,6.0,2.1,9.4,1.6,5.4,1.8,0.45293745
29159,Pettis County,MO,5.0,43059,0.6936,24.5,3.9,21.5,12.4,14.1,17.0,24.9,16.5,5.5,2.4,16.6,5.6,5.3,1.8,7.0,2.1,0.41085437
29161,Phelps County,MO,5.0,44843,0.6402,27.8,4.2,29.1,8.2,9.3,16.5,21.0,16.5,7.8,0.3,13.8,7.4,8.4,1.6,6.6,7.1,0.40694854
29163,Pike County,MO,6.0,17719,0.7216,25.3,4.8,17.5,13.6,9.2,18.3,22.7,16.4,7.8,0.6,11.0,2.9,14.2,2.3,7.8,10.4,0.42627484
29165,Platte County,MO,2.0,107033,0.1632,13.1,3.6,21.1,3.6,6.3,15.4,23.4,12.6,6.4,0.7,21.5,13.6,0.5,2.2,4.0,0.8,0.44198084
29167,Polk County,MO,3.0,31877,0.6077,28.2,3.6,24.5,12.1,14.4,18.1,22.8,16.1,5.0,0.5,7.6,1.5,12.7,2.4,5.6,4.8,0.41980404
29169,Pulaski County,MO,5.0,53726,0.6927,25.0,4.7,25.9,5.5,10.8,9.3,21.8,16.8,6.8,0.9,31.1,3.9,10.7,3.3,5.1,17.7,0.39011943
29171,Putnam County,MO,6.0,4698,0.3258,17.9,4.0,16.9,6.6,12.9,25.3,22.6,15.2,5.0,0.4,5.0,0.1,11.3,2.6,6.8,2.2,0.46054402
29173,Ralls County,MO,5.0,10356,0.1168,20.9,5.3,19.6,8.5,8.1,22.2,20.9,16.6,4.1,0.0,6.8,0.7,16.3,0.8,2.9,0.9,0.43323889
29175,Randolph County,MO,5.0,24652,0.6268,27.7,5.3,23.6,10.4,11.0,16.9,21.8,18.2,8.2,0.1,12.4,2.5,14.0,1.2,5.4,7.9,0.37808424
29177,Ray County,MO,2.0,23122,0.0932,21.2,3.1,17.1,10.3,10.3,18.6,22.6,14.0,5.0,0.1,7.1,1.3,4.8,2.1,2.2,1.0,0.44011137
29179,Reynolds County,MO,6.0,6102,0.6354,28.2,10.0,18.2,21.3,12.9,23.5,18.6,31.4,4.7,0.0,7.8,0.7,17.6,1.6,6.1,3.1,0.42049944
29181,Ripley County,MO,6.0,10839,0.476,34.9,3.6,22.5,17.8,16.9,19.8,23.5,23.9,3.8,0.0,7.1,0.8,23.1,1.1,4.9,0.7,0.38350832
29183,St. Charles County,MO,2.0,406262,0.034,8.0,3.1,17.2,4.6,4.3,16.0,22.8,10.9,4.9,0.5,15.0,7.7,2.6,0.9,3.3,1.6,0.44775596
29185,St. Clair County,MO,6.0,9330,0.6182,31.4,2.5,21.1,10.6,14.8,26.1,20.4,23.6,5.6,0.2,7.3,1.5,18.9,2.6,5.1,2.7,0.44090995
29186,Ste. Genevieve County,MO,6.0,18494,0.1537,18.6,4.8,15.3,8.5,5.6,20.6,21.3,16.6,5.0,0.2,5.8,3.7,11.5,1.2,3.2,2.1,0.44239402
29187,St. Francois County,MO,5.0,66814,0.7257,26.9,4.8,23.0,13.1,12.0,16.9,21.2,21.2,6.2,0.3,9.6,4.2,12.8,1.8,6.8,8.7,0.38205546
29189,St. Louis County,MO,2.0,999703,0.3401,15.6,4.3,24.4,5.8,5.9,18.4,21.9,11.8,6.9,1.0,36.9,11.0,0.3,1.2,6.4,1.9,0.38539696
29195,Saline County,MO,5.0,23219,0.44,23.0,2.7,21.9,12.1,6.8,17.5,22.1,17.2,3.1,2.4,22.2,4.2,7.4,0.7,5.5,6.6,0.39550439
29197,Schuyler County,MO,5.0,4066,0.2329,18.3,2.3,14.5,7.6,17.2,19.2,25.9,19.8,2.6,0.0,4.6,0.8,11.7,3.2,7.2,1.1,0.47015521
29199,Scotland County,MO,6.0,4720,0.3169,21.8,1.2,23.2,16.8,31.1,18.5,29.6,14.9,4.4,0.0,3.1,0.7,10.0,1.9,4.6,1.6,0.44008654
29201,Scott County,MO,5.0,38055,0.665,27.0,2.9,23.0,13.6,11.2,18.3,24.0,18.3,8.2,0.0,18.1,2.9,10.6,2.5,7.4,1.5,0.38469595
29203,Shannon County,MO,6.0,7132,0.4429,26.0,2.7,22.4,14.1,12.2,22.6,21.8,21.1,1.1,0.0,7.0,0.0,15.2,7.3,5.5,1.4,0.42442185
29205,Shelby County,MO,6.0,6049,0.3968,34.7,1.1,17.6,11.5,10.0,21.5,24.2,14.7,4.9,0.2,5.4,3.8,12.4,0.4,5.6,3.8,0.48499119
29207,Stoddard County,MO,6.0,28656,0.4359,29.5,4.3,18.4,18.5,12.8,20.1,21.9,21.6,6.3,0.0,6.4,0.9,8.2,1.7,4.7,1.5,0.40633106
29209,Stone County,MO,6.0,31314,0.4337,26.2,8.4,22.8,9.7,9.5,31.2,16.4,19.3,2.0,0.2,6.1,4.9,12.5,2.1,3.1,1.2,0.42115641
29211,Sullivan County,MO,6.0,5983,0.5068,27.1,2.4,18.7,14.2,8.6,20.1,22.4,11.6,4.3,4.4,23.6,1.2,9.9,2.4,5.8,3.1,0.44928899
29213,Taney County,MO,5.0,56202,0.7941,27.0,5.1,25.2,10.2,15.6,22.3,20.7,17.1,4.5,1.0,12.9,18.6,12.1,2.7,4.9,3.2,0.41534194
29215,Texas County,MO,6.0,24828,0.8575,35.8,6.0,28.5,15.1,16.7,20.9,21.5,24.9,4.4,0.2,9.9,1.8,16.8,2.0,8.2,5.6,0.41527966
29217,Vernon County,MO,6.0,19777,0.5733,31.2,4.0,19.6,11.6,16.5,20.1,23.8,19.8,3.9,0.3,6.7,0.8,10.5,1.8,8.4,3.3,0.39664319
29219,Warren County,MO,2.0,35729,0.1689,17.0,4.8,20.5,11.7,7.4,17.6,23.4,15.2,4.2,0.0,9.7,1.0,11.5,3.2,2.5,0.9,0.42580205
29221,Washington County,MO,6.0,23580,0.7957,33.5,4.4,22.1,18.3,11.9,16.8,23.5,24.2,7.6,0.1,8.0,0.1,28.0,2.2,9.4,4.2,0.39195049
29223,Wayne County,MO,6.0,11081,0.6675,35.5,8.3,20.6,17.8,13.6,24.6,19.6,29.0,1.6,0.0,7.2,0.7,20.6,5.7,5.5,1.4,0.40887582
29225,Webster County,MO,3.0,39265,0.5437,25.3,4.8,16.8,12.1,13.3,15.6,27.3,14.7,4.5,1.3,7.9,2.4,11.4,3.0,5.5,2.3,0.39538234
29227,Worth County,MO,6.0,1982,0.2237,29.1,0.9,10.9,6.0,8.7,25.3,20.2,19.4,8.4,0.0,4.5,1.8,9.7,0.4,8.5,1.3,0.43590319
29229,Wright County,MO,6.0,18475,0.749,37.2,4.8,24.0,17.6,16.0,19.9,26.0,18.1,6.8,0.8,6.9,1.5,11.7,1.4,6.5,1.0,0.41471586
29510,St. Louis City,MO,1.0,298018,0.8139,30.3,5.4,32.1,10.0,10.1,14.5,18.5,15.6,7.8,1.4,55.4,19.8,0.4,1.9,18.5,3.4,0.32729495
30001,Beaverhead County,MT,6.0,9469,0.2043,25.7,2.8,24.8,5.7,6.5,23.0,17.2,16.1,3.2,0.0,10.9,2.8,16.6,1.4,0.9,5.8,0.48788267
30003,Big Horn County,MT,6.0,13090,0.7646,42.1,15.0,19.4,10.7,18.7,13.0,33.0,10.6,6.0,0.0,73.8,1.4,20.1,8.8,6.5,1.5,0.40129736
30005,Blaine County,MT,6.0,7030,0.9443,33.5,13.2,21.8,10.9,17.4,15.8,29.7,19.9,8.6,0.3,56.9,3.2,9.2,5.1,9.2,2.2,0.43527099
30007,Broadwater County,MT,4.0,6977,0.0827,19.7,8.2,22.6,6.7,8.1,24.3,18.7,14.7,1.8,0.0,10.8,0.5,10.4,0.5,1.9,0.8,0.5112471
30009,Carbon County,MT,4.0,10645,0.1241,18.7,4.9,25.5,4.2,7.2,26.7,17.5,16.8,2.7,0.6,8.0,1.2,9.1,0.8,2.7,1.1,0.52343494
30011,Carter County,MT,6.0,1332,0.4069,26.7,2.4,27.1,5.7,13.6,30.9,18.2,15.7,2.0,0.0,6.8,3.3,27.2,1.8,5.7,2.3,0.56258738
30013,Cascade County,MT,4.0,84423,0.4435,22.9,3.3,25.4,6.6,6.9,19.0,22.3,15.1,6.6,0.1,16.5,10.7,7.8,1.4,5.7,3.1,0.44401401
30015,Chouteau County,MT,6.0,5897,0.2584,25.7,5.2,16.1,7.7,5.8,21.7,23.2,12.4,4.2,0.0,23.8,3.5,14.4,0.7,5.4,1.8,0.52654779
30017,Custer County,MT,6.0,11957,0.3589,19.6,3.3,21.3,5.6,7.4,20.5,19.7,20.3,3.0,0.5,10.6,7.8,9.7,2.8,4.4,3.8,0.49276453
30019,Daniels County,MT,6.0,1535,0.1228,24.1,1.5,23.4,3.8,4.2,29.8,18.6,20.3,1.4,0.0,9.5,2.5,5.4,1.0,5.9,1.6,0.58853787
30021,Dawson County,MT,6.0,8915,0.0764,12.7,3.0,15.5,4.8,4.0,20.5,21.5,16.6,4.4,0.0,8.5,4.6,8.7,0.1,5.1,4.9,0.56096804
30023,Deer Lodge County,MT,6.0,9435,0.6417,31.5,3.8,28.2,9.5,7.2,24.9,12.9,25.5,8.0,0.0,10.4,5.3,6.4,0.3,9.3,9.4,0.43468249
30025,Fallon County,MT,6.0,2941,0.1508,18.0,0.0,15.9,3.5,6.5,19.4,25.7,13.3,3.0,0.0,7.0,3.7,21.6,1.3,7.2,2.9,0.57815832
30027,Fergus County,MT,6.0,11496,0.3837,21.5,3.1,22.1,5.4,14.1,24.9,19.7,15.0,3.2,0.1,6.8,4.4,12.4,2.2,7.4,3.1,0.48339209
30029,Flathead County,MT,5.0,105950,0.2094,19.2,3.2,27.0,4.4,8.8,20.4,21.7,11.5,4.2,0.3,8.9,5.7,9.2,2.3,3.7,1.3,0.45784548
30031,Gallatin County,MT,4.0,119685,0.0783,18.3,2.1,26.8,2.4,7.4,13.0,19.2,9.2,3.2,0.3,10.3,10.2,5.8,1.7,2.6,3.9,0.47354326
30033,Garfield County,MT,6.0,976,0.0652,21.6,0.0,18.0,2.9,15.5,23.8,22.4,10.4,2.9,0.0,2.5,0.0,15.2,5.1,0.7,1.0,0.41632971
30035,Glacier County,MT,6.0,13781,0.9752,43.1,7.9,22.9,13.3,30.0,12.4,29.5,15.0,14.1,1.0,71.2,3.2,16.8,7.3,5.6,4.7,0.39119115
30037,Golden Valley County,MT,6.0,841,0.1451,23.3,1.3,17.5,8.7,13.0,27.1,15.8,19.0,0.0,0.0,14.5,0.0,20.8,1.4,2.3,1.8,0.46626624
30039,Granite County,MT,6.0,3368,0.2246,25.8,5.7,20.6,9.6,6.3,30.7,15.7,17.5,1.8,0.0,6.5,0.0,13.1,2.1,3.1,2.9,0.54819143
30041,Hill County,MT,6.0,16238,0.4419,27.1,3.9,19.2,9.6,7.2,15.4,27.8,11.9,7.9,0.1,32.0,3.0,12.1,1.3,5.5,2.8,0.43017337
30043,Jefferson County,MT,4.0,12273,0.1158,11.3,3.4,19.3,6.3,5.7,22.4,20.1,17.1,3.6,0.2,8.7,1.2,10.0,3.1,3.1,2.4,0.529948
30045,Judith Basin County,MT,6.0,2039,0.049,24.9,2.4,19.9,5.8,5.2,25.3,24.2,12.1,4.3,0.1,7.4,1.2,12.4,0.0,1.9,0.2,0.53683507
30047,Lake County,MT,6.0,31509,0.7541,27.6,6.5,26.0,7.7,15.4,23.0,22.6,15.2,6.8,0.8,35.7,1.8,10.5,2.4,4.0,1.7,0.42691097
30049,Lewis and Clark County,MT,4.0,71487,0.1906,16.4,3.5,24.9,5.0,5.5,19.5,21.3,14.0,5.5,0.1,10.3,5.8,8.8,1.0,5.3,2.3,0.43853527
30051,Liberty County,MT,6.0,1993,0.6592,40.4,0.2,19.2,23.4,5.7,22.4,26.4,19.8,6.0,0.3,2.9,9.9,10.3,0.9,13.9,2.2,0.54476166
30053,Lincoln County,MT,6.0,20157,0.5628,31.3,6.9,28.1,7.6,13.3,29.5,18.0,22.2,3.1,0.5,8.9,2.2,14.5,1.8,3.8,1.3,0.46062264
30055,McCone County,MT,6.0,1746,0.0121,8.5,2.5,9.1,3.1,5.8,29.3,16.9,13.5,1.6,0.4,9.6,0.0,16.2,1.1,0.0,1.8,0.54662186
30057,Madison County,MT,6.0,8742,0.098,12.8,2.3,22.8,3.6,8.9,30.2,15.0,14.8,0.7,0.0,8.3,5.4,7.8,1.6,1.7,3.2,0.53783143
30059,Meagher County,MT,6.0,1948,0.0188,20.1,1.5,20.9,2.8,6.3,32.8,15.3,15.3,0.0,0.0,7.6,0.3,15.1,0.4,0.4,1.5,0.48632011
30061,Mineral County,MT,4.0,4652,0.2218,22.1,3.6,23.5,6.9,7.5,27.9,20.8,18.5,4.1,0.0,9.8,0.4,18.3,2.0,1.9,1.4,0.41357562
30063,Missoula County,MT,4.0,118541,0.2762,19.9,4.5,29.3,3.6,6.5,16.4,18.3,12.3,4.9,0.4,12.6,12.8,9.2,1.7,5.5,2.6,0.44410035
30065,Musselshell County,MT,6.0,4924,0.2278,22.8,4.9,20.3,8.9,5.8,28.8,18.7,18.0,3.0,0.3,9.6,0.4,17.1,3.0,3.3,0.9,0.51877147
30067,Park County,MT,6.0,17320,0.1623,20.2,3.3,25.8,3.1,9.6,23.7,16.6,11.5,4.0,0.1,7.7,5.3,8.2,1.6,4.4,1.9,0.46777996
30069,Petroleum County,MT,6.0,416,0.0013,20.4,0.8,14.8,0.3,4.6,21.9,17.3,6.5,2.1,0.0,1.9,0.0,21.2,1.6,0.0,0.0,
30071,Phillips County,MT,6.0,4233,0.2081,21.1,3.4,15.9,6.8,9.4,22.8,23.5,15.6,4.1,0.0,17.5,1.3,13.7,1.8,2.1,2.3,0.54558468
30073,Pondera County,MT,6.0,5987,0.7967,29.1,6.4,21.3,12.0,7.4,21.2,23.4,18.4,3.2,1.3,21.1,3.9,13.8,3.2,5.8,3.4,0.52942437
30075,Powder River County,MT,6.0,1773,0.1521,19.7,1.0,18.1,10.7,7.7,29.1,16.9,17.5,0.9,0.0,8.2,0.3,20.6,1.3,5.1,3.0,0.56284338
30077,Powell County,MT,6.0,6998,0.2319,19.3,4.8,14.7,7.5,6.6,20.2,14.6,21.5,3.0,0.0,12.2,2.9,15.8,2.0,3.6,24.1,0.44864047
30079,Prairie County,MT,6.0,1283,0.3567,42.0,2.9,22.5,13.8,5.8,32.0,22.6,18.4,0.0,0.0,10.3,0.0,20.5,0.0,5.2,2.2,0.49972561
30081,Ravalli County,MT,6.0,44876,0.1511,16.1,4.4,22.7,7.0,9.8,26.2,18.8,18.6,3.4,0.0,9.9,2.7,8.3,1.2,4.0,0.9,0.47998309
30083,Richland County,MT,6.0,11366,0.2644,15.4,4.9,23.9,4.3,7.1,16.9,25.4,13.2,4.1,0.3,12.3,7.3,15.5,1.2,7.4,0.4,0.57444859
30085,Roosevelt County,MT,6.0,10799,0.7665,44.0,8.6,17.0,6.8,31.3,11.6,33.5,13.8,5.6,0.1,67.6,2.4,11.8,3.4,10.6,2.6,0.44203416
30087,Rosebud County,MT,6.0,8310,0.9408,32.7,9.2,24.4,10.3,16.4,16.5,29.1,17.9,6.6,0.9,48.5,4.3,19.2,4.3,7.1,1.1,0.38648826
30089,Sanders County,MT,6.0,12615,0.5778,31.8,5.2,30.0,9.4,12.3,31.9,17.5,21.5,1.9,0.4,11.0,0.4,15.7,1.8,5.7,1.8,0.45662561
30091,Sheridan County,MT,6.0,3700,0.1642,16.6,1.5,18.2,9.5,11.1,22.5,21.8,17.4,3.0,0.1,10.4,3.6,7.9,0.9,3.1,2.8,0.56805849
30093,Silver Bow County,MT,5.0,35306,0.4534,25.1,4.6,23.7,6.5,7.1,19.5,20.2,19.4,5.4,0.4,10.3,9.2,5.5,0.7,6.8,3.7,0.45977145
30095,Stillwater County,MT,4.0,8978,0.0608,13.2,2.6,18.0,7.1,4.3,24.4,20.7,17.1,4.1,0.1,8.3,0.4,11.7,2.2,3.3,1.4,0.56298751
30097,Sweet Grass County,MT,6.0,3697,0.0242,14.8,2.1,16.5,4.0,9.2,24.6,20.2,14.4,2.1,0.3,9.0,0.7,10.1,1.1,3.5,0.7,0.57265663
30099,Teton County,MT,6.0,6238,0.3662,21.7,2.1,22.9,10.2,8.5,22.9,24.8,12.7,2.4,0.1,7.8,3.6,7.1,1.8,6.4,4.6,0.52227706
30101,Toole County,MT,6.0,5018,0.6023,27.4,3.9,22.8,12.6,9.3,17.7,20.6,18.5,1.4,0.3,14.9,6.5,11.7,2.2,6.8,12.6,0.50252128
30103,Treasure County,MT,6.0,680,0.0719,24.0,1.1,17.7,5.9,4.9,22.4,17.4,15.3,4.8,0.0,5.6,1.8,16.0,2.4,5.1,0.0,0.50071114
30105,Valley County,MT,6.0,7552,0.2027,20.8,4.0,18.7,6.7,7.0,23.5,22.6,16.3,4.3,0.0,15.6,3.8,5.1,1.0,4.6,2.1,0.47010353
30107,Wheatland County,MT,6.0,2060,0.1273,29.1,0.2,14.1,7.6,19.7,28.8,20.9,10.6,5.6,0.0,6.4,0.0,10.7,0.5,2.5,4.0,0.50735301
30109,Wibaux County,MT,6.0,1119,0.273,25.8,0.0,17.0,4.9,10.1,22.3,26.7,17.6,1.1,0.7,11.7,0.0,13.7,3.2,2.6,1.8,0.64757556
30111,Yellowstone County,MT,4.0,165524,0.2889,17.7,3.5,25.0,4.7,6.2,17.5,23.1,13.2,5.9,0.3,15.6,7.9,10.1,1.6,4.6,2.1,0.45875648
31001,Adams County,NE,5.0,31143,0.4769,20.4,2.7,22.6,7.6,5.9,18.1,24.3,14.4,6.0,2.1,16.2,5.8,4.6,2.1,5.0,4.2,0.47424433
31003,Antelope County,NE,6.0,6302,0.0767,17.9,2.1,14.5,6.4,6.4,23.7,24.3,14.4,2.3,1.2,5.8,2.3,4.2,1.6,3.8,0.9,0.57401186
31005,Arthur County,NE,6.0,485,0.0751,20.8,0.4,18.5,3.5,6.6,23.5,31.8,16.5,1.1,0.0,7.0,0.0,10.3,2.8,3.4,0.0,
31007,Banner County,NE,5.0,670,0.0124,13.1,3.3,6.4,8.8,3.6,30.3,20.7,14.8,1.6,1.3,8.2,0.0,4.7,0.4,2.4,0.0,0.53561562
31009,Blaine County,NE,6.0,384,0.0799,20.1,1.9,18.9,9.6,7.6,37.5,14.8,23.4,0.0,0.8,0.0,0.0,18.7,1.0,1.5,0.0,0.64376199
31011,Boone County,NE,6.0,5397,0.0162,16.9,1.0,15.4,6.1,4.5,22.9,23.7,14.0,2.3,0.2,4.5,2.3,1.1,0.2,3.6,1.9,0.59343803
31013,Box Butte County,NE,6.0,10778,0.4963,20.6,4.0,22.3,8.1,8.8,19.1,25.3,13.3,5.1,0.6,19.9,8.1,4.9,2.6,5.4,1.8,0.51189107
31015,Boyd County,NE,6.0,1767,0.0601,21.6,1.8,17.7,4.8,8.3,33.3,18.3,18.7,0.6,0.5,7.4,0.6,12.2,0.0,1.4,1.7,0.57708967
31017,Brown County,NE,6.0,2691,0.1444,20.6,0.5,27.3,7.5,7.3,28.9,19.1,14.0,2.5,1.4,8.7,3.6,6.3,0.0,2.9,1.4,0.5385468
31019,Buffalo County,NE,5.0,50103,0.3828,20.2,2.9,24.5,7.4,7.2,15.6,22.8,13.2,5.6,1.8,14.5,9.3,6.5,1.4,4.3,4.1,0.49423537
31021,Burt County,NE,6.0,6717,0.1798,21.1,2.7,17.6,9.0,9.6,24.0,22.9,18.0,5.1,0.0,8.8,1.3,4.3,0.7,5.5,1.5,0.52192491
31023,Butler County,NE,6.0,8373,0.0738,14.9,0.7,15.9,7.6,6.6,20.5,23.5,11.7,4.6,2.3,8.6,1.0,7.1,1.1,2.7,1.8,0.55316401
31025,Cass County,NE,3.0,26749,0.0379,14.1,2.2,21.3,4.6,7.0,18.0,23.3,12.6,3.8,0.2,8.1,3.5,4.6,1.4,3.5,0.9,0.48256493
31027,Cedar County,NE,6.0,8375,0.0067,11.1,2.0,13.3,5.3,6.0,21.6,25.6,10.4,3.5,0.1,4.4,1.3,3.4,0.8,2.8,1.6,0.61331522
31029,Chase County,NE,6.0,3704,0.272,18.8,2.6,17.7,12.1,11.6,24.9,24.1,12.9,4.2,1.2,23.2,1.2,10.7,0.3,2.5,1.9,0.55134708
31031,Cherry County,NE,6.0,5473,0.3016,28.1,0.4,19.0,2.2,8.6,20.8,24.1,12.1,4.7,0.0,15.6,4.3,6.3,3.0,6.4,2.0,0.48694283
31033,Cheyenne County,NE,6.0,9489,0.2857,21.7,2.6,25.9,7.7,6.9,20.8,22.7,15.1,2.6,0.1,12.4,9.5,4.8,2.0,6.0,1.3,0.50106198
31035,Clay County,NE,5.0,6088,0.0942,18.4,2.2,16.6,6.7,8.1,20.3,24.9,13.3,5.1,0.9,11.9,1.0,1.7,1.2,2.6,1.6,0.58513653
31037,Colfax County,NE,5.0,10563,0.364,18.9,1.7,12.6,26.9,10.6,13.3,30.1,8.1,4.9,18.3,52.7,0.7,12.2,6.8,1.4,0.7,0.48060474
31039,Cuming County,NE,6.0,9000,0.0795,17.3,2.6,13.6,7.9,7.5,21.6,24.5,9.9,2.7,2.7,12.6,2.4,2.6,1.1,2.3,1.3,0.58663952
31041,Custer County,NE,6.0,10566,0.1425,21.9,1.6,21.0,5.3,7.7,22.1,24.0,14.9,4.6,0.5,6.9,3.3,2.9,1.1,4.5,1.1,0.56418449
31043,Dakota County,NE,4.0,21308,0.7321,19.6,3.0,22.7,21.4,8.4,13.2,29.1,11.6,5.3,13.3,55.0,11.2,10.7,8.0,6.7,1.0,0.42784396
31045,Dawes County,NE,6.0,8279,0.3156,21.8,1.5,24.2,4.4,8.6,18.9,18.0,13.4,8.2,1.7,14.7,6.1,6.8,0.1,3.5,10.5,0.5154494
31047,Dawson County,NE,5.0,24037,0.7311,20.7,2.1,20.9,21.2,11.3,16.8,27.3,12.9,5.6,10.4,43.8,7.1,9.1,5.5,5.3,1.3,0.45000634
31049,Deuel County,NE,6.0,1858,0.063,18.7,3.8,17.2,10.3,12.7,25.9,16.7,19.2,4.1,0.0,15.3,0.5,3.9,0.3,1.6,0.4,0.54593658
31051,Dixon County,NE,6.0,5579,0.3789,22.3,2.9,17.0,15.6,8.1,20.7,25.0,12.0,5.4,6.0,17.6,2.3,3.8,2.1,2.6,1.5,0.55039412
31053,Dodge County,NE,5.0,37175,0.5135,18.1,4.1,21.9,11.3,6.5,19.4,24.5,14.9,5.9,3.3,19.6,6.1,4.8,1.1,4.8,2.7,0.48173931
31055,Douglas County,NE,3.0,582638,0.594,18.6,3.8,26.8,8.6,9.1,13.5,25.4,10.5,6.9,3.2,32.3,19.8,0.9,2.2,6.5,2.1,0.3992798
31057,Dundy County,NE,6.0,1825,0.0156,19.3,0.2,14.6,5.8,5.8,20.5,23.6,15.1,3.3,0.0,2.7,1.2,5.0,0.0,2.9,2.2,0.53961021
31059,Fillmore County,NE,6.0,5557,0.0083,13.4,1.0,13.1,5.6,4.9,23.9,19.0,15.0,1.9,0.0,6.8,3.9,0.9,0.2,2.5,3.3,0.54328305
31061,Franklin County,NE,6.0,2901,0.1129,23.2,2.5,16.7,6.9,6.9,27.6,19.3,17.9,2.7,0.5,5.9,0.3,5.8,2.0,3.5,2.5,0.54554552
31063,Frontier County,NE,6.0,2491,0.3153,19.9,4.4,18.4,6.2,10.4,25.2,20.4,19.7,3.7,0.2,7.7,2.0,10.9,3.3,2.9,4.2,0.629682
31065,Furnas County,NE,6.0,4630,0.1931,20.5,1.0,19.2,10.2,8.2,25.4,22.0,18.9,2.4,0.4,7.6,4.1,1.7,1.1,4.5,1.9,0.55206358
31067,Gage County,NE,5.0,21654,0.2307,20.5,2.0,22.0,7.5,6.4,21.4,22.6,15.8,6.4,0.0,6.8,2.9,1.0,1.2,7.7,2.6,0.4863233
31069,Garden County,NE,6.0,1778,0.42,28.6,3.5,22.6,6.2,18.3,28.6,23.3,20.1,6.9,0.2,6.6,2.4,6.3,0.2,2.4,1.9,0.53691733
31071,Garfield County,NE,6.0,1833,0.0557,16.0,1.1,19.4,4.3,5.4,27.2,20.9,13.7,3.7,0.0,4.4,1.2,14.6,0.0,5.9,3.3,0.5364821
31073,Gosper County,NE,5.0,1873,0.0293,16.3,1.5,18.5,6.1,11.5,25.6,18.7,12.1,0.7,0.2,6.6,0.4,7.6,1.6,0.7,1.8,0.50461113
31075,Grant County,NE,6.0,649,0.168,17.9,1.4,21.4,8.3,12.8,21.4,22.2,10.8,0.0,0.5,3.7,0.0,9.3,3.2,3.6,4.3,0.56253546
31077,Greeley County,NE,6.0,2212,0.062,18.3,1.8,19.0,7.2,3.9,25.7,23.5,16.0,5.1,0.1,4.8,0.7,5.8,1.7,1.8,1.4,0.60226417
31079,Hall County,NE,4.0,62575,0.7343,23.7,2.9,24.8,15.1,11.9,15.5,27.3,12.9,7.6,7.8,36.2,10.2,5.0,2.0,5.3,1.5,0.4543325
31081,Hamilton County,NE,6.0,9400,0.0229,12.6,3.6,17.1,2.8,5.9,20.3,24.4,10.9,5.4,0.3,6.6,1.3,2.5,1.1,1.9,1.4,0.52569348
31083,Harlan County,NE,6.0,3094,0.3312,13.5,2.0,21.0,7.3,7.1,26.6,23.0,17.6,4.7,1.5,7.0,0.8,23.2,4.3,1.9,1.6,0.50639182
31085,Hayes County,NE,6.0,919,0.0547,22.2,0.2,11.0,7.0,5.2,23.8,22.1,14.5,2.4,2.8,7.8,0.0,8.9,1.6,3.2,0.0,0.61519438
31087,Hitchcock County,NE,6.0,2620,0.2574,22.2,1.9,15.3,6.5,8.6,25.4,24.2,20.7,4.4,0.4,7.4,0.3,15.4,2.3,4.0,1.4,0.58966339
31089,Holt County,NE,6.0,10149,0.1098,21.4,1.3,18.3,6.1,6.0,22.1,25.2,12.5,4.0,1.1,7.9,2.4,6.5,0.7,3.0,1.8,0.56845075
31091,Hooker County,NE,6.0,659,0.1021,19.3,3.2,4.1,6.9,8.2,19.0,21.9,12.8,2.7,0.0,10.8,0.0,5.8,2.4,5.8,8.6,0.61213541
31093,Howard County,NE,4.0,6476,0.2202,15.4,4.0,21.2,4.1,7.2,21.7,24.1,14.0,5.7,0.8,8.0,2.4,3.8,1.8,6.1,0.5,0.52187091
31095,Jefferson County,NE,6.0,7185,0.2736,20.0,1.1,23.5,7.9,9.1,24.7,22.0,20.0,3.2,0.8,8.1,4.6,1.4,0.3,6.0,1.6,0.51538378
31097,Johnson County,NE,6.0,5294,0.2927,13.4,1.4,18.4,10.5,5.7,18.7,19.0,18.5,7.7,1.7,20.2,2.6,4.1,0.5,5.5,18.4,0.53254998
31099,Kearney County,NE,5.0,6655,0.1028,17.9,1.6,13.8,6.3,4.8,20.0,25.8,8.9,4.9,1.2,9.6,1.9,7.7,3.1,3.3,1.0,0.54109216
31101,Keith County,NE,6.0,8303,0.2603,18.5,2.6,21.8,9.2,6.6,27.2,20.3,14.8,4.1,1.3,11.0,2.0,19.8,1.2,5.3,1.0,0.49491698
31103,Keya Paha County,NE,6.0,987,0.0226,30.7,0.2,15.8,1.9,6.5,20.5,27.8,11.3,5.2,0.0,4.1,0.0,7.3,1.2,0.6,0.0,0.57166612
31105,Kimball County,NE,6.0,3395,0.4308,25.4,2.2,24.9,14.7,16.1,25.9,19.3,19.1,2.7,1.1,16.2,0.8,11.0,0.8,3.2,1.9,0.50332463
31107,Knox County,NE,6.0,8415,0.2717,22.9,4.1,12.3,8.1,6.4,24.8,24.2,16.5,4.7,0.4,15.7,1.5,8.1,1.6,3.6,2.0,0.57547897
31109,Lancaster County,NE,3.0,322063,0.4031,19.6,3.2,25.6,6.7,6.6,14.6,22.5,11.3,5.7,2.1,20.4,20.0,1.5,2.1,5.1,3.9,0.43736401
31111,Lincoln County,NE,5.0,34532,0.4617,22.8,3.4,26.1,6.5,7.8,20.2,23.2,15.3,5.9,1.0,13.6,7.7,8.3,1.1,4.3,2.0,0.46992895
31113,Logan County,NE,5.0,839,0.0471,10.9,0.4,18.6,2.5,8.8,18.1,28.8,11.2,0.0,1.0,12.4,0.0,10.8,3.0,0.0,0.0,0.53596389
31115,Loup County,NE,6.0,629,0.202,19.9,0.0,26.8,1.1,7.8,25.6,22.4,16.1,6.6,0.0,16.1,0.0,20.0,1.8,1.8,0.0,0.62938207
31117,McPherson County,NE,6.0,456,0.0016,20.6,0.0,8.3,6.2,3.5,29.4,18.9,8.1,1.0,0.0,1.5,0.0,2.9,4.1,1.0,0.0,0.55607462
31119,Madison County,NE,5.0,35538,0.4633,19.5,2.6,21.2,7.0,8.8,16.3,25.3,11.0,6.2,3.0,21.6,12.7,3.7,2.4,4.7,2.9,0.48010346
31121,Merrick County,NE,4.0,7675,0.1947,18.0,0.5,24.0,7.1,8.8,21.5,22.0,17.8,4.7,0.5,8.8,1.3,2.9,2.2,2.7,1.8,0.53781492
31123,Morrill County,NE,6.0,4562,0.3143,17.9,5.5,23.0,10.6,6.1,20.8,23.1,14.3,4.2,1.2,19.2,1.0,7.0,0.6,3.9,2.8,0.52514917
31125,Nance County,NE,6.0,3366,0.05,22.5,4.4,16.3,7.8,5.8,21.0,22.7,16.6,3.2,0.1,6.2,0.6,0.4,0.2,1.5,3.9,0.56025529
31127,Nemaha County,NE,6.0,7019,0.4712,24.8,6.4,20.7,9.8,8.9,20.3,21.9,16.7,3.5,0.3,9.7,4.4,5.4,1.1,6.0,7.2,0.56801564
31129,Nuckolls County,NE,6.0,4092,0.014,14.2,1.3,10.3,7.2,10.2,27.5,19.7,13.4,2.3,0.0,7.1,2.3,1.8,0.4,2.4,2.0,0.57201642
31131,Otoe County,NE,6.0,15995,0.2698,16.9,3.2,19.0,7.1,5.4,20.3,24.1,14.6,6.0,2.2,13.3,3.9,2.8,2.7,3.8,1.3,0.49372873
31133,Pawnee County,NE,6.0,2553,0.49,24.4,2.4,17.6,14.1,12.3,28.4,23.6,17.3,5.8,0.5,6.0,0.8,3.4,3.4,7.3,1.3,0.52173007
31135,Perkins County,NE,6.0,2860,0.14,16.2,1.2,23.7,9.4,5.3,23.8,24.7,12.2,3.0,1.0,7.8,4.2,3.9,1.0,3.8,1.2,0.54465979
31137,Phelps County,NE,6.0,8966,0.3242,20.0,0.8,23.0,7.7,5.3,20.7,23.9,13.5,3.2,1.4,9.0,5.0,3.8,2.5,5.8,2.7,0.53028482
31139,Pierce County,NE,5.0,7301,0.0439,14.1,2.4,19.0,5.5,6.8,19.3,25.2,11.8,4.7,1.2,4.7,1.2,4.0,0.6,3.4,1.5,0.54705042
31141,Platte County,NE,5.0,34219,0.371,16.6,1.9,19.2,10.3,9.1,17.8,26.1,11.7,5.5,5.2,24.6,7.3,5.3,1.3,5.8,1.2,0.52225798
31143,Polk County,NE,6.0,5182,0.0477,13.6,1.9,11.4,7.9,8.2,22.4,22.7,11.9,2.0,1.0,9.3,1.8,7.1,0.7,2.4,1.6,0.57330787
31145,Red Willow County,NE,6.0,10690,0.3522,20.2,2.3,23.3,7.7,10.4,21.0,22.2,16.3,5.1,0.1,9.7,6.6,4.0,0.1,8.2,3.1,0.50230974
31147,Richardson County,NE,6.0,7850,0.2883,22.3,4.7,19.7,8.7,9.7,24.2,21.1,16.7,5.5,0.3,8.8,1.9,2.6,0.5,6.6,1.8,0.50854111
31149,Rock County,NE,6.0,1312,0.0423,17.2,1.2,11.4,4.9,7.5,25.4,22.4,11.8,4.0,0.7,2.1,0.5,7.1,0.0,3.6,3.8,0.62085563
31151,Saline County,NE,6.0,14275,0.4989,20.7,2.1,15.9,19.5,11.4,15.9,25.8,12.3,5.6,7.3,32.7,4.0,4.8,1.9,2.0,5.2,0.51287299
31153,Sarpy County,NE,3.0,191272,0.0776,10.4,2.6,20.4,4.3,5.0,12.2,26.8,9.9,6.2,1.0,21.5,13.5,1.0,1.3,3.0,0.6,0.45836222
31155,Saunders County,NE,3.0,22374,0.0108,11.7,2.4,17.2,4.7,4.4,18.3,24.4,12.4,3.9,0.4,6.0,2.3,4.0,0.9,3.5,1.2,0.51148641
31157,Scotts Bluff County,NE,5.0,36048,0.7356,21.0,3.5,26.2,10.9,10.0,19.9,24.6,15.5,7.6,1.5,29.6,6.4,5.3,1.8,6.0,2.2,0.46054929
31159,Seward County,NE,3.0,17644,0.0563,12.9,2.2,18.1,5.8,5.3,17.5,23.4,11.7,5.0,0.1,5.6,5.2,2.7,1.2,4.6,7.5,0.53440148
31161,Sheridan County,NE,6.0,5102,0.3462,20.0,2.2,17.4,10.3,12.1,26.0,21.8,18.1,4.0,0.1,20.3,2.0,9.0,1.7,4.5,3.3,0.52834052
31163,Sherman County,NE,6.0,2970,0.2641,19.9,4.2,17.3,9.1,8.8,27.6,20.8,15.9,5.2,0.4,6.0,2.3,15.2,0.5,5.0,2.0,0.58608329
31165,Sioux County,NE,6.0,1162,0.3204,33.0,3.9,17.3,4.0,10.6,22.8,23.0,13.9,0.7,2.2,7.1,2.5,8.5,3.1,5.3,0.0,0.56855011
31167,Stanton County,NE,5.0,5828,0.0054,12.9,0.7,14.8,6.0,4.3,19.8,24.2,11.4,3.1,0.2,10.0,1.5,5.9,1.0,2.0,1.0,0.53578198
31169,Thayer County,NE,6.0,5006,0.1301,22.6,3.2,13.5,6.5,7.3,25.3,23.2,12.4,5.0,0.1,6.2,2.4,1.0,1.9,4.1,2.7,0.54203069
31171,Thomas County,NE,6.0,592,0.0019,12.2,0.8,12.7,8.5,4.4,34.5,14.7,13.3,1.3,0.0,12.5,1.1,6.2,0.0,2.6,0.0,0.54934043
31173,Thurston County,NE,6.0,6716,0.798,31.4,10.0,17.0,10.2,17.6,12.3,35.3,12.2,9.5,0.7,65.8,4.3,4.0,9.0,8.6,1.1,0.43635461
31175,Valley County,NE,6.0,4053,0.1464,17.7,0.6,10.6,6.3,9.6,25.2,22.1,16.7,5.1,0.2,3.6,5.1,3.2,2.1,4.2,1.6,0.52595431
31177,Washington County,NE,3.0,20884,0.0143,12.3,2.0,19.2,4.9,5.0,18.4,24.0,11.9,4.9,0.1,6.0,4.8,4.1,0.4,2.7,1.1,0.53524905
31179,Wayne County,NE,6.0,9701,0.1626,23.2,3.4,28.0,4.3,4.4,16.6,19.4,15.5,2.0,1.2,10.9,4.0,1.4,0.6,4.9,13.5,0.56790107
31181,Webster County,NE,5.0,3410,0.0375,19.5,1.8,12.3,6.1,5.8,22.6,22.8,12.3,4.5,0.1,10.1,0.6,2.9,1.5,2.8,2.3,0.55584645
31183,Wheeler County,NE,6.0,771,0.0385,20.0,1.4,14.2,2.1,11.0,33.1,18.4,17.4,2.6,0.0,1.7,0.0,17.8,2.1,1.7,0.0,0.49598405
31185,York County,NE,6.0,14212,0.1359,16.4,2.8,15.5,6.2,5.3,20.3,23.3,14.1,3.9,0.1,10.2,9.3,2.4,2.7,2.8,6.2,0.50144583
32001,Churchill County,NV,5.0,25409,0.6271,18.9,6.3,23.4,7.8,9.1,19.4,22.2,19.8,5.0,1.2,28.9,2.1,15.8,3.2,3.5,2.1,0.42018765
32003,Clark County,NV,1.0,2265926,0.8635,22.7,7.7,33.3,13.5,12.0,15.2,22.7,12.5,7.4,6.1,60.3,16.4,2.9,4.5,7.7,0.9,0.38764879
32005,Douglas County,NV,5.0,49476,0.2059,13.7,3.1,24.6,6.6,7.2,30.3,15.5,16.2,4.0,1.2,21.9,3.5,6.1,2.3,2.5,0.5,0.45699286
32007,Elko County,NV,5.0,53600,0.6185,19.2,4.7,19.9,11.1,8.9,12.2,26.4,12.7,6.7,1.3,36.4,3.9,21.7,2.4,5.7,1.7,0.46296695
32009,Esmeralda County,NV,6.0,980,0.9077,32.1,4.7,24.5,21.9,10.5,26.2,9.8,23.1,0.0,5.5,36.6,17.9,36.3,2.1,27.2,0.7,0.53338832
32011,Eureka County,NV,5.0,1622,0.4254,25.6,0.0,13.0,4.8,10.0,25.0,26.0,18.9,5.3,0.0,17.4,0.6,50.8,4.4,6.0,0.4,0.49829665
32013,Humboldt County,NV,5.0,17266,0.616,21.2,4.3,20.1,14.6,9.7,15.4,26.4,14.6,4.8,3.6,35.9,1.7,34.5,4.3,4.0,1.1,0.44370872
32015,Lander County,NV,6.0,5728,0.5762,21.5,11.7,16.2,9.8,6.2,14.0,26.3,14.2,12.6,3.0,31.0,1.1,53.2,3.5,2.4,1.0,0.45997825
32017,Lincoln County,NV,6.0,4507,0.5749,11.7,4.1,19.3,11.8,10.5,16.6,22.1,21.3,8.6,0.0,16.2,2.2,15.8,3.3,5.9,11.2,0.58202344
32019,Lyon County,NV,3.0,59435,0.5593,17.9,7.2,26.4,12.6,9.6,21.2,20.9,16.6,4.8,1.6,28.0,1.1,18.8,2.5,2.7,0.4,0.40597832
32021,Mineral County,NV,6.0,4568,0.5501,33.8,5.8,24.0,9.7,11.0,28.8,19.8,15.7,8.4,0.0,43.4,0.0,17.9,1.0,1.4,1.9,0.39072224
32023,Nye County,NV,5.0,51698,0.7954,24.9,9.3,26.1,13.3,8.9,30.6,16.7,23.9,4.5,2.2,28.7,1.4,31.7,2.3,4.5,1.3,0.40365711
32027,Pershing County,NV,6.0,6587,0.6761,17.1,8.5,13.9,15.9,10.4,16.4,16.9,17.6,5.2,2.4,36.5,3.7,48.7,1.3,5.4,27.4,0.48953095
32029,Storey County,NV,3.0,4095,0.1836,11.2,7.0,23.2,7.6,6.9,37.3,16.2,22.9,3.1,0.5,17.3,0.0,17.8,0.5,2.1,0.5,0.41786337
32031,Washoe County,NV,3.0,486674,0.6971,18.1,5.0,28.4,11.5,10.0,16.9,21.1,12.0,6.2,3.1,39.5,16.1,5.4,4.1,6.5,1.4,0.40533885
32033,White Pine County,NV,6.0,8997,0.2498,16.7,4.1,15.0,10.7,4.1,19.2,20.0,14.3,7.3,0.3,29.1,0.4,21.5,1.8,1.9,17.0,0.45431715
32510,Carson City,NV,4.0,58249,0.8508,20.1,4.7,28.2,11.4,11.4,20.6,20.0,15.3,5.9,2.5,35.7,13.7,9.0,4.0,6.3,4.5,0.40519959
33001,Belknap County,NH,5.0,63914,0.1454,13.3,2.7,25.8,6.6,7.0,22.8,17.9,16.7,5.0,0.2,6.2,4.1,8.4,1.3,4.0,1.6,0.41712138
33003,Carroll County,NH,6.0,50679,0.1406,13.8,5.6,28.2,5.0,7.5,29.2,15.2,16.3,4.1,0.1,5.2,3.5,6.3,1.5,3.0,1.2,0.43617082
33005,Cheshire County,NH,5.0,76610,0.1702,15.8,3.5,27.1,6.2,5.9,21.1,17.9,14.2,3.5,0.1,6.9,7.6,6.0,1.5,4.7,5.3,0.42192355
33007,Coos County,NH,6.0,31430,0.4862,21.9,4.2,25.7,11.1,7.9,24.9,15.6,21.3,3.1,0.4,5.8,3.3,10.6,1.0,8.1,6.4,0.42104524
33009,Grafton County,NH,5.0,90836,0.2619,16.2,2.8,26.3,6.8,6.1,22.0,16.0,13.7,4.5,0.4,11.2,8.2,7.2,0.8,6.6,7.1,0.43646413
33011,Hillsborough County,NH,3.0,422733,0.2234,11.8,3.7,26.1,7.0,6.1,16.3,20.0,11.7,4.5,2.4,18.1,15.7,2.0,1.7,5.1,1.9,0.44100729
33013,Merrimack County,NH,5.0,153918,0.2109,12.5,3.6,24.0,6.5,5.5,18.9,18.6,14.3,4.2,0.7,8.9,9.4,6.3,1.7,5.1,4.2,0.4269177
33015,Rockingham County,NH,2.0,315169,0.02,8.1,3.4,21.0,4.2,4.5,18.9,18.9,10.9,4.4,0.3,9.5,10.4,4.6,1.3,3.0,0.8,0.45314148
33017,Strafford County,NH,2.0,130965,0.1833,14.3,3.7,27.1,5.6,5.7,16.0,18.0,13.2,4.2,0.3,11.4,12.3,8.8,1.3,5.1,6.5,0.42193756
33019,Sullivan County,NH,5.0,43356,0.2186,19.6,2.9,28.9,9.1,7.1,22.7,17.7,14.6,4.4,0.1,6.9,5.1,9.0,1.1,5.3,1.8,0.38405666
34001,Atlantic County,NJ,3.0,274339,0.853,21.1,8.3,33.8,11.6,7.7,18.8,21.0,14.2,6.1,5.5,45.0,15.9,3.0,2.9,12.0,2.2,0.37154225
34003,Bergen County,NJ,2.0,953243,0.4372,10.5,5.5,24.9,7.0,6.6,17.5,21.0,8.3,4.3,6.7,46.6,18.5,0.4,3.2,8.0,1.1,0.51954651
34005,Burlington County,NJ,2.0,461853,0.2434,11.1,5.1,23.7,5.9,4.1,17.6,20.6,11.6,5.2,1.9,35.2,9.4,1.1,1.4,4.8,2.3,0.42232805
34007,Camden County,NJ,2.0,522581,0.7795,19.1,7.2,31.5,10.7,6.7,16.0,22.7,14.5,7.5,4.5,45.7,16.1,0.6,2.7,10.5,1.3,0.39249986
34009,Cape May County,NJ,3.0,95456,0.3541,15.3,6.5,28.0,6.1,5.6,27.8,17.5,15.0,4.0,1.1,15.7,6.0,3.2,1.0,6.2,1.9,0.42920408
34011,Cumberland County,NJ,4.0,153588,0.9793,26.8,7.8,36.1,18.8,9.6,15.6,23.8,14.8,8.3,7.3,55.9,8.8,4.7,3.2,9.7,7.0,0.37017271
34013,Essex County,NJ,1.0,853374,0.9415,22.9,8.5,36.1,13.1,11.5,13.8,23.6,11.7,9.4,8.1,71.5,24.7,0.1,5.5,21.4,2.6,0.38604265
34015,Gloucester County,NJ,2.0,302621,0.2173,11.8,5.2,24.5,6.4,4.3,16.2,21.3,12.7,5.8,1.3,23.7,7.7,2.3,1.0,5.0,1.8,0.43419391
34017,Hudson County,NJ,1.0,712029,0.7827,22.4,5.8,32.1,12.8,11.6,12.2,20.2,8.6,6.2,11.4,72.3,40.8,0.1,7.7,32.5,1.2,0.44457117
34019,Hunterdon County,NJ,2.0,129099,0.035,6.8,4.6,17.8,4.2,2.8,19.6,19.0,8.8,3.9,1.4,17.0,5.0,0.2,0.8,2.7,2.3,0.49344167
34021,Mercer County,NJ,3.0,383732,0.7445,16.8,6.1,27.5,10.3,7.0,15.7,21.4,10.3,6.7,6.7,53.3,18.7,0.4,2.7,11.6,4.9,0.38598496
34023,Middlesex County,NJ,2.0,860147,0.6647,13.3,6.3,26.1,10.3,6.7,15.4,21.6,9.6,5.2,6.9,60.0,17.7,0.8,4.7,8.1,3.1,0.48370594
34025,Monmouth County,NJ,2.0,643064,0.2138,10.5,5.4,23.2,5.7,5.0,18.3,20.8,10.4,4.1,2.3,26.3,13.0,1.2,1.5,6.9,1.0,0.45198557
34027,Morris County,NJ,2.0,508816,0.1667,8.1,5.3,20.0,4.9,4.6,17.6,20.7,8.9,3.7,3.7,31.4,15.4,0.2,1.6,5.1,1.8,0.50783235
34029,Ocean County,NJ,2.0,638691,0.4133,17.2,5.7,28.6,6.9,4.5,22.5,24.5,12.7,3.4,1.4,16.9,5.8,2.0,2.2,5.9,1.1,0.45339474
34031,Passaic County,NJ,2.0,519986,0.9112,22.4,7.8,34.4,14.8,12.5,15.1,23.7,9.0,7.8,14.2,60.6,14.9,0.3,7.2,14.7,1.6,0.42517933
34033,Salem County,NJ,2.0,64840,0.6739,20.7,8.0,31.6,9.8,4.8,18.8,21.6,15.9,7.1,1.1,27.9,8.2,3.5,1.1,9.5,2.3,0.4136906
34035,Somerset County,NJ,2.0,344978,0.1912,8.6,5.0,20.0,6.0,5.6,16.3,21.4,8.2,4.0,4.5,47.4,12.3,0.2,2.4,4.5,1.1,0.46128559
34037,Sussex County,NJ,2.0,144808,0.0458,9.3,5.5,21.6,4.6,3.6,18.1,19.4,11.2,4.2,0.9,17.1,4.4,1.8,1.0,3.2,1.3,0.47039765
34039,Union County,NJ,2.0,572079,0.8145,16.1,6.2,29.1,13.2,12.1,14.6,23.4,9.0,7.3,12.2,62.4,15.8,0.2,5.0,10.6,1.2,0.43154848
34041,Warren County,NJ,3.0,109739,0.245,12.3,6.0,25.4,6.2,5.0,18.7,19.4,11.8,4.4,1.9,21.9,8.1,1.3,1.0,6.3,1.8,0.45423269
35001,Bernalillo County,NM,3.0,674692,0.7929,26.0,5.4,30.5,9.8,8.5,17.1,21.1,14.9,6.9,3.3,63.3,14.0,5.4,2.5,7.0,1.4,0.38822624
35003,Catron County,NM,6.0,3635,0.4483,40.6,5.7,15.7,3.5,9.0,43.2,11.6,41.2,2.9,0.4,20.7,0.0,32.0,0.0,5.7,5.0,0.42944002
35005,Chaves County,NM,5.0,64701,0.9701,33.6,5.3,24.9,18.8,9.0,15.9,25.4,19.3,8.7,4.2,63.8,4.8,13.5,2.4,6.0,3.9,0.40493625
35006,Cibola County,NM,6.0,27211,0.9663,39.0,7.3,18.5,15.8,11.8,16.9,23.7,21.6,6.0,3.4,81.9,2.1,25.2,6.9,5.5,5.1,0.36925915
35007,Colfax County,NM,6.0,12370,0.7989,33.2,3.2,26.5,9.5,7.5,27.5,17.6,25.4,4.5,0.5,53.9,4.0,15.6,1.9,8.7,4.6,0.41021422
35009,Curry County,NM,5.0,48327,0.9395,31.2,7.9,30.1,19.1,9.2,12.8,26.5,17.7,7.9,4.2,55.3,4.0,8.0,3.4,4.3,2.3,0.41176733
35011,De Baca County,NM,6.0,1695,0.5043,26.8,8.5,18.2,15.4,8.9,21.1,25.4,13.8,1.3,0.7,65.0,0.0,22.2,0.0,5.5,0.9,0.52388632
35013,Doña Ana County,NM,4.0,219870,0.9873,35.4,6.8,29.6,18.4,10.9,16.1,23.9,14.7,8.0,8.6,73.8,6.5,19.7,4.1,5.7,2.5,0.40438551
35015,Eddy County,NM,5.0,61264,0.6382,20.9,4.2,13.4,16.0,9.2,14.5,26.2,15.5,6.7,3.2,56.5,2.2,15.8,3.9,4.7,1.2,0.46551222
35017,Grant County,NM,5.0,28006,0.7404,33.3,7.7,21.7,11.4,5.1,28.4,18.9,22.4,3.3,1.1,54.3,4.4,26.1,1.1,4.0,3.4,0.40673649
35019,Guadalupe County,NM,6.0,4413,0.8791,32.3,9.8,21.0,19.5,6.8,19.5,18.6,19.7,5.4,6.0,85.6,1.3,26.1,2.9,3.9,13.9,0.39496046
35021,Harding County,NM,6.0,671,0.6615,32.6,7.2,13.2,13.2,5.7,24.3,21.2,18.4,1.2,1.7,56.2,0.0,22.8,3.7,9.1,0.0,0.55248564
35023,Hidalgo County,NM,6.0,4160,0.9179,35.2,4.4,20.6,17.0,8.4,21.8,22.0,17.5,4.1,4.5,63.1,6.0,31.5,3.0,7.2,2.8,0.42131788
35025,Lea County,NM,5.0,73103,0.9399,28.5,7.4,21.3,23.9,13.9,11.0,30.0,11.8,8.3,8.8,67.6,4.3,16.9,4.1,4.5,3.3,0.46431991
35027,Lincoln County,NM,5.0,20222,0.8346,29.4,5.3,26.7,9.9,13.0,29.6,17.0,23.1,5.8,1.5,40.7,3.0,24.4,2.5,4.5,1.0,0.42896676
35028,Los Alamos County,NM,5.0,19253,0.0099,7.1,1.9,10.2,2.1,3.4,17.8,21.5,10.7,3.4,0.5,29.5,12.3,5.6,1.0,1.2,0.5,0.47209215
35029,Luna County,NM,5.0,25393,0.9997,43.2,7.0,26.4,26.8,8.7,20.5,26.7,22.6,7.7,12.2,73.1,5.2,32.8,2.2,8.1,1.6,0.38643911
35031,McKinley County,NM,5.0,72073,0.9695,48.2,9.6,17.4,19.3,19.9,12.7,28.0,15.1,10.5,2.7,92.0,1.4,24.3,12.7,11.8,1.3,0.35415223
35033,Mora County,NM,5.0,4208,0.6169,34.5,7.4,19.0,6.6,2.1,33.2,15.4,34.0,10.0,1.5,81.5,0.0,31.4,0.0,7.2,0.3,0.42674047
35035,Otero County,NM,5.0,67850,0.9294,30.9,9.6,23.2,13.4,9.2,17.0,22.3,20.5,6.3,4.5,53.1,1.3,28.8,3.7,4.9,5.4,0.39953059
35037,Quay County,NM,6.0,8641,0.8711,39.7,4.8,28.0,13.8,10.3,25.0,21.8,24.6,8.5,0.8,52.5,1.4,22.5,0.2,8.0,1.0,0.40044215
35039,Rio Arriba County,NM,5.0,40285,0.763,32.6,6.0,18.5,14.7,9.1,20.2,22.9,15.8,7.7,2.2,88.0,0.4,37.5,1.7,3.8,1.4,0.37294319
35041,Roosevelt County,NM,5.0,19142,0.951,32.6,6.6,25.4,14.3,11.5,14.8,24.2,19.6,5.6,3.1,50.7,2.1,17.6,3.2,6.2,5.8,0.41701218
35043,Sandoval County,NM,3.0,149460,0.3933,16.5,5.9,20.6,8.1,6.6,18.8,22.5,14.1,5.8,1.9,58.6,2.6,7.6,2.5,3.0,0.6,0.38753462
35045,San Juan County,NM,4.0,121798,0.9669,37.9,8.9,25.9,14.4,12.6,15.7,25.8,15.6,8.3,2.1,63.8,1.9,31.6,6.5,6.1,1.4,0.40520856
35047,San Miguel County,NM,5.0,27215,0.9854,34.5,6.9,27.0,16.5,6.4,22.9,17.0,23.5,9.1,1.6,84.6,2.4,32.6,3.7,7.3,5.2,0.38532931
35049,Santa Fe County,NM,4.0,154481,0.7633,22.1,5.4,26.5,9.3,9.8,25.9,17.1,14.0,5.6,4.1,58.0,6.1,14.2,3.0,4.2,1.8,0.40140796
35051,Sierra County,NM,6.0,11506,0.7677,36.0,4.7,26.0,9.7,4.0,35.9,16.0,30.4,4.6,1.5,38.6,4.0,42.8,0.5,7.4,2.3,0.39924881
35053,Socorro County,NM,6.0,16453,0.8972,44.9,4.4,23.1,15.3,6.7,20.0,21.8,24.0,3.3,2.7,66.8,3.5,37.2,5.3,4.9,3.8,0.37011841
35055,Taos County,NM,5.0,34475,0.6955,28.5,5.9,25.3,6.6,7.9,27.8,16.9,19.1,6.1,2.0,64.4,2.7,15.1,1.5,4.5,1.3,0.41188437
35057,Torrance County,NM,3.0,15203,0.7712,37.8,10.8,19.8,14.0,8.5,21.5,21.3,23.1,2.9,2.2,52.2,0.4,44.7,3.1,5.0,0.1,0.40396622
35059,Union County,NM,6.0,4074,0.9526,34.6,5.8,13.6,12.4,11.6,22.0,21.4,23.3,8.1,2.0,47.7,1.5,20.2,3.8,7.9,11.9,0.44943729
35061,Valencia County,NM,3.0,76613,0.8823,28.6,7.5,24.5,15.2,7.7,18.4,23.0,21.4,5.6,2.7,68.8,2.3,32.0,2.9,2.7,2.1,0.38133767
36001,Albany County,NY,3.0,315041,0.461,18.4,5.2,26.2,7.4,3.0,17.5,18.1,11.8,6.0,1.8,30.1,13.4,1.3,1.4,12.5,5.7,0.43856844
36003,Allegany County,NY,6.0,47222,0.4543,26.7,7.3,20.7,8.6,5.3,19.3,19.6,16.4,3.6,0.6,6.4,1.9,16.3,1.6,7.3,9.9,0.41969791
36005,Bronx County,NY,1.0,1443229,0.9965,38.6,11.2,48.5,25.5,7.6,13.3,24.7,15.8,14.3,14.5,91.4,67.5,0.2,12.5,60.2,3.7,0.39008352
36007,Broome County,NY,4.0,198365,0.7248,27.4,6.9,27.7,9.4,3.8,19.7,19.1,15.9,5.7,1.5,18.7,8.5,4.0,1.9,12.5,5.2,0.419043
36009,Cattaraugus County,NY,5.0,77000,0.6809,27.1,5.4,23.6,10.7,6.6,19.9,21.9,16.3,5.9,0.6,11.2,2.7,11.5,1.9,10.4,3.6,0.42765266
36011,Cayuga County,NY,5.0,76171,0.5208,23.1,4.3,25.9,11.5,4.1,20.0,19.4,14.6,5.3,0.5,11.6,7.2,9.8,1.3,10.0,5.0,0.41648966
36013,Chautauqua County,NY,5.0,127440,0.7229,27.7,5.4,25.8,10.3,5.5,20.8,20.3,17.6,5.8,1.4,14.1,5.0,6.4,1.5,11.8,4.1,0.41525927
36015,Chemung County,NY,4.0,83584,0.6093,24.1,6.3,26.1,9.8,4.3,19.6,21.0,16.1,6.4,0.6,15.2,6.0,4.5,1.1,10.2,4.8,0.39711976
36017,Chenango County,NY,6.0,47096,0.4833,22.2,7.1,21.0,11.5,3.6,21.3,20.5,18.7,4.9,0.4,6.5,2.8,20.5,1.7,8.4,1.4,0.42017388
36019,Clinton County,NY,5.0,79839,0.4445,21.4,4.7,23.1,12.1,3.3,17.8,17.9,17.3,4.5,0.4,10.3,6.0,12.3,1.2,9.5,8.3,0.42429817
36021,Columbia County,NY,5.0,61469,0.427,18.6,5.9,24.3,8.0,3.9,24.8,16.4,14.4,5.3,1.2,15.9,3.7,7.7,1.1,6.2,3.7,0.41953701
36023,Cortland County,NY,5.0,46755,0.3684,21.4,5.4,25.0,9.4,3.7,16.5,18.9,13.3,5.4,0.3,9.4,5.7,7.5,1.4,9.0,7.6,0.42261177
36025,Delaware County,NY,6.0,44637,0.5142,26.0,6.1,23.6,9.6,4.5,25.2,16.2,18.5,4.4,0.8,9.4,1.6,12.3,1.1,7.4,4.9,0.44276512
36027,Dutchess County,NY,3.0,296467,0.447,14.1,5.0,26.7,8.4,4.3,18.4,18.6,12.9,4.8,2.0,31.3,9.7,3.2,1.7,7.2,5.9,0.4335331
36029,Erie County,NY,1.0,951232,0.4913,21.8,5.0,25.8,7.8,2.9,18.5,20.1,13.7,6.0,1.8,26.4,8.5,1.5,1.3,12.1,2.7,0.427953
36031,Essex County,NY,6.0,37314,0.3516,19.8,5.1,22.9,8.4,4.1,24.8,15.9,16.7,4.3,0.5,8.1,3.0,6.0,1.1,9.4,6.0,0.45285612
36033,Franklin County,NY,6.0,47459,0.5597,26.2,5.1,21.8,13.0,6.0,18.4,20.3,17.4,4.5,0.3,16.8,3.9,10.3,1.3,11.0,9.1,0.41613317
36035,Fulton County,NY,5.0,53280,0.3977,24.2,4.3,24.7,12.5,3.6,20.2,20.0,17.1,5.3,0.2,10.4,2.8,9.2,0.7,10.0,2.4,0.40815249
36037,Genesee County,NY,5.0,58204,0.2335,17.5,4.7,23.3,7.5,3.1,19.5,20.3,15.4,4.0,0.4,10.2,3.8,5.3,1.5,9.8,1.9,0.43237388
36039,Greene County,NY,6.0,48067,0.4076,18.8,2.8,26.5,11.5,3.5,23.2,16.2,13.8,3.8,1.0,16.2,4.0,6.8,1.7,8.6,6.1,0.44552451
36041,Hamilton County,NY,6.0,5090,0.1654,20.0,4.9,19.5,14.2,4.7,32.0,13.1,17.8,3.9,0.2,7.9,0.4,11.3,0.6,2.4,4.2,0.48070019
36043,Herkimer County,NY,3.0,60293,0.2755,20.4,4.2,19.7,8.7,4.7,21.3,20.5,15.4,4.3,0.5,7.5,5.4,9.0,0.9,10.1,2.1,0.43290496
36045,Jefferson County,NY,4.0,117445,0.6653,22.1,6.4,27.4,8.4,5.4,14.2,23.8,14.6,6.0,0.6,19.7,6.6,11.3,1.8,8.5,4.3,0.41536188
36047,Kings County,NY,1.0,2679620,0.8874,28.3,7.3,36.8,16.2,6.3,14.5,22.6,10.3,7.0,11.3,63.9,43.3,0.1,10.3,55.3,1.8,0.42299739
36049,Lewis County,NY,6.0,26690,0.1925,23.1,5.2,19.9,8.8,4.3,19.6,22.9,15.0,3.9,0.3,5.4,2.1,11.5,1.2,5.6,1.5,0.47115555
36051,Livingston County,NY,2.0,61980,0.2294,18.3,4.7,23.4,7.7,3.4,18.9,17.8,13.5,4.5,0.5,10.4,4.3,9.7,0.8,6.0,8.6,0.43731928
36053,Madison County,NY,3.0,68020,0.1801,17.3,4.1,23.0,6.9,3.3,19.1,18.7,13.0,4.9,0.3,9.1,5.0,7.5,0.9,6.1,8.2,0.43219489
36055,Monroe County,NY,1.0,756406,0.5943,20.7,5.3,28.0,8.6,3.2,17.9,20.5,14.2,7.4,2.3,31.2,10.8,0.9,1.4,10.9,3.6,0.39269343
36057,Montgomery County,NY,5.0,49624,0.7881,26.8,5.9,28.0,11.2,5.6,18.8,22.9,16.5,6.7,2.1,21.6,4.5,6.9,1.6,12.8,2.3,0.42543876
36059,Nassau County,NY,2.0,1389160,0.2778,9.1,4.6,20.2,8.2,4.0,18.0,21.4,8.8,4.1,4.8,43.3,10.8,0.2,2.9,6.6,1.4,0.49325207
36061,New York County,NY,1.0,1645867,0.7283,22.2,6.8,28.7,11.5,4.6,17.3,14.3,11.1,4.8,8.0,54.4,89.7,0.1,5.4,77.9,4.2,0.41869253
36063,Niagara County,NY,2.0,212230,0.4454,20.2,5.8,23.9,8.3,2.3,19.7,19.8,15.3,6.5,0.8,16.4,7.0,3.6,1.1,10.7,1.9,0.40703964
36065,Oneida County,NY,3.0,231055,0.6828,23.6,4.4,23.6,11.1,3.4,19.2,21.3,14.6,6.7,2.7,19.7,7.7,5.4,2.1,10.6,5.1,0.42728147
36067,Onondaga County,NY,3.0,472637,0.588,21.6,5.6,25.3,8.6,3.5,17.8,21.0,13.9,6.4,1.7,24.8,13.6,1.2,1.6,12.2,4.3,0.40242127
36069,Ontario County,NY,2.0,112288,0.2682,16.0,4.0,22.0,6.7,3.3,21.0,19.5,14.5,5.1,0.8,11.8,7.2,6.9,1.2,6.5,3.4,0.43202263
36071,Orange County,NY,3.0,401237,0.7299,20.2,5.3,29.6,10.3,4.9,14.1,25.4,11.6,5.9,5.3,39.5,10.5,1.8,3.9,8.6,2.7,0.42588851
36073,Orleans County,NY,2.0,40148,0.58,22.0,6.1,26.1,13.9,5.4,18.3,19.2,15.5,6.0,1.2,14.6,2.0,9.8,1.2,7.6,6.1,0.42188925
36075,Oswego County,NY,3.0,118037,0.5962,25.4,7.3,25.8,10.2,4.2,17.1,20.7,15.0,6.3,0.4,7.8,4.1,12.4,2.2,8.5,4.0,0.40844077
36077,Otsego County,NY,5.0,59678,0.3287,21.9,5.0,23.1,7.4,5.1,21.2,15.3,14.1,4.3,0.6,10.6,2.4,10.9,1.2,7.0,9.4,0.44290841
36079,Putnam County,NY,2.0,97942,0.1187,9.2,4.4,22.1,6.7,3.5,18.3,19.5,10.2,3.8,1.9,25.3,4.1,0.7,1.7,4.1,2.7,0.52018428
36081,Queens County,NY,1.0,2360826,0.8024,20.0,7.0,33.8,17.2,8.7,16.5,19.9,9.9,5.2,14.5,76.2,36.0,0.2,9.8,36.7,1.4,0.47502467
36083,Rensselaer County,NY,3.0,160943,0.4047,17.3,5.6,23.3,7.6,3.1,17.6,19.0,14.5,6.3,0.8,19.3,10.1,2.7,1.3,10.3,3.8,0.42925596
36085,Richmond County,NY,1.0,492925,0.5956,16.5,5.4,27.8,11.3,3.9,16.6,21.7,10.3,5.5,5.9,42.0,11.6,0.3,5.3,15.2,1.4,0.48137245
36087,Rockland County,NY,2.0,337326,0.7471,23.3,6.2,28.8,11.4,4.1,15.6,28.8,9.0,4.7,7.9,38.1,12.2,1.0,6.9,9.9,2.0,0.46492949
36089,St. Lawrence County,NY,5.0,108670,0.7108,27.6,6.3,24.2,11.2,6.0,18.0,20.0,17.2,4.9,0.8,8.4,6.3,10.4,2.2,10.4,9.7,0.42871219
36091,Saratoga County,NY,3.0,236328,0.0649,11.1,3.5,20.1,6.0,2.8,18.9,19.4,11.3,4.2,0.6,11.4,9.2,6.5,1.3,4.8,1.6,0.4534871
36093,Schenectady County,NY,3.0,159447,0.4874,18.3,6.0,26.4,8.4,3.9,17.5,21.4,12.7,5.2,0.9,29.9,10.8,0.6,1.7,12.2,3.0,0.41907173
36095,Schoharie County,NY,3.0,29970,0.3172,18.0,5.3,21.3,8.9,4.2,23.0,17.4,16.8,3.4,0.2,10.1,2.9,12.5,1.9,6.3,4.4,0.44301888
36097,Schuyler County,NY,6.0,17855,0.3159,25.1,5.7,22.7,8.1,4.4,22.1,18.8,15.3,3.4,0.5,6.4,3.2,20.1,1.6,5.9,1.4,0.42161083
36099,Seneca County,NY,5.0,33651,0.5737,21.6,4.5,25.3,15.8,8.6,20.2,20.0,17.1,3.5,0.9,12.0,3.2,10.2,0.8,8.7,6.8,0.4378483
36101,Steuben County,NY,5.0,93584,0.4683,23.5,6.3,21.7,8.5,5.0,20.0,21.4,15.0,5.6,0.6,7.6,4.9,13.2,1.1,9.4,1.8,0.43117839
36103,Suffolk County,NY,2.0,1524486,0.2596,10.5,4.8,22.4,9.5,4.4,17.3,20.8,9.9,3.9,3.8,34.9,5.8,1.2,2.5,5.2,1.8,0.46316791
36105,Sullivan County,NY,5.0,78725,0.8654,24.2,7.2,29.3,13.3,5.6,18.9,21.0,15.9,6.4,3.0,31.8,3.5,8.9,2.9,9.9,6.0,0.41629636
36107,Tioga County,NY,4.0,48344,0.1505,18.7,5.6,21.3,8.0,3.4,20.9,20.4,14.7,3.5,0.3,6.4,2.8,14.8,0.5,6.5,1.2,0.40871447
36109,Tompkins County,NY,4.0,102555,0.3907,22.7,4.7,30.9,4.3,3.3,15.7,14.5,11.3,5.1,0.9,23.5,14.7,7.7,0.8,13.3,13.5,0.42550436
36111,Ulster County,NY,4.0,182153,0.5511,20.6,5.1,30.0,8.5,6.2,20.5,17.3,14.5,4.5,1.2,25.3,5.7,5.8,1.6,7.2,7.3,0.43074304
36113,Warren County,NY,4.0,65684,0.1954,16.5,4.2,24.4,8.3,3.8,23.0,17.7,15.8,3.5,0.4,7.8,5.4,4.5,1.0,8.5,1.6,0.4287267
36115,Washington County,NY,4.0,61310,0.4127,19.0,5.1,24.5,10.9,5.5,20.4,18.4,15.3,4.8,0.8,9.0,2.8,4.8,1.4,8.8,4.6,0.43055415
36117,Wayne County,NY,2.0,91324,0.3633,18.4,4.3,23.3,9.4,5.8,19.7,21.1,14.5,4.9,0.9,11.7,3.5,7.2,1.5,7.3,2.1,0.41618052
36119,Westchester County,NY,2.0,997904,0.6685,13.6,6.0,25.5,10.7,4.9,17.5,21.5,10.1,5.7,5.4,48.8,29.5,0.2,4.4,14.2,2.5,0.45155954
36121,Wyoming County,NY,6.0,40338,0.2399,18.4,4.1,20.5,12.5,4.3,19.1,19.8,13.3,4.2,0.5,11.3,2.1,8.5,1.0,7.7,6.3,0.46320558
36123,Yates County,NY,6.0,24713,0.5724,22.1,3.2,22.5,15.7,17.6,21.5,22.0,11.6,3.6,0.6,5.4,3.2,10.3,2.1,13.0,5.2,0.44382372
37001,Alamance County,NC,4.0,171779,0.7136,23.5,5.0,24.4,11.7,9.7,16.9,22.0,12.8,6.3,2.8,38.8,8.0,11.4,1.7,5.0,2.9,0.35772339
37003,Alexander County,NC,3.0,36505,0.4559,21.5,5.6,16.5,14.0,9.1,20.4,19.7,17.1,4.6,0.5,13.9,0.6,25.9,2.9,2.8,3.5,0.37784049
37005,Alleghany County,NC,6.0,10989,0.7168,34.0,5.3,21.4,17.7,13.4,28.0,16.3,17.4,3.4,1.5,13.8,1.3,15.6,3.2,5.6,1.7,0.39518493
37007,Anson County,NC,2.0,22200,0.9529,34.8,6.4,29.9,17.5,13.0,19.5,20.0,20.6,8.7,0.6,55.8,0.9,23.8,1.8,7.1,8.8,0.34016269
37009,Ashe County,NC,6.0,26759,0.4518,24.5,5.1,17.9,13.0,11.0,26.6,16.9,17.9,5.0,1.0,8.1,2.3,17.2,1.2,4.2,1.6,0.38441145
37011,Avery County,NC,6.0,17679,0.7191,25.8,5.0,18.9,13.1,14.6,22.7,13.9,19.0,4.8,0.9,12.5,8.0,11.8,2.4,4.5,17.1,0.39553407
37013,Beaufort County,NC,5.0,44711,0.8066,27.6,5.6,28.6,13.2,11.3,24.4,19.6,17.1,7.0,1.0,34.3,2.2,25.7,1.4,5.8,1.2,0.36311382
37015,Bertie County,NC,6.0,17818,0.9586,35.8,6.4,32.9,19.5,11.9,23.9,17.1,23.5,7.9,0.0,65.9,0.4,29.1,1.9,11.3,8.5,0.35930842
37017,Bladen County,NC,6.0,29807,0.8326,35.0,5.5,27.8,11.8,10.0,22.8,20.3,14.8,6.6,1.5,45.4,1.4,30.5,1.4,7.9,1.5,0.3468028
37019,Brunswick County,NC,3.0,139721,0.2275,16.3,5.0,23.3,6.5,8.8,32.7,14.5,14.9,3.2,0.4,18.6,4.0,18.8,1.5,2.4,0.7,0.35376886
37021,Buncombe County,NC,3.0,269449,0.5994,21.2,3.6,27.3,7.9,11.3,20.6,18.0,13.6,5.1,2.3,17.5,10.2,12.7,2.2,5.4,2.6,0.3780528
37023,Burke County,NC,3.0,87799,0.7079,28.2,6.0,18.3,15.2,10.8,21.0,18.2,20.4,5.3,1.2,19.1,2.1,20.2,1.9,4.6,3.2,0.359137
37025,Cabarrus County,NC,2.0,226396,0.4321,16.5,4.9,22.9,8.0,8.0,13.3,25.2,10.7,6.9,1.4,39.1,8.5,5.5,3.0,3.7,0.8,0.36076748
37027,Caldwell County,NC,3.0,80716,0.6503,26.0,5.8,18.5,18.1,11.3,20.7,19.9,18.8,6.3,0.7,13.9,3.0,17.1,2.1,4.8,1.3,0.33842838
37029,Camden County,NC,2.0,10547,0.2523,13.0,5.7,23.7,7.7,3.7,15.8,23.8,15.5,7.6,0.5,21.2,4.1,14.0,1.2,1.3,0.3,0.39407995
37031,Carteret County,NC,5.0,68353,0.3888,16.8,4.9,24.3,7.9,10.1,25.8,17.1,17.4,3.7,0.4,14.0,10.5,16.7,0.9,3.9,1.7,0.38538218
37033,Caswell County,NC,6.0,22747,0.7302,23.4,6.0,22.1,16.3,9.9,22.0,18.1,19.9,5.8,1.2,40.4,0.6,21.8,1.1,4.7,5.6,0.36721775
37035,Catawba County,NC,3.0,161011,0.6818,22.2,5.1,20.4,12.6,11.8,18.3,21.8,14.0,6.4,2.0,26.5,6.4,13.0,2.5,4.9,1.7,0.3590284
37037,Chatham County,NC,3.0,76754,0.2949,19.4,2.8,20.3,10.6,8.8,24.8,19.5,12.9,4.1,3.3,28.9,2.4,13.5,1.8,3.1,0.9,0.37106329
37039,Cherokee County,NC,6.0,28868,0.3729,29.8,4.9,22.6,8.8,16.2,30.7,16.1,18.1,3.3,0.3,9.9,0.4,19.2,0.9,4.3,1.5,0.38522056
37041,Chowan County,NC,6.0,13835,0.7394,31.8,4.3,25.6,13.4,6.6,25.6,19.6,16.5,8.9,0.8,39.8,0.5,22.1,0.5,10.2,2.0,0.36335751
37043,Clay County,NC,6.0,11186,0.4232,23.3,4.0,24.2,11.7,15.3,31.9,16.5,16.3,1.8,0.3,8.3,3.2,14.0,1.4,7.3,0.8,0.39850661
37045,Cleveland County,NC,5.0,99527,0.8524,29.6,6.4,24.9,13.2,11.2,18.7,22.1,16.2,7.5,0.7,28.5,2.6,19.5,3.4,6.5,1.7,0.33788979
37047,Columbus County,NC,6.0,50827,0.937,35.9,5.8,29.5,14.4,14.2,20.1,20.6,17.5,7.2,1.2,41.2,1.6,30.7,1.9,6.2,5.3,0.35793445
37049,Craven County,NC,5.0,101098,0.8126,24.0,5.1,26.5,9.1,9.2,19.8,21.7,15.4,7.3,1.5,35.2,4.8,14.2,2.0,5.9,4.7,0.36391279
37051,Cumberland County,NC,3.0,335207,0.943,28.1,7.9,34.5,7.7,10.8,12.5,24.9,16.7,9.9,1.4,59.0,11.1,8.5,2.8,6.9,4.8,0.348643
37053,Currituck County,NC,2.0,28616,0.0862,13.8,3.2,21.3,7.2,11.2,16.7,22.2,11.7,7.0,0.4,14.8,0.9,11.2,1.0,1.7,0.4,0.4049539
37055,Dare County,NC,5.0,37160,0.2071,13.2,5.1,24.3,5.1,11.6,23.0,18.4,10.6,3.7,1.5,14.2,4.7,4.5,2.7,1.8,0.5,0.42417055
37057,Davidson County,NC,3.0,169498,0.553,24.8,4.3,21.9,13.5,10.9,18.5,21.7,15.3,6.6,1.5,21.9,2.9,13.6,1.8,4.2,1.1,0.3534815
37059,Davie County,NC,3.0,43030,0.4057,18.0,4.6,19.0,10.2,10.2,21.4,20.9,18.1,3.6,1.2,16.7,3.3,16.5,1.8,5.0,0.8,0.3827354
37061,Duplin County,NC,6.0,49312,0.9144,31.6,5.4,22.7,19.7,14.8,19.1,23.7,17.2,6.9,7.2,49.4,1.1,33.7,3.9,5.2,0.9,0.38598624
37063,Durham County,NC,3.0,325101,0.686,20.1,4.3,28.0,9.3,11.4,13.8,20.0,9.7,6.9,4.9,57.4,21.3,1.3,2.7,7.0,4.5,0.33454528
37065,Edgecombe County,NC,4.0,49067,0.9605,35.5,8.6,28.9,14.4,11.6,20.1,22.7,16.0,10.6,0.8,64.6,1.7,23.4,2.2,10.4,1.5,0.32664955
37067,Forsyth County,NC,3.0,383739,0.8126,24.9,5.6,27.3,10.8,10.5,16.4,22.7,12.3,8.3,2.7,44.8,14.4,3.6,2.1,6.6,2.7,0.34521091
37069,Franklin County,NC,2.0,69680,0.6491,20.6,5.9,20.1,13.1,9.8,16.9,21.7,16.8,6.9,1.6,37.6,1.7,24.5,2.4,3.2,2.1,0.36211279
37071,Gaston County,NC,2.0,228972,0.65,22.3,4.9,26.2,12.4,10.2,16.4,22.3,14.7,7.0,1.5,30.5,5.7,8.3,1.9,5.4,1.3,0.34222776
37073,Gates County,NC,2.0,10509,0.4053,24.0,9.3,20.4,9.5,7.4,21.2,19.6,19.1,4.2,1.0,37.0,0.0,41.8,0.9,3.4,0.6,0.39708433
37075,Graham County,NC,6.0,8047,0.6933,21.2,7.7,19.0,15.9,17.7,23.6,20.3,19.6,5.0,1.0,14.6,1.3,27.9,1.0,6.4,1.8,0.37664011
37077,Granville County,NC,6.0,61161,0.6612,23.7,4.7,22.8,14.2,10.6,17.1,20.2,16.4,6.6,1.8,43.7,0.9,19.1,1.5,4.1,6.8,0.34870607
37079,Greene County,NC,6.0,20407,0.9863,33.0,5.5,28.2,23.9,16.9,16.5,19.1,20.5,8.2,3.1,54.2,2.6,40.4,4.0,5.5,13.3,0.34448469
37081,Guilford County,NC,3.0,539557,0.7865,24.1,5.2,28.8,9.9,9.2,15.5,21.9,11.9,8.4,2.5,51.9,14.3,2.9,2.7,6.3,4.1,0.34704563
37083,Halifax County,NC,5.0,48772,0.987,38.1,9.3,33.5,18.9,10.3,21.2,21.3,20.1,11.2,0.4,62.5,3.3,24.2,2.1,9.2,2.5,0.34762263
37085,Harnett County,NC,5.0,134718,0.7372,24.7,5.3,25.2,11.8,10.8,13.2,25.5,15.5,7.1,1.9,40.0,1.0,19.1,1.9,4.3,2.4,0.35963923
37087,Haywood County,NC,5.0,62152,0.3646,23.4,3.5,23.9,9.6,11.2,25.1,17.9,17.2,5.3,0.6,8.6,2.0,16.6,1.3,4.3,0.9,0.39143288
37089,Henderson County,NC,3.0,116469,0.4286,19.7,3.5,23.1,8.4,12.3,26.1,18.6,14.8,4.6,2.3,17.8,4.1,15.0,1.5,3.7,1.2,0.39935151
37091,Hertford County,NC,6.0,21633,0.9427,35.4,7.2,31.4,16.1,10.8,20.4,17.9,20.9,7.7,0.6,67.7,1.3,22.0,1.3,9.0,9.7,0.33800054
37093,Hoke County,NC,3.0,52612,0.8909,25.8,6.4,29.8,11.1,11.0,11.0,27.1,18.1,7.8,2.3,62.2,1.6,21.1,2.4,5.2,2.2,0.31604886
37095,Hyde County,NC,6.0,4636,0.874,37.0,8.7,34.8,19.0,13.8,23.4,19.7,18.8,6.0,1.9,43.1,0.0,22.2,0.0,2.2,13.7,0.38218826
37097,Iredell County,NC,2.0,187839,0.3773,16.3,4.6,20.9,9.1,9.3,16.3,22.5,11.8,6.1,1.8,25.5,6.2,12.2,2.2,3.3,0.8,0.35314107
37099,Jackson County,NC,6.0,42388,0.7862,29.2,5.9,23.1,10.7,15.1,20.4,16.6,13.2,5.2,2.0,20.3,5.1,16.3,3.0,4.8,8.3,0.3944768
37101,Johnston County,NC,2.0,219042,0.5294,19.3,3.7,22.8,10.5,11.2,13.6,24.9,12.8,6.1,2.6,35.2,3.4,14.8,2.9,4.1,0.8,0.3823956
37103,Jones County,NC,5.0,9263,0.6736,30.7,4.8,22.8,14.2,12.5,23.2,18.5,20.5,4.2,0.1,38.0,1.2,32.1,1.4,7.8,1.5,0.38130593
37105,Lee County,NC,5.0,63560,0.8953,27.0,5.2,25.6,14.9,13.7,16.8,23.8,17.4,8.6,5.4,42.8,4.3,14.2,3.3,4.0,1.6,0.3518683
37107,Lenoir County,NC,5.0,55071,0.9984,36.9,7.1,29.3,17.9,10.8,20.9,22.4,23.4,10.3,1.9,51.8,4.5,22.2,3.2,8.6,2.3,0.3410942
37109,Lincoln County,NC,2.0,87933,0.2517,15.9,4.4,18.6,10.2,8.5,18.6,20.8,15.2,4.3,1.2,16.7,2.1,17.4,2.4,3.4,0.8,0.35843003
37111,McDowell County,NC,5.0,44629,0.7518,26.5,5.5,16.6,13.8,12.6,20.6,19.6,19.1,5.9,1.2,13.3,1.8,27.9,2.4,6.4,3.2,0.36498478
37113,Macon County,NC,6.0,37088,0.4906,27.4,3.5,21.9,10.5,15.5,28.8,17.8,16.9,3.8,2.4,12.2,1.3,15.4,1.3,6.4,0.9,0.41127616
37115,Madison County,NC,3.0,21414,0.35,22.8,1.7,21.0,11.1,9.0,22.9,17.6,18.5,4.0,0.0,7.2,1.8,23.3,2.4,4.5,4.6,0.38602084
37117,Martin County,NC,6.0,21992,0.9306,30.0,9.6,27.2,18.0,8.2,24.3,20.3,20.9,7.6,1.1,48.8,2.7,23.3,1.9,9.3,0.7,0.35411215
37119,Mecklenburg County,NC,1.0,1115403,0.6115,18.3,4.5,28.8,9.1,11.5,11.6,23.0,8.1,7.6,4.9,54.9,24.6,1.4,2.5,5.6,1.3,0.35238239
37121,Mitchell County,NC,6.0,14989,0.5689,20.9,6.3,19.6,10.2,10.6,25.1,18.2,18.6,5.3,0.6,8.9,2.2,17.7,1.1,8.4,2.6,0.4028275
37123,Montgomery County,NC,6.0,25839,0.7741,27.1,3.1,18.1,16.1,13.9,21.2,21.2,18.0,7.5,3.5,37.5,0.3,25.2,2.4,4.4,3.5,0.35185879
37125,Moore County,NC,4.0,100759,0.3306,16.4,4.6,21.1,7.2,8.3,24.1,21.5,14.3,4.1,1.8,23.7,3.6,11.7,1.2,4.2,1.3,0.37288934
37127,Nash County,NC,4.0,95015,0.8902,24.5,6.4,26.3,13.4,11.6,18.8,21.9,15.1,7.7,1.2,52.2,3.9,16.4,3.1,6.9,2.0,0.35913834
37129,New Hanover County,NC,3.0,228134,0.4289,21.4,4.8,30.5,6.5,10.5,18.5,18.0,12.0,4.9,1.1,23.3,16.7,2.3,0.9,6.3,2.9,0.35739514
37131,Northampton County,NC,5.0,17528,0.8906,32.3,7.6,27.8,16.5,11.2,27.6,17.6,19.0,5.2,0.3,61.1,0.6,25.7,1.7,8.1,4.3,0.35076511
37133,Onslow County,NC,4.0,203686,0.7948,25.0,6.4,31.6,8.0,10.3,9.6,24.3,16.3,7.6,0.9,34.8,6.9,13.1,1.7,3.8,10.1,0.37728947
37135,Orange County,NC,3.0,145919,0.3945,18.0,3.9,26.2,6.6,6.3,15.4,19.2,8.3,4.6,2.7,31.5,15.3,6.6,2.3,4.7,8.0,0.38099831
37137,Pamlico County,NC,5.0,12317,0.5616,25.1,4.6,24.0,10.0,9.3,30.3,14.5,20.9,2.4,1.3,26.1,0.9,22.9,0.3,4.8,6.8,0.36943883
37139,Pasquotank County,NC,5.0,40454,0.7626,21.1,5.8,29.4,10.3,10.7,17.6,21.6,15.1,7.3,1.1,46.3,4.5,14.2,0.6,6.2,5.8,0.3657693
37141,Pender County,NC,3.0,61592,0.5606,18.8,6.4,21.5,9.8,9.3,18.0,22.1,16.0,5.0,1.1,26.0,3.3,22.9,2.4,3.1,1.9,0.35985082
37143,Perquimans County,NC,6.0,13053,0.5921,22.5,5.0,24.9,13.6,10.7,28.1,18.6,20.9,6.8,0.2,29.4,1.6,24.6,1.4,4.0,0.7,0.38317636
37145,Person County,NC,3.0,39131,0.5393,24.8,3.7,24.5,11.6,8.4,20.3,20.6,20.2,6.1,0.4,34.4,1.1,19.6,1.6,5.2,1.2,0.35436106
37147,Pitt County,NC,4.0,171196,0.9001,29.9,7.5,30.6,9.8,10.1,14.1,21.2,14.8,9.2,1.4,46.9,15.0,10.9,2.0,9.2,3.8,0.34700641
37149,Polk County,NC,6.0,19538,0.3583,19.6,4.3,20.1,7.2,9.9,31.7,15.7,18.1,3.5,0.9,14.5,3.6,12.7,2.0,3.7,1.7,0.39557654
37151,Randolph County,NC,3.0,144403,0.6475,25.3,3.9,21.4,16.0,12.9,18.0,22.2,17.2,5.6,2.6,22.6,2.9,20.2,2.3,3.7,1.1,0.36547449
37153,Richmond County,NC,5.0,43149,0.986,36.7,9.6,30.1,17.3,10.3,17.9,23.3,16.2,11.2,1.0,44.4,2.4,20.5,3.7,10.7,2.9,0.3423534
37155,Robeson County,NC,5.0,117573,0.9962,41.9,6.4,26.3,21.6,14.5,15.7,24.9,17.0,10.4,2.2,75.7,2.0,37.4,4.2,8.0,3.0,0.32095239
37157,Rockingham County,NC,3.0,91209,0.8514,28.5,6.5,24.5,16.4,10.0,20.8,20.1,17.6,6.8,1.4,28.9,5.0,17.5,1.6,7.0,1.5,0.34036407
37159,Rowan County,NC,2.0,147067,0.8435,26.1,6.3,22.7,12.6,10.8,17.7,22.0,15.5,6.6,2.4,29.6,3.7,17.1,2.8,5.9,3.0,0.34288377
37161,Rutherford County,NC,5.0,64680,0.8072,30.0,6.0,20.5,14.1,11.9,21.7,20.2,21.2,6.9,0.7,18.1,1.3,18.2,3.1,6.0,2.0,0.35316601
37163,Sampson County,NC,6.0,59317,0.9459,31.9,5.7,24.2,17.4,15.8,18.1,24.2,14.1,6.4,4.5,50.2,2.4,35.4,4.1,5.1,2.2,0.35913044
37165,Scotland County,NC,5.0,34222,0.9959,40.2,10.8,28.2,17.8,12.3,18.0,22.7,16.7,10.6,0.7,58.8,2.1,27.5,5.3,11.5,6.4,0.31078675
37167,Stanly County,NC,5.0,62723,0.6631,23.9,4.3,21.4,14.0,11.2,18.9,21.5,17.1,6.5,1.4,20.3,0.6,11.2,2.8,5.4,3.4,0.38184449
37169,Stokes County,NC,3.0,44696,0.4324,21.9,5.3,21.2,12.5,8.6,21.9,18.5,19.8,6.0,0.2,10.2,1.0,23.6,2.6,2.8,1.2,0.38126951
37171,Surry County,NC,5.0,71429,0.8005,29.3,4.9,21.5,18.0,12.6,20.6,21.0,19.0,5.9,2.1,17.4,2.9,23.1,2.2,5.1,1.5,0.37988111
37173,Swain County,NC,6.0,14130,0.901,30.0,7.5,18.4,14.9,24.0,19.2,22.6,17.9,8.2,0.5,40.5,0.2,23.9,4.7,8.9,2.4,0.41320318
37175,Transylvania County,NC,5.0,33131,0.4773,20.5,4.0,21.2,6.2,13.6,31.0,15.5,14.9,5.7,0.6,10.2,2.8,14.0,2.6,4.6,3.6,0.37550288
37177,Tyrrell County,NC,6.0,3389,0.854,25.7,3.9,26.6,22.7,12.3,22.4,17.1,19.9,5.7,1.7,42.9,0.0,30.6,1.3,7.6,19.8,0.38698328
37179,Union County,NC,2.0,240109,0.2008,12.8,4.3,17.9,9.6,8.8,13.1,26.0,9.2,5.2,2.6,30.3,1.7,5.0,2.4,2.7,1.1,0.38647729
37181,Vance County,NC,5.0,42492,0.9672,30.8,7.0,29.6,15.3,12.5,18.7,23.7,18.3,11.0,1.4,61.8,2.0,23.4,2.0,7.8,1.6,0.32367244
37183,Wake County,NC,1.0,1132103,0.3621,13.9,4.2,23.3,6.0,8.3,12.2,23.4,8.8,6.1,2.5,41.7,18.7,2.7,2.0,4.0,1.9,0.38944823
37185,Warren County,NC,6.0,18803,0.9879,38.6,9.9,27.9,14.6,11.2,26.3,18.0,22.0,9.3,1.0,62.2,1.1,35.1,1.9,10.4,4.7,0.3630234
37187,Washington County,NC,6.0,11051,0.8603,35.0,12.7,30.5,14.2,8.7,26.0,20.2,23.6,9.6,0.0,56.9,0.6,23.3,0.1,18.2,1.3,0.36206496
37189,Watauga County,NC,5.0,54540,0.4238,34.5,9.3,33.6,7.5,9.4,16.2,12.1,11.1,2.7,0.7,8.9,11.4,7.9,1.3,3.4,10.6,0.41392443
37191,Wayne County,NC,4.0,117480,0.9564,29.9,5.0,27.9,14.3,12.2,16.6,23.4,15.6,8.1,3.5,48.4,4.3,22.7,3.0,7.0,2.5,0.36100566
37193,Wilkes County,NC,5.0,66125,0.707,28.3,6.0,20.5,18.5,11.7,22.3,20.0,19.0,5.3,0.6,13.5,3.0,24.0,1.4,5.7,1.4,0.38364351
37195,Wilson County,NC,5.0,78667,0.952,35.0,6.6,28.5,16.6,12.0,18.9,22.8,14.8,7.9,1.7,54.6,2.8,14.4,2.5,9.2,1.8,0.34435967
37197,Yadkin County,NC,3.0,37280,0.6233,26.0,5.2,21.3,13.5,12.2,20.6,20.6,15.6,4.6,1.6,17.1,2.5,21.8,2.9,4.6,1.0,0.37785372
37199,Yancey County,NC,6.0,18538,0.5307,25.7,7.6,20.3,11.5,10.1,26.2,18.5,18.4,5.3,0.8,8.0,2.0,17.6,1.9,4.2,0.9,0.40745878
38001,Adams County,ND,6.0,2190,0.2052,18.9,0.7,18.2,6.7,10.2,27.7,22.2,13.1,4.0,0.0,7.9,9.9,5.7,0.0,7.1,3.8,0.60065281
38003,Barnes County,ND,6.0,10826,0.1842,19.0,3.3,20.4,5.0,6.2,22.6,20.0,13.1,4.7,0.1,10.0,13.4,6.2,0.4,5.6,5.7,0.54493958
38005,Benson County,ND,6.0,5960,0.7426,39.3,2.2,15.9,12.8,8.0,14.0,35.1,13.2,13.8,1.6,60.1,3.0,16.8,10.1,9.2,0.3,0.40901139
38007,Billings County,ND,5.0,839,0.0095,13.8,2.1,9.7,4.8,5.5,25.3,20.1,7.7,1.9,0.0,1.4,1.8,15.6,0.0,3.8,3.0,0.6664331
38009,Bottineau County,ND,6.0,6411,0.111,13.1,3.5,12.8,7.3,8.0,24.6,21.7,13.6,4.2,0.0,9.9,2.9,8.5,1.5,2.2,4.5,0.60787606
38011,Bowman County,ND,6.0,2975,0.2421,16.4,4.1,9.1,11.0,10.3,23.0,25.1,10.8,3.1,1.8,8.1,2.5,9.8,1.3,1.6,2.6,0.67527407
38013,Burke County,ND,6.0,2184,0.0363,11.4,2.0,9.4,8.1,3.8,21.4,24.7,12.2,1.2,0.7,7.1,3.3,7.2,1.9,1.3,0.2,0.60976744
38015,Burleigh County,ND,4.0,98443,0.1963,12.5,2.7,19.5,5.1,4.7,17.0,23.3,11.3,5.9,0.3,13.6,17.9,7.6,1.6,5.7,3.7,0.52847904
38017,Cass County,ND,3.0,186328,0.2485,17.0,2.8,24.0,4.4,5.9,12.5,22.2,10.0,5.0,1.0,16.6,36.2,2.4,2.2,6.0,3.1,0.50574797
38019,Cavalier County,ND,6.0,3691,0.0955,15.5,0.9,18.4,6.7,5.9,28.2,22.5,10.7,4.1,0.7,6.9,5.1,3.5,0.0,4.6,2.9,0.60872591
38021,Dickey County,ND,6.0,5003,0.146,18.3,3.1,17.6,8.6,8.6,19.1,25.0,11.9,5.5,0.0,11.0,2.6,4.1,1.4,1.6,5.9,0.55667686
38023,Divide County,ND,6.0,2195,0.2768,18.4,3.2,8.4,9.6,9.5,24.1,24.1,11.0,4.0,0.2,14.3,2.6,8.5,2.2,4.6,4.2,0.59494144
38025,Dunn County,ND,5.0,4049,0.4104,11.5,2.4,14.6,9.4,18.4,17.7,23.8,14.9,4.2,2.7,21.7,4.3,25.6,1.8,1.9,2.8,0.65396267
38027,Eddy County,ND,6.0,2345,0.4082,29.6,2.3,17.1,8.0,6.0,27.7,21.6,20.0,3.9,0.2,9.6,7.3,5.9,1.4,7.4,4.1,0.54212493
38029,Emmons County,ND,6.0,3297,0.0506,16.4,1.4,19.6,10.5,6.9,28.1,19.5,12.5,1.2,0.0,4.7,2.8,10.3,0.7,3.3,2.2,0.59721714
38031,Foster County,ND,6.0,3388,0.0127,15.5,0.2,15.0,5.7,3.8,23.7,21.9,11.1,2.8,0.2,5.4,1.7,4.2,0.0,4.6,3.4,0.5554049
38033,Golden Valley County,ND,6.0,1734,0.1982,20.7,5.4,11.0,5.3,2.0,23.7,21.1,20.0,5.3,0.0,14.2,5.6,1.9,0.0,5.6,3.4,0.66217667
38035,Grand Forks County,ND,4.0,72927,0.3198,21.9,3.4,28.6,4.4,5.7,13.5,20.9,9.4,5.1,0.5,17.5,31.7,4.2,2.3,5.7,6.2,0.49149635
38037,Grant County,ND,6.0,2320,0.2097,25.1,2.9,19.8,8.2,4.7,29.3,22.3,13.2,2.3,0.5,8.0,1.8,17.0,1.6,3.8,2.2,0.66699821
38039,Griggs County,ND,6.0,2309,0.0407,14.6,1.2,13.1,8.8,3.7,29.9,20.9,11.8,3.9,0.3,4.1,7.2,2.3,0.0,3.9,3.9,0.57689691
38041,Hettinger County,ND,6.0,2477,0.1495,17.0,4.2,18.6,12.0,8.9,25.9,19.0,18.6,4.1,0.0,7.8,0.6,7.0,0.6,2.1,6.7,0.6242677
38043,Kidder County,ND,6.0,2391,0.0321,20.1,1.0,17.1,10.0,4.7,26.6,23.3,10.6,1.5,0.0,8.9,0.0,21.1,1.3,0.3,0.0,0.60461605
38045,LaMoure County,ND,6.0,4135,0.0305,17.8,1.7,11.1,9.8,6.2,26.8,21.9,11.6,2.9,0.1,4.2,0.3,2.5,1.4,3.4,3.6,0.63800502
38047,Logan County,ND,6.0,1849,0.0754,22.4,1.3,16.6,8.8,3.0,27.0,22.1,11.9,1.5,1.3,6.1,1.1,4.4,1.4,1.3,4.4,0.62273419
38049,McHenry County,ND,4.0,5326,0.0907,17.4,4.4,15.2,9.5,6.2,21.6,23.8,13.4,3.2,0.1,5.3,2.6,9.7,0.2,5.0,1.4,0.58257997
38051,McIntosh County,ND,6.0,2529,0.1368,19.8,0.5,14.6,12.4,7.0,30.8,18.2,12.4,2.0,1.0,7.1,0.9,5.5,0.8,7.1,4.3,0.60909241
38053,McKenzie County,ND,6.0,14081,0.468,25.4,1.7,18.6,7.3,15.7,8.9,32.0,9.8,3.4,1.2,24.7,23.2,17.5,8.9,2.5,2.0,0.60262334
38055,McLean County,ND,6.0,9781,0.0662,11.6,1.4,15.1,6.8,4.8,24.6,21.8,11.3,4.7,0.5,12.3,2.2,9.1,1.7,3.3,1.7,0.56205195
38057,Mercer County,ND,6.0,8366,0.3296,19.0,2.7,15.8,10.5,11.7,21.2,22.7,13.5,3.3,1.7,9.2,6.4,13.3,2.0,2.3,2.1,0.58996195
38059,Morton County,ND,4.0,33192,0.0519,14.0,2.0,19.4,6.4,5.5,16.5,23.4,8.1,4.3,0.2,12.2,10.4,10.6,0.7,2.5,2.0,0.54831564
38061,Mountrail County,ND,6.0,9648,0.7156,24.0,3.5,13.3,11.1,17.2,12.4,28.4,13.9,7.8,1.8,43.0,6.4,21.5,5.0,4.8,1.2,0.61619556
38063,Nelson County,ND,6.0,3025,0.0468,15.6,1.2,13.6,6.0,5.9,27.4,20.6,18.4,2.0,0.4,8.2,1.4,3.8,1.1,2.4,3.1,0.59424508
38065,Oliver County,ND,4.0,1832,0.0808,16.1,2.9,13.8,5.4,4.4,25.0,25.7,10.3,4.7,0.4,8.1,0.8,13.4,2.4,4.2,0.1,0.63653177
38067,Pembina County,ND,6.0,6853,0.1206,17.8,4.3,18.4,7.9,6.9,24.8,21.1,12.6,3.8,0.3,10.4,4.2,6.3,0.3,2.3,2.9,0.54726171
38069,Pierce County,ND,6.0,3999,0.1155,17.5,1.0,19.4,6.8,7.3,24.6,22.0,9.8,6.2,0.5,7.2,2.2,5.3,0.5,3.2,3.9,0.55975586
38071,Ramsey County,ND,6.0,11613,0.4747,23.1,0.8,18.4,7.3,10.3,21.5,24.1,17.4,4.0,0.3,18.1,12.1,7.6,0.9,8.0,4.2,0.47914943
38073,Ransom County,ND,6.0,5663,0.0935,15.3,2.9,16.9,9.1,5.0,21.2,22.0,12.6,2.8,0.1,10.1,7.8,7.1,0.5,4.1,4.5,0.57022041
38075,Renville County,ND,4.0,2282,0.0245,12.1,2.3,15.7,8.8,4.4,19.2,24.1,10.2,3.5,0.0,4.3,0.2,14.8,1.6,3.4,2.4,0.59162003
38077,Richland County,ND,5.0,16548,0.2459,19.4,2.5,19.3,6.5,5.9,19.0,21.8,12.1,6.0,0.2,10.3,15.3,3.7,1.3,7.2,8.4,0.5371114
38079,Rolette County,ND,6.0,12292,0.8934,36.8,6.4,16.4,14.6,26.4,12.4,33.1,17.2,13.4,0.1,82.4,2.7,19.6,8.3,8.5,1.3,0.40783581
38081,Sargent County,ND,6.0,3828,0.0251,10.4,1.5,9.6,5.8,3.7,22.6,20.7,12.9,5.2,0.3,9.1,6.1,8.7,0.3,2.5,1.3,0.55937701
38083,Sheridan County,ND,6.0,1338,0.0073,14.8,0.8,14.1,9.6,6.5,33.5,15.2,12.0,3.0,0.2,4.3,2.8,9.4,0.0,2.2,0.1,0.55257165
38085,Sioux County,ND,6.0,3896,0.9176,54.1,20.7,20.8,14.1,28.0,8.1,35.8,16.2,15.4,0.1,87.9,1.8,12.2,10.5,13.4,1.3,0.29265299
38087,Slope County,ND,6.0,837,0.0134,17.0,4.5,16.0,8.4,1.9,27.0,20.0,17.9,0.3,0.0,4.4,0.2,14.4,0.0,1.1,0.0,0.634036
38089,Stark County,ND,5.0,32989,0.3112,16.4,2.9,20.7,8.1,7.9,13.3,27.3,10.2,3.6,0.7,13.8,20.4,7.8,3.0,5.2,2.5,0.61402977
38091,Steele County,ND,6.0,1774,0.0299,19.2,2.2,9.8,3.8,5.2,26.4,21.9,8.7,3.1,0.2,3.8,2.2,10.2,5.2,0.7,0.0,0.59993035
38093,Stutsman County,ND,5.0,21609,0.4419,21.6,4.7,25.8,8.3,7.3,19.9,20.2,18.0,3.4,0.5,8.8,14.7,8.4,0.6,5.2,8.7,0.51168531
38095,Towner County,ND,6.0,2152,0.2297,25.2,1.6,19.5,14.6,9.5,22.5,23.0,14.7,1.0,1.8,14.7,1.9,4.3,0.0,3.3,1.4,0.59718144
38097,Traill County,ND,6.0,8004,0.0697,13.9,2.0,16.4,6.3,5.4,19.6,22.3,11.3,3.6,0.3,9.5,8.4,2.4,0.4,5.8,5.8,0.54037279
38099,Walsh County,ND,6.0,10553,0.3385,19.3,2.3,17.4,13.1,7.5,21.6,23.2,13.5,3.3,1.1,16.8,5.3,7.8,1.1,4.8,4.1,0.52311653
38101,Ward County,ND,4.0,69532,0.2571,13.9,3.7,22.3,5.9,6.1,13.3,23.9,12.2,3.5,0.7,18.7,19.3,8.0,2.6,4.3,2.7,0.51160455
38103,Wells County,ND,6.0,3990,0.2437,19.7,1.8,20.1,8.9,5.4,25.1,22.4,12.4,6.0,0.0,5.0,4.8,5.3,2.0,6.2,2.7,0.56083184
38105,Williams County,ND,5.0,39076,0.5062,13.9,2.5,18.9,9.2,12.4,9.6,29.5,10.4,7.4,1.0,23.2,33.9,7.3,6.3,6.5,1.4,0.58593506
39001,Adams County,OH,6.0,27509,0.6516,32.4,5.8,25.0,15.0,8.5,18.2,23.9,23.0,6.9,0.0,4.2,0.9,22.9,1.4,7.8,1.3,0.39219898
39003,Allen County,OH,4.0,102087,0.5673,21.5,6.1,21.6,8.0,6.2,18.4,23.4,16.1,7.8,0.3,20.2,5.9,3.9,1.6,7.5,3.4,0.38553444
39005,Ashland County,OH,5.0,52522,0.3096,20.9,3.7,19.6,10.1,8.2,19.6,22.4,14.6,3.2,0.6,5.4,3.8,4.8,2.0,6.9,3.3,0.41905248
39007,Ashtabula County,OH,2.0,97666,0.8247,30.0,7.6,26.5,13.4,10.0,19.6,21.8,17.2,6.3,0.6,12.5,4.5,8.7,1.7,8.5,3.4,0.39432999
39009,Athens County,OH,5.0,61276,0.5772,34.8,5.7,30.9,8.3,6.0,14.3,14.9,17.3,4.1,0.7,10.6,9.5,13.8,1.4,6.7,12.9,0.37717372
39011,Auglaize County,OH,5.0,46263,0.0261,12.4,2.9,15.4,6.6,4.2,18.8,23.7,12.2,5.2,0.2,5.2,3.6,3.8,1.5,3.6,1.1,0.46121737
39013,Belmont County,OH,4.0,66554,0.3067,22.7,6.0,17.7,8.5,6.5,21.1,18.7,16.1,4.9,0.2,8.3,4.6,6.2,0.7,6.9,5.6,0.45004305
39015,Brown County,OH,2.0,43715,0.3691,24.6,4.4,22.4,12.5,6.5,18.5,22.8,17.0,5.9,0.1,4.1,1.7,14.9,1.8,5.9,1.3,0.39379054
39017,Butler County,OH,2.0,388327,0.4346,18.8,5.1,22.5,8.8,6.3,15.4,23.3,12.1,6.4,2.1,22.1,9.3,2.4,1.5,4.9,2.7,0.38046479
39019,Carroll County,OH,3.0,26761,0.3255,21.4,3.9,17.8,11.1,10.5,21.8,20.5,17.6,5.4,0.6,5.0,0.4,12.3,1.6,7.0,1.5,0.44049466
39021,Champaign County,OH,5.0,38715,0.1123,15.9,4.5,19.5,8.6,4.9,18.8,22.1,13.8,5.7,0.1,7.6,2.8,6.2,1.1,4.9,1.7,0.4016898
39023,Clark County,OH,4.0,135877,0.6627,24.5,6.8,22.7,11.0,6.9,19.9,22.4,17.2,7.4,0.7,16.9,6.0,4.1,1.4,7.1,2.0,0.35597235
39025,Clermont County,OH,2.0,208851,0.1479,15.2,4.1,20.9,8.6,5.6,17.4,22.5,14.5,5.0,0.3,8.0,11.5,5.1,1.5,4.8,0.9,0.39157823
39027,Clinton County,OH,5.0,42077,0.3038,24.0,4.7,19.7,8.9,5.7,17.7,22.8,16.2,6.3,0.4,7.4,4.6,6.5,1.3,4.0,2.9,0.38194147
39029,Columbiana County,OH,5.0,101723,0.4162,22.7,4.9,20.0,10.2,7.4,20.9,20.2,17.3,6.0,0.1,7.2,3.5,8.1,1.3,7.2,3.4,0.41015649
39031,Coshocton County,OH,5.0,36629,0.6351,27.9,6.1,20.4,15.5,10.3,19.5,23.7,16.8,6.2,0.4,5.2,3.0,14.2,1.3,9.7,1.2,0.40520233
39033,Crawford County,OH,5.0,41861,0.3856,25.8,5.5,21.6,10.1,6.7,20.6,21.9,16.4,7.0,0.6,5.6,2.9,3.6,1.4,5.5,1.2,0.39984983
39035,Cuyahoga County,OH,1.0,1256620,0.7305,24.8,7.2,28.8,9.1,5.5,18.7,20.5,15.1,7.6,1.8,42.4,19.7,0.5,1.2,12.3,2.2,0.37082997
39037,Darke County,OH,5.0,51751,0.0961,22.5,2.6,19.0,8.9,6.9,20.0,23.6,13.5,4.9,0.2,4.7,2.0,4.2,1.1,5.0,1.1,0.44691762
39039,Defiance County,OH,5.0,38300,0.2529,18.1,4.9,17.2,8.0,6.9,19.0,22.7,13.9,6.5,0.9,14.7,3.3,4.1,1.3,5.1,1.5,0.42485106
39041,Delaware County,OH,2.0,216074,0.0239,7.1,3.0,15.3,2.8,4.4,14.4,25.4,8.2,5.0,0.8,18.2,7.8,1.9,0.8,2.6,1.0,0.4179261
39043,Erie County,OH,4.0,75299,0.4015,18.9,6.1,21.3,8.1,5.5,22.5,20.0,15.2,7.5,0.4,18.8,7.1,2.5,0.8,5.9,2.3,0.39445868
39045,Fairfield County,OH,2.0,159371,0.196,15.4,3.7,22.3,6.1,6.0,16.2,23.8,14.2,5.6,0.9,16.9,5.0,2.0,1.4,4.0,1.9,0.40479314
39047,Fayette County,OH,5.0,28901,0.3913,25.4,4.3,21.8,15.0,7.9,17.7,23.4,19.6,6.0,0.2,8.7,2.1,3.4,1.3,6.6,1.2,0.36114526
39049,Franklin County,OH,1.0,1318149,0.6497,22.3,4.7,27.7,8.5,8.0,12.5,23.1,11.5,7.9,2.6,39.5,16.2,0.9,2.3,7.1,2.1,0.35954931
39051,Fulton County,OH,3.0,42602,0.0585,15.6,3.5,16.7,6.1,5.7,18.5,23.3,14.6,4.7,0.9,12.1,2.1,5.5,1.1,2.5,1.0,0.44855109
39053,Gallia County,OH,5.0,29276,0.601,28.6,4.1,21.1,13.7,11.0,19.2,23.3,19.1,4.0,0.1,7.4,1.5,23.5,2.0,9.1,2.4,0.38476962
39055,Geauga County,OH,2.0,95455,0.0961,11.4,3.1,15.7,8.9,8.1,21.3,22.4,9.9,2.6,0.6,6.3,2.6,3.3,1.7,8.9,1.1,0.46179065
39057,Greene County,OH,3.0,167567,0.1658,16.3,4.6,21.5,5.8,5.2,17.8,20.6,13.6,5.0,0.4,17.7,9.7,1.0,1.0,4.5,4.5,0.39098755
39059,Guernsey County,OH,5.0,38409,0.5352,26.2,4.6,23.1,13.8,9.7,19.8,22.1,17.5,6.7,0.1,6.7,3.2,11.3,1.6,6.9,1.3,0.41017362
39061,Hamilton County,OH,1.0,827671,0.5908,22.1,5.0,27.2,7.9,5.6,16.0,22.8,12.2,8.1,1.2,36.1,17.7,0.8,1.5,10.4,2.2,0.35728714
39063,Hancock County,OH,5.0,75072,0.1604,17.7,3.7,20.2,6.2,4.8,17.9,21.9,12.8,5.6,0.6,12.1,6.8,5.8,0.8,4.9,2.5,0.41571629
39065,Hardin County,OH,6.0,30622,0.5177,26.6,4.7,20.5,8.4,12.4,16.0,23.0,13.1,6.0,0.3,6.4,2.5,11.5,2.0,8.2,6.6,0.41803193
39067,Harrison County,OH,6.0,14528,0.5262,23.5,4.5,21.6,11.8,12.9,22.5,20.8,17.1,5.9,0.1,6.1,0.7,15.1,2.4,7.3,1.9,0.45762932
39069,Henry County,OH,6.0,27601,0.0977,17.7,4.5,16.8,7.0,5.4,19.0,23.3,12.9,4.8,0.6,11.6,2.5,7.4,0.5,3.7,1.5,0.43026096
39071,Highland County,OH,6.0,43285,0.4763,24.8,4.4,21.0,15.0,9.1,18.4,23.8,17.5,3.5,0.4,5.4,1.7,12.7,2.2,8.8,1.3,0.38546002
39073,Hocking County,OH,2.0,28104,0.4976,28.9,4.7,20.6,12.1,7.0,19.1,21.6,17.8,8.5,0.7,5.4,1.8,18.5,2.4,4.1,1.1,0.3772597
39075,Holmes County,OH,6.0,44273,0.3923,17.4,2.0,17.7,42.4,41.8,14.0,30.3,7.8,2.2,1.2,2.4,2.2,6.0,4.0,31.3,1.9,0.49072292
39077,Huron County,OH,5.0,58518,0.301,19.1,4.4,20.4,9.8,6.9,17.9,23.8,15.4,7.3,0.5,11.2,3.4,7.3,1.2,4.5,1.4,0.41689321
39079,Jackson County,OH,6.0,32563,0.5663,26.5,5.9,22.4,12.9,7.3,17.6,23.5,21.6,5.4,0.1,4.5,1.6,18.6,3.7,7.0,1.0,0.38034827
39081,Jefferson County,OH,4.0,65280,0.433,26.6,5.5,21.2,7.4,4.9,21.9,19.3,17.3,5.8,0.2,10.5,5.7,5.7,0.8,8.6,3.5,0.39747748
39083,Knox County,OH,5.0,62657,0.2822,21.3,3.3,19.9,8.5,10.4,18.5,22.8,13.8,5.6,0.5,6.2,1.5,3.8,1.7,6.0,5.4,0.42708007
39085,Lake County,OH,2.0,232236,0.1438,13.4,4.4,21.2,6.4,5.2,20.7,19.6,13.5,5.0,1.3,13.9,10.9,1.9,1.1,4.4,1.2,0.4290207
39087,Lawrence County,OH,3.0,57994,0.3672,27.9,3.8,24.2,10.6,4.9,18.7,21.8,23.2,7.1,0.1,5.9,2.1,16.6,1.1,5.5,1.1,0.38641745
39089,Licking County,OH,2.0,178844,0.2256,17.0,3.3,20.9,6.8,5.3,16.9,22.9,15.2,6.1,0.7,12.8,4.1,4.6,1.6,5.2,2.0,0.39122725
39091,Logan County,OH,5.0,46098,0.1578,20.7,3.5,18.0,7.0,5.1,18.7,22.9,13.5,6.4,0.1,7.6,2.9,10.4,2.2,5.4,1.0,0.40209234
39093,Lorain County,OH,2.0,313101,0.4499,20.1,4.4,24.3,8.8,5.6,19.0,21.7,14.1,6.7,1.1,23.4,8.3,2.1,1.2,5.7,2.7,0.37649828
39095,Lucas County,OH,3.0,430014,0.678,26.4,6.8,26.3,9.1,5.9,16.7,22.8,15.3,8.3,0.6,32.9,12.1,2.3,1.3,8.6,2.1,0.36965272
39097,Madison County,OH,2.0,43961,0.195,15.3,3.4,18.7,11.2,6.8,15.8,20.1,15.0,6.9,0.9,12.9,3.0,4.8,0.9,3.0,10.8,0.39949957
39099,Mahoning County,OH,3.0,227979,0.6179,26.1,7.2,23.7,8.6,5.0,21.6,20.2,16.2,7.1,0.8,25.4,7.9,1.6,0.9,8.1,2.8,0.39553118
39101,Marion County,OH,5.0,65366,0.6443,26.8,5.7,24.4,10.5,5.6,18.2,21.1,18.3,7.4,0.5,13.0,5.7,4.5,1.3,7.6,8.1,0.37055796
39103,Medina County,OH,2.0,182347,0.0111,10.5,3.0,18.2,5.0,3.7,18.8,21.7,11.6,4.8,0.4,7.6,7.1,1.0,0.7,3.5,0.8,0.44577429
39105,Meigs County,OH,6.0,22242,0.5848,33.2,6.4,21.4,14.2,8.2,20.2,21.9,22.6,6.2,0.2,3.8,3.1,25.4,0.4,6.6,1.0,0.40929213
39107,Mercer County,OH,5.0,42321,0.0223,15.0,2.0,14.5,7.0,4.3,18.5,25.7,11.0,3.2,0.3,5.3,2.5,5.7,1.4,4.4,1.3,0.50767016
39109,Miami County,OH,3.0,108818,0.0643,15.4,3.4,20.0,7.2,5.0,19.0,22.9,11.9,5.4,0.5,8.9,3.6,1.5,1.1,4.7,0.9,0.40883115
39111,Monroe County,OH,6.0,13401,0.4263,26.7,5.5,17.9,11.2,7.1,23.2,20.5,19.4,4.6,0.2,4.4,2.2,18.9,1.6,9.0,1.0,0.46696314
39113,Montgomery County,OH,3.0,536121,0.6904,23.5,5.9,26.1,8.3,6.9,18.2,22.0,15.1,7.7,1.1,30.7,9.4,1.4,1.5,9.0,3.3,0.35244924
39115,Morgan County,OH,6.0,13851,0.5425,30.6,4.9,24.0,13.5,7.2,21.8,20.8,21.2,4.7,0.2,9.0,0.8,19.6,2.4,5.7,1.2,0.41496205
39117,Morrow County,OH,2.0,35049,0.1486,16.7,2.6,16.1,10.3,10.0,18.3,22.2,16.4,5.1,0.4,4.9,1.1,11.1,2.5,4.5,0.9,0.4112598
39119,Muskingum County,OH,5.0,86393,0.511,24.2,4.6,25.3,9.6,6.1,17.9,22.5,16.1,6.9,0.3,9.2,4.2,8.2,1.8,6.9,2.2,0.38859117
39121,Noble County,OH,6.0,14216,0.5902,25.4,4.5,19.1,15.3,8.1,28.4,18.8,21.8,3.9,0.4,6.4,2.0,19.3,1.0,10.2,15.3,0.4678086
39123,Ottawa County,OH,4.0,40367,0.105,14.0,3.4,18.7,6.9,4.5,26.1,17.8,15.6,5.3,0.3,9.0,4.2,11.3,0.6,3.9,1.7,0.44229507
39125,Paulding County,OH,6.0,18827,0.1387,18.2,3.9,15.7,10.1,5.9,19.0,23.5,16.9,6.6,0.4,8.8,1.4,6.3,1.2,4.3,0.5,0.44101414
39127,Perry County,OH,2.0,35451,0.3688,23.5,4.9,18.4,12.0,7.5,17.3,23.5,18.1,4.7,0.1,4.2,3.8,17.5,1.8,7.3,0.9,0.39326105
39129,Pickaway County,OH,2.0,58809,0.3592,19.6,4.1,22.7,12.3,5.5,15.9,21.4,15.6,6.9,0.3,8.1,1.6,8.3,1.8,6.0,7.2,0.37660342
39131,Pike County,OH,6.0,27151,0.6701,36.1,5.2,25.3,15.8,5.5,17.8,23.6,25.0,6.5,0.1,5.5,2.2,23.6,2.0,6.1,1.5,0.35646042
39133,Portage County,OH,3.0,161217,0.3293,19.5,5.6,25.6,7.1,5.5,17.3,18.3,12.9,5.0,0.4,12.4,9.9,6.4,1.2,7.1,4.4,0.42117682
39135,Preble County,OH,6.0,40929,0.0328,16.6,3.4,18.1,8.0,5.4,19.6,22.1,15.0,5.4,0.1,4.5,1.4,3.3,0.9,4.1,1.0,0.41515416
39137,Putnam County,OH,6.0,34400,0.0102,10.2,2.2,13.3,5.2,3.1,17.9,25.4,9.5,2.7,0.9,8.7,1.6,3.9,1.9,2.6,1.0,0.49139604
39139,Richland County,OH,4.0,125008,0.5329,23.5,4.8,24.2,10.4,6.7,19.6,21.7,16.0,5.4,0.3,15.5,5.5,3.8,1.4,7.6,5.3,0.38115731
39141,Ross County,OH,5.0,76957,0.5931,25.5,5.7,24.6,11.3,6.6,17.2,21.1,18.7,6.5,0.2,11.3,3.9,14.1,0.9,6.5,7.0,0.35819083
39143,Sandusky County,OH,5.0,58885,0.2622,21.1,4.8,20.3,6.8,5.5,19.4,21.8,15.9,5.1,0.7,17.3,4.2,5.1,1.0,4.6,2.1,0.40432855
39145,Scioto County,OH,5.0,73716,0.7474,35.4,7.5,25.0,12.4,6.0,18.3,21.6,23.2,5.7,0.1,7.6,4.5,14.5,1.9,7.2,4.6,0.3736333
39147,Seneca County,OH,5.0,55062,0.2265,20.7,4.2,18.6,6.6,5.4,18.3,21.6,14.4,6.7,0.3,11.3,3.6,3.9,1.2,5.7,5.3,0.42119062
39149,Shelby County,OH,5.0,48145,0.1467,18.4,4.9,18.3,8.8,4.4,17.2,24.6,13.5,5.0,0.4,8.1,4.0,3.4,2.4,4.0,1.0,0.41735759
39151,Stark County,OH,3.0,374199,0.3147,21.5,4.3,22.0,7.3,5.9,19.9,21.4,14.0,6.7,0.4,14.8,6.1,2.1,1.0,6.8,2.2,0.38796362
39153,Summit County,OH,3.0,539361,0.4407,20.2,5.3,24.1,7.5,5.7,18.6,20.7,13.4,7.0,1.5,25.1,10.9,0.9,1.0,7.8,1.6,0.37792158
39155,Trumbull County,OH,3.0,201749,0.5533,27.2,4.8,22.9,10.4,7.0,21.9,20.5,17.2,6.1,0.4,14.3,6.0,4.4,1.3,8.0,1.9,0.38957953
39157,Tuscarawas County,OH,5.0,92840,0.4216,21.9,5.5,22.6,11.2,8.6,19.8,22.9,15.1,3.9,0.7,6.5,3.0,8.6,1.6,7.1,1.2,0.43418533
39159,Union County,OH,2.0,63411,0.0172,8.7,2.9,14.2,5.1,4.6,13.0,24.2,10.4,4.4,0.4,12.7,2.2,3.7,0.7,2.9,4.3,0.4285728
39161,Van Wert County,OH,5.0,28833,0.0449,15.9,3.8,16.0,7.3,3.7,19.2,23.2,14.1,5.8,0.3,7.4,2.0,4.2,0.6,4.2,1.1,0.41937512
39163,Vinton County,OH,6.0,12790,0.3595,30.4,3.6,15.2,19.7,7.7,18.6,21.7,23.2,5.6,0.2,3.9,1.1,26.4,2.0,4.5,0.7,0.37919411
39165,Warren County,OH,2.0,243189,0.0461,9.0,3.0,16.3,5.2,3.7,14.9,24.0,10.7,4.7,0.8,16.2,6.2,1.0,1.2,2.6,2.9,0.41896614
39167,Washington County,OH,5.0,59639,0.3274,23.3,5.2,22.8,8.2,6.7,21.3,19.7,16.5,5.2,0.2,5.8,3.7,9.5,1.3,5.2,2.4,0.41751724
39169,Wayne County,OH,5.0,116680,0.4123,17.1,3.3,18.5,13.5,14.1,18.2,24.0,12.5,3.3,1.0,6.9,3.1,6.8,1.8,10.0,3.6,0.42640829
39171,Williams County,OH,6.0,36973,0.1785,20.0,3.5,19.6,8.9,5.4,19.2,22.3,17.5,4.7,0.5,8.6,2.2,6.8,0.6,4.5,2.6,0.41591343
39173,Wood County,OH,3.0,131564,0.1562,19.4,4.9,22.6,5.2,4.4,15.9,20.2,11.9,4.5,0.5,13.1,11.2,6.2,0.9,4.3,4.3,0.43317854
39175,Wyandot County,OH,6.0,21818,0.0487,15.1,2.8,15.7,6.0,3.6,19.9,22.2,13.8,6.2,0.4,5.7,3.6,5.9,0.8,4.6,1.3,0.44222394
40001,Adair County,OK,6.0,19726,0.9472,36.6,6.4,20.7,18.2,23.2,15.6,26.5,21.1,7.0,0.7,61.7,1.0,21.6,3.4,10.1,1.5,0.37219724
40003,Alfalfa County,OK,6.0,5683,0.3048,17.7,4.0,11.4,12.6,10.4,18.9,19.7,17.1,5.4,0.7,19.0,0.4,7.5,2.3,1.9,20.1,0.54114109
40005,Atoka County,OK,6.0,14117,0.8556,29.4,5.6,19.0,17.3,19.4,18.6,21.6,23.4,4.8,1.1,32.2,0.2,18.4,3.3,7.0,9.2,0.42263991
40007,Beaver County,OK,6.0,5071,0.4034,18.7,1.9,12.0,14.5,16.1,18.7,25.5,15.9,5.7,4.0,32.1,0.0,14.6,1.0,2.5,1.8,0.5149886
40009,Beckham County,OK,5.0,22295,0.8403,30.3,6.2,21.0,15.2,13.7,13.8,23.4,13.8,7.8,0.3,26.8,6.3,14.8,2.7,5.6,15.3,0.47868913
40011,Blaine County,OK,6.0,8661,0.7553,24.2,6.8,14.8,17.4,12.7,18.8,23.9,17.2,7.0,3.0,30.3,1.1,15.8,1.4,2.2,13.7,0.45460588
40013,Bryan County,OK,5.0,46528,0.8416,29.7,4.8,23.1,12.8,19.4,17.5,23.3,19.7,5.8,0.7,30.8,3.5,17.4,3.0,5.2,2.1,0.41218403
40015,Caddo County,OK,6.0,26910,0.8705,31.0,6.0,16.3,13.4,18.5,15.7,23.0,19.6,6.3,3.1,44.9,0.8,12.5,2.8,8.1,5.5,0.4012939
40017,Canadian County,OK,2.0,156681,0.3433,13.7,4.1,20.1,8.0,9.5,13.4,25.8,13.2,5.8,1.4,27.0,4.5,5.3,2.9,3.3,1.5,0.45771703
40019,Carter County,OK,5.0,48202,0.7751,26.0,4.2,20.5,12.6,15.6,17.0,25.1,21.6,7.8,1.3,32.4,2.2,12.3,2.0,5.1,1.9,0.40885973
40021,Cherokee County,OK,5.0,47412,0.9236,31.4,5.6,22.4,11.6,19.9,17.2,21.6,20.8,6.2,1.0,54.5,4.6,20.3,2.8,6.5,4.3,0.39319366
40023,Choctaw County,OK,6.0,14285,0.9485,34.3,6.9,22.7,15.6,16.7,20.4,24.4,26.0,7.2,0.3,41.5,4.2,13.0,2.5,8.3,1.3,0.39524904
40025,Cimarron County,OK,6.0,2272,0.3134,16.4,0.2,7.8,12.5,18.6,24.1,24.3,26.2,2.0,2.2,30.1,0.3,14.9,0.0,3.2,0.8,0.55483091
40027,Cleveland County,OK,2.0,295060,0.5527,20.7,4.7,24.5,7.8,10.0,14.1,20.8,14.6,6.9,1.3,30.7,9.9,5.4,2.3,4.1,4.2,0.4452267
40029,Coal County,OK,6.0,5287,0.8358,37.8,5.6,17.0,16.3,23.4,20.7,24.1,24.7,5.2,0.7,34.9,0.6,12.2,4.3,6.4,1.2,0.46106499
40031,Comanche County,OK,4.0,121777,0.9211,26.8,6.6,25.1,9.7,12.9,13.1,23.7,20.9,9.1,1.0,45.3,7.4,4.4,2.6,8.3,7.7,0.40641379
40033,Cotton County,OK,4.0,5537,0.3859,29.4,2.2,17.7,16.0,10.6,18.7,23.1,24.3,3.0,0.1,26.4,0.3,10.4,0.7,7.1,2.0,0.42786252
40035,Craig County,OK,6.0,14144,0.9316,34.0,4.6,22.0,15.0,17.0,18.8,21.9,21.9,8.2,1.1,39.6,4.5,14.7,2.5,5.2,8.6,0.42418855
40037,Creek County,OK,2.0,72076,0.5205,22.5,3.7,19.3,9.7,11.8,18.1,23.4,15.1,5.8,0.6,25.8,2.7,18.7,3.6,4.6,1.2,0.40695789
40039,Custer County,OK,5.0,28391,0.7607,29.1,2.9,24.9,11.9,10.4,13.8,24.8,12.5,8.1,2.9,33.5,7.2,11.0,2.1,4.0,5.8,0.4671948
40041,Delaware County,OK,6.0,40791,0.7878,30.9,5.2,22.1,14.1,16.5,25.0,19.9,21.9,5.0,0.5,37.1,1.6,25.8,3.3,4.3,1.3,0.40095812
40043,Dewey County,OK,6.0,4504,0.3347,25.1,5.2,13.5,6.9,15.4,18.7,27.8,18.8,3.5,0.0,20.2,0.0,20.0,1.8,2.5,2.1,0.55368984
40045,Ellis County,OK,6.0,3755,0.5323,22.9,8.8,13.7,13.5,14.5,23.7,22.3,20.8,3.2,1.3,14.9,0.8,10.1,1.2,5.2,1.5,0.55168778
40047,Garfield County,OK,4.0,62456,0.7706,23.4,4.6,21.7,13.2,14.6,16.5,25.7,17.8,6.9,1.7,27.9,5.0,5.2,2.8,4.1,2.8,0.42931393
40049,Garvin County,OK,6.0,25806,0.546,27.5,2.8,18.1,12.7,16.7,18.0,24.9,16.4,7.3,0.9,27.1,1.6,9.7,2.2,4.0,1.2,0.43666449
40051,Grady County,OK,2.0,55314,0.434,18.0,5.0,16.0,9.4,12.6,16.5,23.4,17.9,4.6,0.6,20.2,3.0,12.0,3.0,4.0,1.7,0.44469231
40053,Grant County,OK,6.0,4152,0.2208,25.1,3.4,10.5,8.0,10.7,22.1,23.7,17.9,3.5,0.1,14.9,0.6,7.0,1.8,3.0,2.3,0.55995536
40055,Greer County,OK,6.0,5531,0.727,24.9,5.8,18.3,18.4,13.2,17.1,21.1,21.6,6.6,0.3,26.8,0.7,5.6,2.5,8.1,16.8,0.4684273
40057,Harmon County,OK,6.0,2499,0.7572,32.8,7.4,16.4,20.0,18.5,19.4,24.1,18.5,3.3,1.9,46.7,1.9,8.3,0.5,5.2,3.3,0.44340447
40059,Harper County,OK,6.0,3272,0.4028,25.2,2.6,13.7,9.8,11.5,18.8,24.8,18.1,3.5,5.1,28.6,0.0,8.2,3.7,1.7,1.7,0.55345017
40061,Haskell County,OK,6.0,11651,0.8387,33.3,7.7,20.4,15.5,18.2,20.3,23.3,23.4,5.8,0.6,31.5,0.7,20.3,2.8,5.4,0.8,0.43947428
40063,Hughes County,OK,6.0,13409,0.7945,33.4,6.3,13.7,15.8,19.0,18.9,21.1,20.3,6.4,0.7,39.5,0.8,15.8,2.0,4.7,11.2,0.41900942
40065,Jackson County,OK,5.0,24776,0.6981,24.5,4.2,22.3,14.1,13.4,15.1,25.2,15.5,6.4,1.5,39.1,6.1,4.0,1.0,6.4,2.7,0.412159
40067,Jefferson County,OK,6.0,5420,0.8056,35.2,4.3,18.3,15.2,14.8,20.4,25.4,26.3,8.9,0.5,24.4,0.3,9.8,1.3,8.4,2.7,0.45618045
40069,Johnston County,OK,6.0,10410,0.875,36.2,5.5,18.2,11.9,16.2,18.8,23.5,25.3,7.9,0.3,32.8,0.4,20.3,6.1,6.8,3.2,0.45212707
40071,Kay County,OK,5.0,43859,0.8549,30.1,6.2,22.7,10.6,13.0,19.0,24.8,19.0,8.9,0.6,28.2,4.2,5.9,2.0,6.5,2.7,0.41981897
40073,Kingfisher County,OK,6.0,15290,0.398,18.8,2.5,19.2,9.0,15.0,16.5,27.4,12.7,5.4,3.4,25.6,1.3,16.1,2.0,3.2,1.5,0.50138658
40075,Kiowa County,OK,6.0,8446,0.741,36.2,4.4,21.1,14.4,13.0,20.2,24.2,22.0,6.7,0.5,27.6,2.3,5.9,2.4,2.8,2.2,0.41350058
40077,Latimer County,OK,6.0,9537,0.8396,32.2,7.8,18.9,14.5,20.1,21.0,22.1,21.9,5.3,0.2,38.7,1.8,19.2,3.0,3.9,4.2,0.4436385
40079,Le Flore County,OK,6.0,48525,0.924,33.8,5.2,22.5,15.1,19.0,17.9,24.1,21.2,7.4,1.6,30.6,1.8,16.8,2.5,5.9,3.2,0.42284662
40081,Lincoln County,OK,2.0,33734,0.4101,24.4,3.0,18.6,10.9,12.9,18.8,23.5,20.2,5.6,0.2,19.3,0.4,20.8,2.4,2.9,1.1,0.41846341
40083,Logan County,OK,2.0,49919,0.3003,19.5,2.9,16.6,8.2,12.5,16.6,22.3,15.6,4.7,0.6,23.5,1.0,17.3,2.1,3.2,4.6,0.43208331
40085,Love County,OK,6.0,10158,0.7961,25.4,5.4,17.3,16.1,15.2,18.2,24.4,22.2,5.1,2.1,31.5,3.9,20.7,4.3,3.6,1.0,0.43161821
40087,McClain County,OK,2.0,42393,0.2991,15.5,4.1,18.0,11.1,10.6,15.4,25.2,14.3,5.3,1.3,22.9,2.3,11.1,2.7,1.3,0.7,0.4474071
40089,McCurtain County,OK,6.0,31003,0.8976,34.1,4.9,18.5,15.0,20.4,17.9,25.8,21.7,7.8,1.2,40.2,1.7,15.4,3.9,7.8,1.2,0.39818236
40091,McIntosh County,OK,6.0,19159,0.7528,34.9,4.0,21.6,13.6,23.9,25.4,19.8,23.5,5.3,0.2,33.2,0.2,33.6,2.8,5.2,1.6,0.40368307
40093,Major County,OK,6.0,7678,0.3579,19.7,1.8,13.4,9.3,10.9,20.9,25.3,17.4,4.3,1.3,17.1,1.4,12.2,2.5,3.5,1.4,0.54057884
40095,Marshall County,OK,6.0,15494,0.8769,30.7,5.8,19.8,18.1,19.0,21.6,22.8,23.0,6.3,3.8,36.7,0.5,35.2,3.1,4.1,1.0,0.44199634
40097,Mayes County,OK,6.0,39324,0.7499,28.0,5.9,19.9,10.8,16.0,18.5,23.2,23.9,6.7,0.3,37.1,2.1,18.4,3.1,4.4,1.2,0.41728821
40099,Murray County,OK,6.0,13837,0.5775,22.9,2.1,19.3,13.2,12.7,19.8,22.9,23.3,5.3,0.2,30.1,1.4,13.4,4.4,3.4,3.4,0.44852561
40101,Muskogee County,OK,5.0,66606,0.9774,31.1,5.7,24.2,13.1,15.5,16.9,24.3,22.1,8.6,0.7,45.8,6.9,10.8,3.7,7.8,6.0,0.37940943
40103,Noble County,OK,6.0,10981,0.4458,21.0,4.0,12.5,9.7,8.3,20.7,24.0,18.3,5.3,0.8,20.2,1.0,14.8,2.7,1.6,2.7,0.45607072
40105,Nowata County,OK,6.0,9460,0.6529,27.6,4.3,19.6,10.0,16.6,19.8,23.0,18.6,6.3,0.2,35.3,0.5,16.5,2.5,5.6,2.0,0.43428656
40107,Okfuskee County,OK,6.0,11349,0.8715,39.9,3.5,21.8,16.6,16.0,18.0,22.3,21.4,8.3,0.3,40.1,0.3,15.7,3.6,6.9,11.9,0.4236981
40109,Oklahoma County,OK,1.0,795822,0.8431,25.3,4.6,27.5,11.5,14.0,14.1,25.2,14.0,8.0,3.6,45.8,12.1,2.9,2.7,6.2,2.0,0.39040723
40111,Okmulgee County,OK,2.0,36900,0.922,31.5,7.2,22.3,12.8,15.3,18.4,23.5,22.4,7.3,0.3,38.6,2.6,14.8,3.3,6.5,4.2,0.40083519
40113,Osage County,OK,2.0,46004,0.6207,22.8,5.6,20.0,10.5,12.5,20.5,21.2,19.7,4.7,0.3,37.5,1.7,14.5,2.7,4.1,3.5,0.40893736
40115,Ottawa County,OK,5.0,30472,0.9252,33.7,3.8,23.5,13.3,17.2,18.1,24.9,20.8,7.9,1.1,36.9,4.6,12.0,2.9,5.6,4.0,0.4104107
40117,Pawnee County,OK,2.0,15682,0.4979,23.8,3.5,16.6,12.3,14.2,19.2,23.5,17.1,5.1,0.3,25.0,1.2,23.9,3.3,3.3,1.5,0.44137794
40119,Payne County,OK,5.0,82058,0.6408,33.4,4.8,36.4,6.9,11.9,12.9,18.4,13.0,5.9,0.7,24.3,15.1,9.5,1.6,5.6,11.6,0.44410369
40121,Pittsburg County,OK,5.0,43758,0.868,29.5,6.3,22.4,13.3,16.1,19.9,22.8,23.1,5.1,0.6,32.2,2.2,12.4,1.8,7.1,5.2,0.41143885
40123,Pontotoc County,OK,5.0,38116,0.6561,23.5,4.3,19.3,10.5,17.7,16.9,24.6,15.8,6.9,0.4,36.3,3.3,9.7,1.6,6.4,3.5,0.41975871
40125,Pottawatomie County,OK,5.0,72734,0.7496,25.7,5.8,21.2,11.4,13.3,16.3,23.2,18.9,6.5,0.5,29.3,2.7,12.8,2.2,4.8,4.7,0.39618239
40127,Pushmataha County,OK,6.0,10845,0.8896,38.2,9.0,23.5,15.9,21.7,22.8,21.4,30.1,6.3,0.2,30.8,1.3,16.7,2.1,8.8,1.1,0.42017487
40129,Roger Mills County,OK,6.0,3423,0.2835,28.2,4.7,16.9,7.5,12.8,21.2,24.7,18.8,2.8,0.9,18.7,0.0,12.5,1.2,0.9,0.4,0.53446668
40131,Rogers County,OK,2.0,95870,0.3878,16.1,4.7,19.3,7.8,11.8,16.7,23.0,16.6,5.3,0.7,29.9,3.0,10.5,2.8,2.7,1.5,0.43768945
40133,Seminole County,OK,6.0,23592,0.9523,37.7,7.2,23.1,14.7,20.5,18.1,24.3,23.8,7.4,0.4,37.3,1.8,15.8,2.9,7.0,3.0,0.39502406
40135,Sequoyah County,OK,4.0,39538,0.8183,34.5,5.2,21.8,16.5,18.8,18.4,23.7,23.6,5.9,0.4,39.0,1.2,21.1,3.4,4.7,1.0,0.39765969
40137,Stephens County,OK,5.0,43140,0.6892,27.0,4.9,21.5,11.3,14.2,20.4,22.9,21.6,5.5,0.8,21.4,3.0,8.0,1.5,6.7,1.3,0.44099784
40139,Texas County,OK,5.0,21144,0.9084,32.3,2.7,24.9,24.6,18.3,11.8,28.4,12.0,8.9,9.0,58.4,6.0,21.0,4.3,3.7,2.1,0.45647657
40141,Tillman County,OK,6.0,7013,0.9125,29.8,5.9,20.5,20.5,13.3,20.2,24.1,24.8,7.0,3.4,42.5,0.2,3.6,2.3,7.9,4.0,0.42468703
40143,Tulsa County,OK,1.0,668923,0.7846,23.7,5.3,25.9,10.1,13.9,14.8,24.9,13.6,7.2,3.1,40.2,15.5,2.2,2.8,6.2,1.4,0.39612219
40145,Wagoner County,OK,2.0,82269,0.4489,15.9,4.9,18.6,8.4,11.6,16.8,23.7,18.3,5.8,1.2,31.2,3.1,12.5,3.1,2.6,0.3,0.42081404
40147,Washington County,OK,5.0,52579,0.5867,26.0,3.8,22.3,8.5,12.3,19.7,23.8,17.5,6.2,1.1,28.6,4.6,5.2,1.2,4.7,1.8,0.41702858
40149,Washita County,OK,5.0,10930,0.5947,22.9,5.8,18.7,10.9,13.7,18.5,24.4,20.5,6.5,0.4,18.6,2.0,8.4,2.0,3.5,2.4,0.48955998
40151,Woods County,OK,6.0,8661,0.5584,27.0,5.0,21.7,10.1,9.7,17.1,20.6,15.9,4.0,1.1,17.5,6.6,7.4,0.3,9.7,10.4,0.49329129
40153,Woodward County,OK,5.0,20411,0.7611,26.5,5.3,17.4,12.8,16.1,16.0,24.4,18.0,6.2,2.2,22.3,4.9,13.0,1.7,3.8,5.3,0.46807864
41001,Baker County,OR,5.0,16685,0.4811,24.2,5.5,23.9,8.6,6.2,27.2,20.1,22.6,3.3,0.2,10.9,4.2,13.1,1.1,4.8,3.3,0.43905511
41003,Benton County,OR,4.0,95615,0.5005,25.6,6.8,32.0,4.0,5.3,16.9,15.5,11.9,4.0,1.6,21.5,14.1,5.7,1.7,7.7,6.4,0.44519559
41005,Clackamas County,OR,2.0,420925,0.3023,12.7,5.0,25.5,5.6,5.3,18.9,21.1,12.6,5.1,1.6,21.0,12.0,5.6,2.3,4.9,0.9,0.43468857
41007,Clatsop County,OR,5.0,41190,0.5813,18.8,4.8,28.4,7.8,8.4,23.6,18.3,19.5,3.3,1.3,17.8,7.6,5.4,1.8,8.6,2.0,0.42897701
41009,Columbia County,OR,2.0,52865,0.2453,16.2,4.5,23.8,9.4,5.1,19.4,20.5,16.6,5.0,0.2,14.2,2.9,13.3,2.2,4.4,0.8,0.41779009
41011,Coos County,OR,5.0,64908,0.7661,26.3,5.8,28.6,10.0,6.4,26.8,18.0,22.9,3.9,1.1,16.6,5.9,14.4,2.8,6.5,1.9,0.40548992
41013,Crook County,OR,3.0,24987,0.356,15.2,4.1,23.2,9.7,7.5,24.7,19.7,18.3,5.4,0.5,13.3,2.8,15.9,2.1,3.7,0.6,0.41163138
41015,Curry County,OR,5.0,23404,0.6067,21.0,7.2,25.9,8.9,5.3,34.4,14.2,21.6,4.0,1.0,15.9,4.6,16.8,3.9,4.4,1.2,0.41694099
41017,Deschutes County,OR,3.0,199352,0.2634,16.4,5.2,27.2,5.7,7.1,20.5,19.4,12.0,5.0,0.8,14.7,5.9,4.8,2.8,4.2,0.7,0.43062332
41019,Douglas County,OR,5.0,111322,0.6487,24.5,6.1,27.5,8.7,5.8,26.0,19.3,20.8,5.2,0.5,14.5,3.3,19.0,2.1,5.1,1.9,0.4076106
41021,Gilliam County,OR,6.0,1983,0.5282,23.2,6.3,28.1,10.2,5.9,31.2,19.3,16.6,3.0,0.4,16.2,3.1,14.7,0.7,7.2,2.2,0.42011762
41023,Grant County,OR,6.0,7237,0.5784,24.2,7.5,24.1,10.9,8.7,31.0,17.0,22.9,1.8,0.8,11.6,1.6,21.4,1.6,3.5,2.8,0.4696677
41025,Harney County,OR,6.0,7496,0.8034,28.3,5.4,22.0,8.8,7.9,25.5,19.5,21.9,5.1,0.5,14.9,7.3,22.6,5.4,6.4,2.5,0.41838452
41027,Hood River County,OR,5.0,23965,0.7111,14.9,3.3,22.9,15.9,9.2,17.1,22.6,12.1,5.9,8.1,37.5,6.8,10.4,3.7,5.4,4.7,0.44208935
41029,Jackson County,OR,4.0,222604,0.7025,23.1,5.5,30.2,9.0,6.3,22.5,20.4,16.0,4.7,1.4,21.7,7.6,11.0,3.4,5.4,1.9,0.40990344
41031,Jefferson County,OR,3.0,24659,0.9278,23.0,7.0,26.2,12.1,9.5,19.5,23.0,20.1,8.2,1.6,42.4,2.3,17.6,4.7,4.9,4.5,0.39144856
41033,Josephine County,OR,4.0,87994,0.7817,29.6,8.1,32.9,9.0,7.7,26.5,19.1,21.1,5.5,0.7,15.4,2.9,14.3,4.7,4.7,1.5,0.41580522
41035,Klamath County,OR,5.0,69506,0.8438,27.8,7.6,29.0,10.7,8.5,21.4,21.7,19.6,5.9,1.4,24.8,5.2,13.9,2.1,5.1,1.7,0.41477308
41037,Lake County,OR,6.0,8201,0.8517,29.0,7.7,23.7,13.0,7.0,25.4,18.8,18.9,3.0,2.6,17.8,1.8,19.7,3.9,7.7,6.5,0.46085563
41039,Lane County,OR,3.0,382218,0.7375,25.3,6.7,32.5,7.2,6.6,20.1,17.8,17.2,5.7,1.0,20.0,11.7,8.2,2.8,7.4,2.4,0.40850973
41041,Lincoln County,OR,5.0,50334,0.7165,24.0,7.7,28.7,7.2,8.9,30.5,16.0,22.4,4.9,1.8,20.0,4.5,14.3,1.9,4.8,1.3,0.40164706
41043,Linn County,OR,4.0,128598,0.6586,21.3,6.2,29.3,9.2,7.4,19.0,22.1,18.2,4.4,1.3,17.3,6.8,13.8,3.6,4.4,1.3,0.40478057
41045,Malheur County,OR,5.0,31538,0.9908,35.1,6.2,26.2,18.6,10.3,16.7,25.2,16.2,7.4,5.3,40.3,6.1,16.3,6.6,5.8,11.4,0.42200261
41047,Marion County,OR,3.0,345815,0.902,22.9,5.4,30.9,14.3,8.7,16.2,24.0,15.5,6.5,5.3,37.3,11.5,7.9,5.2,6.2,3.2,0.39765701
41049,Morrow County,OR,5.0,12140,0.7735,30.6,3.2,20.2,23.2,8.2,16.1,27.1,16.7,5.9,10.5,43.1,4.0,35.4,8.4,1.5,0.5,0.45956939
41051,Multnomah County,OR,1.0,808098,0.5927,19.7,5.5,31.3,7.7,6.3,14.1,18.0,13.2,4.9,3.9,32.6,25.9,1.6,3.5,12.5,2.6,0.40287063
41053,Polk County,OR,3.0,87600,0.6395,19.9,5.3,29.6,8.2,5.2,18.5,22.2,15.9,6.6,1.7,24.4,8.8,5.9,2.8,5.1,2.1,0.4172501
41055,Sherman County,OR,6.0,1900,0.3376,24.9,2.2,23.6,11.8,3.6,23.2,18.8,23.8,3.1,0.6,12.9,2.3,27.4,0.5,7.4,0.6,0.42530939
41057,Tillamook County,OR,6.0,27345,0.6507,20.9,5.2,30.1,9.3,4.7,26.8,18.3,21.4,4.5,1.8,17.5,2.4,10.1,4.1,4.9,2.9,0.42598352
41059,Umatilla County,OR,5.0,79904,0.9259,22.2,6.7,23.3,15.5,6.3,16.0,24.7,17.5,8.0,4.0,36.8,8.1,17.0,4.1,5.5,5.3,0.41691139
41061,Union County,OR,5.0,26286,0.7187,25.5,6.3,24.6,7.2,7.3,20.9,21.9,17.1,5.1,0.4,12.5,7.0,12.7,3.1,7.4,2.7,0.44449237
41063,Wallowa County,OR,6.0,7439,0.4461,16.5,6.0,16.1,6.7,8.1,28.9,19.5,16.7,5.4,0.7,10.0,3.7,12.6,3.7,5.0,1.7,0.47885618
41065,Wasco County,OR,5.0,26639,0.8937,24.3,7.1,23.5,13.6,8.7,20.7,21.8,18.5,3.8,3.3,27.9,5.6,18.7,3.5,6.6,5.0,0.42248067
41067,Washington County,OR,2.0,599541,0.3703,13.5,4.6,26.4,7.1,5.5,14.0,22.1,10.6,4.9,3.6,37.3,17.0,2.0,3.2,5.6,1.3,0.4319689
41069,Wheeler County,OR,6.0,1407,0.2479,25.1,5.4,23.9,8.4,3.5,35.3,16.8,24.3,2.2,0.1,13.8,1.4,19.4,0.8,3.2,1.4,0.49662483
41071,Yamhill County,OR,2.0,107674,0.7232,18.5,4.1,30.1,10.1,6.4,18.0,21.5,16.4,5.6,3.1,25.2,7.6,9.5,3.8,5.5,5.4,0.41647947
42001,Adams County,PA,4.0,104604,0.21,13.7,3.4,22.4,9.7,6.0,20.9,19.7,14.5,4.4,1.2,12.0,2.0,6.6,1.0,4.7,4.1,0.45563412
42003,Allegheny County,PA,1.0,1245310,0.314,17.5,4.9,23.6,4.8,3.9,19.5,18.6,13.7,5.5,0.9,23.0,14.2,0.7,0.8,12.7,2.8,0.42562932
42005,Armstrong County,PA,2.0,65538,0.132,19.0,5.1,18.7,7.6,4.1,22.9,19.0,16.8,3.5,0.3,4.0,3.4,9.9,0.8,7.2,1.1,0.46521413
42007,Beaver County,PA,2.0,167629,0.2386,17.1,5.6,21.9,5.3,3.9,22.0,19.3,15.8,5.2,0.4,12.1,5.7,3.4,0.7,8.5,1.7,0.43636879
42009,Bedford County,PA,6.0,47613,0.1868,21.2,4.3,20.3,9.7,7.4,23.0,19.3,16.1,4.1,0.2,3.9,3.2,13.8,0.8,5.8,1.0,0.44124061
42011,Berks County,PA,3.0,428483,0.6659,18.8,5.4,25.8,11.9,6.3,17.5,22.1,14.2,6.4,4.3,31.2,6.9,2.7,1.5,8.7,3.1,0.42438889
42013,Blair County,PA,4.0,122640,0.3108,21.6,4.2,22.3,7.0,5.4,20.9,20.2,15.5,5.7,0.3,6.7,6.4,7.2,0.6,8.5,2.9,0.42264315
42015,Bradford County,PA,5.0,60159,0.3754,22.5,4.8,21.2,9.4,6.9,21.7,22.0,14.2,4.7,0.4,5.2,3.6,13.8,1.8,7.5,1.2,0.45534164
42017,Bucks County,PA,2.0,645163,0.1317,9.5,4.6,21.0,5.3,4.0,19.5,20.0,10.7,4.9,2.0,18.3,10.1,1.9,1.3,4.7,1.4,0.46760008
42019,Butler County,PA,2.0,194562,0.0786,13.7,4.7,19.1,4.3,3.4,19.7,19.4,13.1,3.6,0.4,6.5,7.7,7.2,0.6,5.8,2.7,0.46316692
42021,Cambria County,PA,4.0,133263,0.3605,22.4,5.0,20.0,7.2,3.6,23.1,19.1,18.3,5.8,0.1,8.6,6.1,4.5,0.7,11.1,5.0,0.45576891
42023,Cameron County,PA,6.0,4536,0.4734,30.1,7.1,22.9,7.4,3.4,28.0,17.2,22.6,7.2,0.0,6.2,2.8,14.3,0.7,10.2,1.3,0.41122991
42025,Carbon County,PA,3.0,65018,0.2895,19.6,6.9,25.1,10.3,5.3,21.6,19.0,16.9,4.4,0.3,10.3,3.4,3.6,1.2,5.6,1.4,0.45852551
42027,Centre County,PA,4.0,158665,0.3344,23.8,4.0,27.9,5.2,5.7,15.1,14.6,10.2,3.1,0.5,15.8,17.3,4.9,2.3,10.2,12.2,0.45282644
42029,Chester County,PA,2.0,536474,0.1244,9.8,4.0,19.5,5.3,4.7,17.0,22.3,9.2,4.2,1.7,22.6,10.6,2.3,1.2,4.1,2.8,0.44793132
42031,Clarion County,PA,6.0,37489,0.315,23.9,5.5,19.7,9.1,6.8,20.0,18.8,15.3,4.9,0.2,5.2,4.4,11.6,0.9,6.6,4.0,0.48216233
42033,Clearfield County,PA,5.0,79707,0.5017,23.2,6.0,20.4,10.1,5.3,21.1,18.2,19.3,5.5,0.5,7.7,3.7,12.2,0.9,7.5,6.0,0.4492628
42035,Clinton County,PA,5.0,37860,0.5409,23.2,5.3,24.9,10.5,9.7,19.3,20.2,16.0,5.5,0.4,5.7,4.8,7.9,1.2,9.5,4.0,0.43444613
42037,Columbia County,PA,5.0,64924,0.2813,24.1,4.8,24.0,8.4,4.1,19.9,17.6,14.3,4.2,0.2,8.4,5.9,8.3,0.5,7.3,6.1,0.44238836
42039,Crawford County,PA,5.0,83876,0.5842,24.8,5.6,20.7,9.4,8.9,21.6,20.5,17.7,5.6,0.6,6.3,3.3,12.1,1.1,9.7,4.4,0.43910643
42041,Cumberland County,PA,3.0,261269,0.2068,12.8,3.7,21.7,6.5,5.2,18.7,20.3,12.8,4.9,0.9,17.0,8.1,4.7,0.9,5.5,5.0,0.45088053
42043,Dauphin County,PA,3.0,286108,0.5476,19.3,4.3,24.8,8.8,5.7,17.5,22.2,12.9,6.8,2.7,37.1,10.4,2.5,1.4,9.0,2.3,0.38839087
42045,Delaware County,PA,2.0,575312,0.5654,15.8,6.8,27.6,6.5,5.0,16.7,21.9,11.8,7.0,1.8,35.6,12.0,0.3,1.7,10.1,3.8,0.43458602
42047,Elk County,PA,5.0,30886,0.0824,17.7,6.5,16.5,6.9,2.7,22.8,19.2,16.4,4.2,0.2,4.4,2.6,6.2,0.5,6.4,1.2,0.45062852
42049,Erie County,PA,3.0,270495,0.6242,24.6,5.5,26.3,7.5,4.1,18.7,20.9,15.5,7.6,1.2,17.4,7.6,4.6,1.3,10.2,4.8,0.40761742
42051,Fayette County,PA,2.0,128417,0.5224,25.1,7.2,21.9,10.2,4.6,21.8,19.2,20.3,5.0,0.2,10.0,3.2,10.8,1.2,8.1,3.6,0.43283102
42053,Forest County,PA,6.0,6959,0.5072,29.0,4.3,18.5,14.2,6.7,22.9,10.8,24.1,1.8,0.3,31.3,1.3,16.1,1.2,6.1,33.9,0.43540964
42055,Franklin County,PA,4.0,156084,0.3194,17.2,3.4,21.4,9.8,9.4,19.8,21.9,15.9,5.2,0.9,13.9,3.5,6.6,1.6,5.2,1.2,0.43874699
42057,Fulton County,PA,6.0,14545,0.1184,18.2,3.7,17.7,10.6,5.4,21.8,19.7,18.0,4.9,0.1,5.8,1.6,14.7,1.1,5.6,0.3,0.44503301
42059,Greene County,PA,6.0,35781,0.342,20.1,5.2,18.8,10.6,4.7,19.7,19.1,19.1,5.1,0.2,8.3,2.6,17.7,1.0,5.7,9.0,0.47509074
42061,Huntingdon County,PA,5.0,44123,0.3481,20.3,5.1,20.0,10.0,5.1,21.2,17.7,16.9,4.8,0.2,10.4,1.9,12.7,1.4,6.6,11.3,0.44995984
42063,Indiana County,PA,5.0,83394,0.4528,23.2,6.5,22.7,8.0,6.9,19.7,17.9,16.4,3.5,0.5,7.6,7.6,10.3,0.9,7.9,6.8,0.48686141
42065,Jefferson County,PA,6.0,44326,0.3745,23.7,5.4,19.4,8.8,7.7,21.3,21.3,15.3,4.6,0.5,3.7,3.3,7.4,2.0,7.9,1.6,0.46141005
42067,Juniata County,PA,6.0,23535,0.4846,19.4,3.1,16.6,17.0,14.0,20.6,22.2,13.3,2.9,1.6,7.2,5.0,10.0,4.4,7.9,1.2,0.46377292
42069,Lackawanna County,PA,3.0,215672,0.5558,21.3,4.8,25.8,8.4,4.6,20.0,20.4,16.0,6.7,1.8,18.1,5.2,2.3,1.3,9.4,3.8,0.44802672
42071,Lancaster County,PA,3.0,553202,0.5399,14.4,3.4,23.6,13.0,11.2,18.8,23.2,11.4,4.0,2.2,19.8,8.2,3.3,2.0,9.1,2.4,0.44070688
42073,Lawrence County,PA,2.0,85907,0.5151,22.5,6.8,23.4,8.0,5.7,22.5,19.9,17.7,6.6,0.4,9.5,4.1,6.9,1.0,7.7,2.5,0.43707779
42075,Lebanon County,PA,4.0,143258,0.6176,18.2,4.4,23.8,12.5,9.2,19.8,22.6,13.5,5.4,2.1,20.1,5.2,4.6,2.1,6.8,2.5,0.44392481
42077,Lehigh County,PA,3.0,374110,0.734,19.9,5.8,28.9,9.8,6.5,16.9,22.6,12.9,7.1,5.6,39.3,10.7,1.9,2.3,7.9,2.5,0.43312383
42079,Luzerne County,PA,3.0,325396,0.6942,24.1,5.9,25.2,9.5,5.9,19.8,20.1,15.7,7.4,3.4,22.8,5.8,3.1,1.2,10.7,3.4,0.44204918
42081,Lycoming County,PA,4.0,114022,0.5091,20.9,5.3,24.1,9.2,5.6,20.0,20.5,16.3,5.5,0.5,11.2,5.6,5.6,1.2,9.4,5.3,0.43198708
42083,McKean County,PA,5.0,40459,0.3188,25.3,5.3,19.4,7.2,4.2,20.0,19.7,19.4,4.2,0.6,7.3,2.9,8.6,0.5,7.4,6.7,0.43958393
42085,Mercer County,PA,5.0,110600,0.5278,21.8,5.5,20.5,9.5,5.6,22.4,19.0,18.1,5.8,0.5,11.1,5.8,7.7,0.8,9.9,6.1,0.42376709
42087,Mifflin County,PA,5.0,46146,0.5934,27.3,3.9,23.4,15.2,13.3,21.6,22.5,14.2,4.3,0.6,5.6,3.3,8.3,2.2,9.9,1.5,0.42336681
42089,Monroe County,PA,5.0,168128,0.4136,18.3,6.3,26.8,10.1,6.5,18.3,19.4,14.0,5.3,1.7,38.0,2.1,3.4,1.9,5.1,1.5,0.4337526
42091,Montgomery County,PA,2.0,856399,0.2119,10.4,4.5,21.6,5.2,3.8,18.2,21.3,10.3,5.0,2.0,26.4,15.6,0.7,1.5,5.2,2.6,0.46882311
42093,Montour County,PA,5.0,18165,0.3818,16.7,2.4,22.9,7.4,5.0,21.0,20.3,13.8,6.2,0.8,10.0,4.3,5.8,2.0,10.3,4.3,0.4370366
42095,Northampton County,PA,3.0,314299,0.4038,15.7,4.6,25.7,8.0,4.1,19.5,19.5,12.4,5.4,2.3,26.1,7.5,2.3,1.4,7.0,3.8,0.43258461
42097,Northumberland County,PA,5.0,91340,0.4206,21.8,4.7,21.5,10.1,4.6,21.6,19.5,16.7,5.4,0.5,9.3,4.6,4.7,1.1,9.8,4.0,0.45474944
42099,Perry County,PA,3.0,45941,0.1737,15.5,3.4,19.5,10.9,9.9,19.4,21.0,14.0,4.6,0.5,5.8,1.7,9.9,1.9,5.6,1.1,0.42804828
42101,Philadelphia County,PA,1.0,1593208,0.9465,33.1,8.6,35.1,13.1,7.3,14.0,21.5,16.9,9.8,6.2,66.5,16.7,0.3,3.0,28.2,3.0,0.36610064
42103,Pike County,PA,5.0,58996,0.2405,16.3,8.5,26.9,6.9,5.2,23.0,17.4,16.8,3.7,1.1,21.9,1.2,5.5,1.0,5.4,0.6,0.46349388
42105,Potter County,PA,6.0,16390,0.405,23.3,4.8,20.1,9.9,6.8,24.9,20.3,18.3,4.3,0.5,4.7,1.6,13.9,2.2,6.9,1.5,0.46325719
42107,Schuylkill County,PA,5.0,143201,0.4928,21.8,5.3,21.2,10.3,6.0,20.7,19.8,17.5,6.0,0.8,11.4,3.7,3.7,1.0,8.2,4.8,0.44971392
42109,Snyder County,PA,5.0,39797,0.2819,17.4,2.2,19.3,15.1,11.2,19.8,20.5,14.9,3.2,0.6,5.3,2.6,8.6,1.3,6.5,6.8,0.44214579
42111,Somerset County,PA,5.0,73802,0.3618,20.2,5.2,19.8,10.0,6.3,23.1,18.1,16.9,4.6,0.3,6.2,3.5,10.5,1.1,6.8,6.0,0.45376033
42113,Sullivan County,PA,6.0,5880,0.2444,18.6,5.5,19.8,9.2,5.0,29.3,11.4,15.8,3.1,0.9,6.7,1.2,8.7,1.3,5.3,6.4,0.53044689
42115,Susquehanna County,PA,6.0,38540,0.1814,20.3,5.8,21.5,8.5,6.4,24.2,18.6,16.1,4.1,0.3,4.7,1.9,11.9,1.1,5.2,0.8,0.45959121
42117,Tioga County,PA,6.0,41186,0.2975,21.9,4.5,23.2,8.3,6.3,22.6,19.6,18.3,4.3,0.1,4.3,3.1,16.7,1.2,6.2,1.8,0.47293359
42119,Union County,PA,5.0,42908,0.4531,17.6,3.5,22.8,13.7,10.1,19.0,18.0,13.5,3.9,1.0,14.5,4.4,8.3,1.1,9.2,20.4,0.47548053
42121,Venango County,PA,5.0,50475,0.3656,22.8,6.7,19.2,9.2,4.9,23.7,18.9,18.8,5.4,0.3,5.3,2.7,10.5,0.9,7.3,2.3,0.41739526
42123,Warren County,PA,5.0,38492,0.153,21.1,4.3,17.4,6.3,4.8,23.8,19.4,15.9,4.6,0.5,5.3,2.7,10.0,0.9,6.7,1.6,0.42634737
42125,Washington County,PA,2.0,209631,0.1648,15.5,5.0,19.0,6.0,3.8,21.2,19.5,14.6,4.2,0.4,9.4,5.7,5.4,0.9,7.4,2.7,0.46436018
42127,Wayne County,PA,6.0,51227,0.3952,19.7,5.9,25.0,8.4,6.5,24.6,16.6,17.0,3.6,0.4,10.9,1.0,7.6,1.7,6.4,6.4,0.47583526
42129,Westmoreland County,PA,2.0,354414,0.1091,16.0,5.0,19.3,4.7,3.2,23.4,18.2,15.2,4.1,0.2,7.6,4.8,5.0,0.5,7.0,2.2,0.46299458
42131,Wyoming County,PA,3.0,26219,0.0872,17.8,4.5,18.9,7.2,3.9,21.9,19.2,14.3,4.2,0.3,5.7,1.3,10.9,0.6,5.4,2.7,0.47153375
42133,York County,PA,3.0,457051,0.3379,14.9,4.6,23.6,8.9,4.9,18.2,21.9,13.7,5.9,1.5,18.9,5.4,4.4,1.4,5.6,1.8,0.42114979
44001,Bristol County,RI,2.0,50658,0.1327,10.7,4.1,22.7,6.7,2.1,20.0,18.2,10.4,4.5,1.2,10.1,7.4,0.0,0.4,6.1,7.8,0.46408543
44003,Kent County,RI,2.0,170168,0.2116,13.7,4.6,28.0,7.3,3.1,19.5,18.4,14.8,4.9,0.8,14.5,14.0,1.4,1.5,6.0,1.0,0.43465173
44005,Newport County,RI,2.0,85442,0.2787,12.5,6.5,23.3,5.2,3.6,23.9,16.2,11.7,4.6,1.2,15.8,8.3,2.0,0.7,7.4,4.5,0.42680976
44007,Providence County,RI,1.0,657984,0.8097,21.2,6.3,30.9,13.7,5.3,15.7,20.3,14.2,7.7,6.3,41.6,14.7,0.4,2.7,11.3,4.4,0.42099854
44009,Washington County,RI,2.0,129998,0.1324,12.8,5.9,22.0,5.1,2.2,21.9,15.8,10.6,5.0,0.9,10.0,5.6,1.7,0.6,4.4,5.3,0.44308859
45001,Abbeville County,SC,5.0,24368,0.5988,28.7,2.8,22.2,14.9,10.5,22.1,19.8,12.4,5.4,0.4,31.6,0.4,24.4,2.1,6.5,4.0,0.36302206
45003,Aiken County,SC,3.0,169865,0.6322,22.8,6.2,21.4,10.4,9.0,20.1,21.3,15.7,6.6,0.7,34.9,2.5,18.0,1.6,5.8,1.6,0.36505768
45005,Allendale County,SC,6.0,8073,0.9955,38.5,13.5,28.4,21.1,11.8,20.4,19.0,26.2,10.3,0.3,77.8,1.9,23.7,3.1,13.4,11.8,0.3140409
45007,Anderson County,SC,3.0,204592,0.6303,23.2,5.5,20.3,12.8,10.4,18.1,22.6,15.2,5.4,0.9,23.6,3.8,15.5,2.3,5.9,1.4,0.35749573
45009,Bamberg County,SC,6.0,13311,0.958,32.0,11.0,26.5,22.7,14.8,22.6,18.9,19.7,8.8,0.4,63.6,0.2,19.8,1.2,15.4,8.4,0.32871559
45011,Barnwell County,SC,6.0,20653,0.9612,35.2,5.9,24.8,17.2,11.5,18.7,23.5,20.0,11.2,0.2,50.2,1.7,28.6,3.4,11.6,2.0,0.33685982
45013,Beaufort County,SC,4.0,189071,0.469,17.6,3.1,24.1,6.4,8.8,27.7,17.8,13.1,5.2,2.1,32.0,12.4,9.5,1.7,3.5,3.0,0.37319136
45015,Berkeley County,SC,3.0,231419,0.5447,19.2,3.8,22.0,9.9,10.2,14.4,23.6,13.4,7.6,1.2,37.9,8.9,16.2,1.9,3.4,1.6,0.37994879
45017,Calhoun County,SC,3.0,14145,0.7273,25.5,7.3,22.2,13.5,9.3,23.6,18.7,17.3,6.7,0.2,45.5,0.7,35.6,2.5,5.3,1.5,0.3568759
45019,Charleston County,SC,3.0,409840,0.4343,19.4,3.7,28.8,7.1,8.9,17.3,19.4,10.7,5.3,1.6,34.8,15.4,5.2,1.3,6.1,2.7,0.36443993
45021,Cherokee County,SC,5.0,56200,0.7798,30.2,5.9,21.0,14.8,11.0,16.9,22.7,15.6,6.4,1.0,29.2,2.6,25.6,2.0,6.1,1.8,0.33409831
45023,Chester County,SC,2.0,32171,0.7047,30.1,6.2,20.5,14.8,11.8,18.6,22.4,16.3,5.9,0.2,41.9,1.3,22.7,2.6,6.8,0.6,0.33758575
45025,Chesterfield County,SC,6.0,43536,0.9462,32.8,8.7,20.0,18.6,12.4,18.9,22.1,19.1,7.7,1.7,40.5,0.7,37.1,3.0,9.3,2.2,0.34973195
45027,Clarendon County,SC,6.0,31163,0.9691,31.3,10.1,25.3,19.1,10.1,24.1,18.9,20.2,5.0,0.6,51.6,2.8,36.1,2.8,11.7,4.3,0.35901266
45029,Colleton County,SC,6.0,38561,0.966,31.4,8.6,26.1,13.8,15.8,19.9,22.4,16.8,6.6,1.3,43.3,2.3,40.5,3.1,9.4,1.7,0.3594847
45031,Darlington County,SC,4.0,63025,0.8921,32.0,6.5,25.5,14.3,8.9,19.2,22.2,16.8,9.0,0.4,46.2,2.0,28.4,1.9,9.9,2.1,0.3379581
45033,Dillon County,SC,6.0,28255,0.9745,44.9,7.2,24.6,21.7,15.0,16.9,25.2,16.8,11.4,0.8,54.9,0.2,34.7,5.8,10.6,1.4,0.3288188
45035,Dorchester County,SC,3.0,162139,0.6306,18.6,5.5,26.3,9.4,10.5,14.7,24.1,13.5,7.7,1.3,37.6,6.6,11.9,2.7,3.1,1.2,0.38715836
45037,Edgefield County,SC,3.0,26181,0.8476,29.3,6.2,18.1,17.0,10.5,19.0,17.5,15.6,8.2,3.0,43.2,1.8,25.7,1.7,7.5,9.6,0.34676284
45039,Fairfield County,SC,3.0,20942,0.8893,33.4,6.9,24.9,15.9,7.5,22.4,18.7,18.0,8.7,0.4,61.4,2.2,24.0,3.2,6.6,1.8,0.32955003
45041,Florence County,SC,4.0,137015,0.8256,26.7,4.5,25.2,12.7,10.5,17.5,23.5,12.7,7.2,0.7,49.5,4.0,18.0,2.7,7.4,2.4,0.35022402
45043,Georgetown County,SC,5.0,63594,0.5301,23.3,5.0,24.2,9.1,10.0,29.2,17.5,16.6,5.2,0.2,34.5,4.7,18.3,1.4,5.1,1.0,0.3506048
45045,Greenville County,SC,3.0,528251,0.6246,18.8,4.1,24.1,9.9,10.2,16.3,22.8,12.3,6.6,2.3,33.0,11.4,7.9,2.4,5.1,2.3,0.36447281
45047,Greenwood County,SC,5.0,69309,0.8466,30.9,5.5,25.3,13.1,8.3,19.0,22.4,12.5,9.8,1.3,41.2,3.8,12.5,1.4,8.3,4.6,0.34375152
45049,Hampton County,SC,6.0,18890,0.9621,35.1,10.7,23.3,19.1,12.1,18.3,20.5,21.0,8.9,2.0,60.2,0.1,36.3,1.5,10.3,4.4,0.34773338
45051,Horry County,SC,3.0,356578,0.7022,23.7,5.6,27.0,8.4,13.6,25.2,17.3,17.5,5.6,1.3,23.2,20.5,13.4,1.1,4.3,1.6,0.36631173
45053,Jasper County,SC,4.0,29444,0.8829,27.9,6.3,26.7,10.2,13.5,21.3,19.0,14.0,5.9,3.5,54.7,5.5,28.2,4.1,3.6,2.7,0.33272314
45055,Kershaw County,SC,3.0,65779,0.4782,22.4,4.7,23.4,11.1,8.7,18.6,23.0,16.4,5.8,0.7,32.4,1.9,22.6,1.3,3.5,0.6,0.36409491
45057,Lancaster County,SC,2.0,97611,0.4575,20.1,5.0,17.6,10.9,7.9,21.3,21.4,14.1,5.8,1.4,30.8,2.3,12.9,1.8,4.1,1.8,0.342426
45059,Laurens County,SC,3.0,67456,0.8947,28.5,5.2,25.1,17.3,13.7,18.7,21.8,17.2,7.5,1.5,33.1,1.4,30.2,2.1,6.3,3.6,0.34825429
45061,Lee County,SC,6.0,16557,0.9704,40.8,9.2,28.3,18.8,10.4,19.6,18.9,19.0,7.5,0.0,67.1,1.4,30.9,5.8,12.4,8.2,0.33804891
45063,Lexington County,SC,3.0,295934,0.4855,20.3,4.4,20.8,8.7,9.3,16.5,22.9,13.9,6.9,1.1,27.3,5.3,17.5,2.0,4.7,0.9,0.38097638
45065,McCormick County,SC,6.0,9612,0.6087,24.3,6.4,19.8,14.8,5.5,36.3,10.8,18.4,6.1,0.0,47.4,0.8,22.1,1.4,5.1,10.1,0.34233049
45067,Marion County,SC,6.0,29212,0.8753,42.8,6.8,20.8,15.5,13.7,20.3,22.5,16.4,12.3,0.0,61.9,0.0,35.7,5.4,12.3,0.7,0.33668154
45069,Marlboro County,SC,6.0,26585,0.9405,40.1,7.8,23.4,19.6,13.6,18.1,19.9,19.5,6.6,0.3,61.6,0.4,28.1,2.6,13.3,8.9,0.32818368
45071,Newberry County,SC,5.0,37918,0.8027,26.0,3.9,21.9,14.5,9.3,20.0,21.4,16.4,8.6,2.0,39.9,1.8,23.9,1.8,6.0,3.5,0.36509457
45073,Oconee County,SC,5.0,78775,0.6968,26.0,5.8,22.5,13.1,10.6,23.7,19.4,19.3,6.3,1.0,16.3,3.5,22.1,1.1,5.5,1.1,0.37738848
45075,Orangeburg County,SC,5.0,84159,0.9516,36.3,9.2,27.0,15.7,10.1,20.3,21.6,13.9,9.2,0.7,66.9,1.4,30.7,2.2,8.5,4.0,0.34816667
45077,Pickens County,SC,3.0,131106,0.5717,26.5,4.2,25.1,12.9,8.8,17.0,18.5,15.0,4.2,0.5,15.3,8.3,18.1,1.4,6.8,5.8,0.36054209
45079,Richland County,SC,3.0,416161,0.7922,25.2,6.8,32.7,7.8,9.0,13.4,21.5,13.9,9.3,0.9,59.2,13.8,4.8,1.9,6.7,7.0,0.33710688
45081,Saluda County,SC,3.0,18952,0.8228,30.0,3.3,20.7,16.8,16.1,20.0,21.7,16.1,6.7,4.3,41.7,0.0,30.9,4.7,5.1,2.1,0.3638905
45083,Spartanburg County,SC,3.0,330119,0.7486,23.4,4.7,23.2,12.2,10.8,16.3,23.1,15.1,7.4,2.4,33.2,5.1,12.1,2.3,4.5,2.4,0.35413489
45085,Sumter County,SC,4.0,105199,0.8762,28.5,7.2,26.6,11.2,10.8,17.0,23.8,15.2,8.0,0.4,55.6,4.1,19.9,1.7,8.0,2.5,0.35542685
45087,Union County,SC,3.0,27158,0.9173,36.0,10.2,20.4,18.4,11.5,20.5,21.0,22.1,9.0,0.2,35.8,3.4,21.2,2.3,9.0,1.7,0.34257308
45089,Williamsburg County,SC,6.0,30879,0.9634,32.8,4.5,31.1,17.1,11.3,21.4,19.5,20.2,5.7,1.5,68.6,0.4,42.4,3.3,14.2,5.0,0.3518706
45091,York County,SC,2.0,282987,0.3436,15.6,4.7,20.8,7.7,8.1,14.7,23.8,10.1,7.0,0.8,31.6,10.8,9.3,1.7,3.7,1.4,0.35804442
46003,Aurora County,SD,6.0,2590,0.104,11.6,0.8,16.3,8.7,6.9,19.3,25.5,12.7,4.3,1.6,11.3,1.4,6.3,0.4,1.8,4.2,0.56149024
46005,Beadle County,SD,5.0,19089,0.7289,26.0,2.3,21.8,14.9,5.4,18.8,27.3,12.5,5.3,3.3,27.2,8.5,6.3,4.5,7.0,3.0,0.48727971
46007,Bennett County,SD,6.0,3391,0.811,45.8,7.9,23.2,11.1,25.9,12.7,37.2,11.1,10.9,0.2,63.6,0.4,7.3,7.9,9.0,1.3,0.42284983
46009,Bon Homme County,SD,6.0,7018,0.1899,25.7,2.2,20.7,11.1,6.0,21.2,18.1,13.4,3.7,0.4,13.8,3.3,4.4,0.7,4.1,23.2,0.56463987
46011,Brookings County,SD,5.0,34631,0.154,22.3,3.9,22.3,3.8,4.7,12.9,20.5,9.0,2.7,0.7,11.4,15.2,8.0,0.8,5.8,9.5,0.53063548
46013,Brown County,SD,5.0,38278,0.2669,16.3,3.6,20.5,6.3,6.9,17.7,23.2,11.9,4.4,1.3,14.6,18.2,5.2,0.9,6.3,2.9,0.50886953
46015,Brule County,SD,6.0,5247,0.3872,24.8,3.2,15.8,14.2,9.4,19.1,24.5,14.7,4.3,0.1,18.8,6.3,8.8,0.2,5.0,5.8,0.54367548
46017,Buffalo County,SD,6.0,1859,0.9892,46.6,14.9,27.6,17.6,39.6,7.5,38.0,14.0,15.3,0.9,81.5,5.8,18.2,11.0,14.2,0.1,0.35297927
46019,Butte County,SD,6.0,10369,0.5431,21.5,5.8,24.0,10.6,15.0,19.6,23.4,15.2,4.1,0.0,11.9,3.3,25.1,3.2,3.8,1.4,0.4887557
46021,Campbell County,SD,6.0,1534,0.0878,13.5,3.9,14.2,12.8,4.5,27.3,22.6,12.3,1.6,0.6,5.3,2.0,13.5,1.3,4.5,0.3,0.64075756
46023,Charles Mix County,SD,6.0,9302,0.6777,33.2,7.1,19.4,10.5,17.8,18.2,30.8,12.0,4.7,0.1,37.6,2.7,3.9,4.9,5.3,3.5,0.49512973
46025,Clark County,SD,6.0,3837,0.3659,19.4,5.3,22.4,8.9,7.6,23.4,28.4,11.2,3.9,1.2,7.8,2.2,6.4,1.5,3.2,3.2,0.58590591
46027,Clay County,SD,5.0,14953,0.6367,30.0,8.2,24.8,6.6,7.9,11.9,17.3,12.7,6.1,0.4,13.8,14.9,6.7,4.0,8.2,15.6,0.49118146
46029,Codington County,SD,5.0,28402,0.2415,20.0,1.5,20.2,8.2,7.3,18.4,23.5,11.3,3.9,0.4,9.3,8.3,7.8,2.2,5.5,2.1,0.49549243
46031,Corson County,SD,6.0,3906,0.7324,52.5,24.6,15.0,13.8,20.4,11.6,36.4,12.1,9.8,0.0,71.8,0.0,10.4,8.7,10.6,0.0,0.4951005
46033,Custer County,SD,4.0,8515,0.2937,18.2,3.0,24.0,6.4,10.8,31.5,13.6,19.4,2.6,0.0,11.1,4.0,16.5,2.5,0.7,2.7,0.5225113
46035,Davison County,SD,5.0,19966,0.3742,22.9,1.4,21.7,9.8,8.0,20.0,23.4,14.6,4.2,0.2,10.2,14.2,6.1,0.4,7.7,4.4,0.49640808
46037,Day County,SD,6.0,5485,0.1282,25.4,2.6,15.7,8.5,8.2,26.1,22.4,13.5,1.7,0.0,14.7,3.2,5.0,0.5,4.0,2.3,0.52431262
46039,Deuel County,SD,6.0,4298,0.0213,15.4,2.0,10.6,7.2,7.2,21.9,24.6,13.7,3.7,0.0,6.6,3.2,2.5,0.6,2.1,1.3,0.55837452
46041,Dewey County,SD,6.0,5275,0.8263,44.6,14.6,16.5,13.4,23.6,9.6,37.8,9.1,10.5,0.1,81.3,3.3,19.8,9.2,6.2,1.2,0.32285646
46043,Douglas County,SD,6.0,2823,0.3166,21.9,0.6,15.7,8.7,20.7,23.6,26.2,11.4,2.6,0.6,6.5,3.4,3.6,4.3,3.0,4.5,0.62231493
46045,Edmunds County,SD,5.0,4014,0.0258,17.6,2.1,16.3,7.4,4.9,21.4,23.1,12.6,1.6,0.6,5.1,0.0,10.6,0.4,0.9,2.7,0.63141114
46047,Fall River County,SD,6.0,7079,0.6277,28.6,2.7,26.9,8.5,15.2,31.4,16.7,20.1,3.0,0.9,15.9,7.0,15.5,0.0,5.7,4.0,0.48048779
46049,Faulk County,SD,6.0,2140,0.3627,29.9,3.7,13.7,7.8,4.2,26.5,25.4,13.7,2.0,0.5,4.3,5.4,8.5,1.3,7.1,9.7,0.57583451
46051,Grant County,SD,6.0,7533,0.231,14.4,3.3,16.4,8.3,9.0,23.0,21.8,15.0,3.0,0.6,7.8,4.4,4.1,2.0,5.3,3.3,0.52377838
46053,Gregory County,SD,6.0,3983,0.1817,22.5,2.6,15.9,9.6,7.2,25.2,23.8,12.8,3.4,0.0,13.2,4.5,7.4,1.5,4.4,1.5,0.57165724
46055,Haakon County,SD,6.0,1755,0.2389,22.0,0.0,11.7,3.6,10.6,26.7,22.6,15.6,3.4,0.0,9.6,2.6,23.9,0.0,8.9,2.6,0.58954352
46057,Hamlin County,SD,6.0,6196,0.1336,14.2,2.5,16.0,7.6,9.4,14.3,32.7,6.6,5.3,1.9,8.0,1.2,4.7,2.3,1.7,3.2,0.55332106
46059,Hand County,SD,6.0,3075,0.048,15.0,1.2,13.5,6.9,3.9,25.3,22.5,14.9,2.4,0.0,7.4,5.8,7.5,0.3,4.3,2.3,0.58249176
46061,Hanson County,SD,5.0,3443,0.0003,13.5,2.0,14.8,5.3,4.0,15.7,30.7,6.5,3.1,0.0,6.7,0.0,3.8,0.2,1.4,0.8,0.57912052
46063,Harding County,SD,6.0,1176,0.0264,11.5,2.2,6.9,5.9,3.9,19.0,20.7,8.2,2.6,0.0,15.1,0.7,16.2,4.1,1.5,3.7,0.68827528
46065,Hughes County,SD,5.0,17812,0.3013,15.0,0.4,19.8,3.3,6.5,17.1,24.6,12.5,4.6,0.1,19.2,10.4,12.7,2.2,7.5,6.1,0.45549461
46067,Hutchinson County,SD,6.0,7401,0.1209,19.1,1.5,14.3,8.0,4.5,21.9,26.0,13.0,3.4,0.5,8.5,3.4,2.6,0.8,4.7,4.9,0.60897982
46069,Hyde County,SD,6.0,1319,0.0153,11.4,0.7,15.7,9.2,5.2,24.1,21.5,10.6,1.3,0.0,10.2,0.6,11.1,0.0,0.0,3.3,0.56090772
46071,Jackson County,SD,6.0,2838,0.9771,50.9,7.4,27.3,12.9,24.8,14.6,32.7,9.4,13.3,0.2,67.3,5.3,18.8,10.2,14.8,3.0,0.48445693
46073,Jerauld County,SD,6.0,1836,0.1976,15.0,0.7,16.2,8.3,5.4,30.9,20.9,16.0,3.7,0.0,12.0,3.8,7.3,4.8,5.1,2.5,0.58494878
46075,Jones County,SD,6.0,1006,0.2036,20.1,1.6,9.2,5.1,12.5,21.6,29.8,4.5,6.3,0.0,21.8,0.0,29.4,5.3,2.6,0.0,0.44659027
46077,Kingsbury County,SD,6.0,5172,0.1114,14.6,0.8,17.5,9.5,5.6,22.6,24.8,11.2,3.2,0.1,6.4,3.1,7.7,1.7,4.8,2.7,0.58351773
46079,Lake County,SD,6.0,11207,0.09,15.6,1.6,20.3,6.7,4.0,23.4,20.0,12.9,3.3,0.6,7.8,7.4,8.5,0.7,2.5,4.7,0.54938751
46081,Lawrence County,SD,5.0,26047,0.3449,19.6,2.5,25.4,5.0,10.8,23.4,16.9,17.1,2.8,0.5,10.6,11.0,12.9,1.1,4.5,4.2,0.5049876
46083,Lincoln County,SD,3.0,65801,0.0309,10.6,1.4,18.3,4.0,4.2,13.7,27.1,7.9,6.4,0.8,9.1,13.3,1.8,1.1,1.5,0.6,0.51451063
46085,Lyman County,SD,6.0,3719,0.867,38.6,5.0,16.4,8.5,20.6,17.1,28.5,16.3,6.7,1.4,46.4,2.2,11.0,5.6,10.1,2.4,0.39020699
46087,McCook County,SD,3.0,5714,0.0366,13.3,2.1,14.4,7.4,9.0,18.0,27.9,11.5,4.3,0.2,7.3,0.8,3.4,0.7,2.2,4.4,0.5833137
46089,McPherson County,SD,6.0,2251,0.1788,21.1,0.3,13.2,18.9,7.1,31.1,20.1,13.1,1.7,1.7,4.8,2.8,3.6,0.0,4.2,10.5,0.57158643
46091,Marshall County,SD,6.0,4363,0.1193,12.1,1.2,11.4,9.7,5.3,22.7,23.4,10.7,2.8,1.6,18.0,2.9,9.2,1.0,1.9,3.0,0.51115954
46093,Meade County,SD,4.0,29970,0.1744,15.7,3.5,24.9,4.2,9.9,15.9,21.8,14.0,4.3,0.2,14.0,4.9,12.8,0.9,2.5,3.7,0.47256964
46095,Mellette County,SD,6.0,1989,0.8552,56.8,16.5,15.3,18.0,28.9,15.7,29.2,10.2,10.6,0.0,67.8,0.4,25.2,11.9,6.6,2.3,0.48796114
46097,Miner County,SD,6.0,2312,0.2154,17.3,1.4,20.2,9.5,8.0,24.2,21.5,18.0,5.8,0.0,6.2,4.0,2.1,2.0,4.0,2.2,0.56584352
46099,Minnehaha County,SD,3.0,197742,0.3748,15.6,2.4,21.8,6.9,8.2,13.5,25.3,10.4,6.6,1.4,19.8,20.1,3.9,2.0,5.1,2.8,0.45521829
46101,Moody County,SD,6.0,6346,0.2431,15.2,1.7,17.5,5.5,8.0,19.5,26.2,12.9,3.9,1.2,24.7,5.8,4.5,3.8,3.8,1.5,0.50789303
46102,Oglala Lakota County,SD,6.0,13695,0.9545,65.8,11.8,25.6,26.1,42.8,7.5,36.9,10.7,13.9,0.0,95.4,0.3,25.2,28.7,22.1,2.1,0.24840364
46103,Pennington County,SD,4.0,110386,0.5539,19.3,3.5,26.3,5.8,11.1,19.1,22.3,14.9,6.0,0.4,21.5,12.9,10.5,1.7,5.6,3.4,0.42782056
46105,Perkins County,SD,6.0,2970,0.3417,19.6,4.2,15.7,7.8,9.0,25.8,21.9,12.8,7.8,0.0,4.6,3.9,15.8,2.8,3.4,3.1,0.55530196
46107,Potter County,SD,6.0,2587,0.0296,14.7,2.8,13.1,3.4,7.1,26.7,22.7,10.8,0.8,0.0,8.1,0.0,23.7,0.4,1.5,3.0,0.55808425
46109,Roberts County,SD,6.0,10242,0.6694,34.0,5.2,17.0,8.9,18.7,19.9,28.8,9.9,9.7,0.0,44.8,2.1,11.2,4.8,4.2,2.1,0.45691672
46111,Sanborn County,SD,5.0,2373,0.167,18.3,1.1,19.7,8.1,7.1,20.5,27.1,12.3,4.9,0.0,6.7,2.3,8.2,0.4,7.7,2.4,0.55815685
46115,Spink County,SD,6.0,6355,0.1381,18.7,1.6,15.4,9.4,6.8,22.9,23.2,11.2,4.4,0.5,7.6,3.8,7.6,0.5,4.2,3.3,0.57105494
46117,Stanley County,SD,5.0,2979,0.0452,7.0,0.2,13.6,5.7,6.1,22.0,22.2,13.7,1.0,0.0,11.0,6.1,23.2,1.7,2.9,0.0,0.52386951
46119,Sully County,SD,6.0,1318,0.027,12.8,0.0,13.9,3.8,8.6,25.0,17.1,9.9,3.0,6.6,7.9,1.9,17.8,0.7,0.8,0.3,0.62413061
46121,Todd County,SD,6.0,9353,0.9475,66.6,15.1,18.9,20.2,27.6,7.3,39.4,7.8,20.3,0.2,92.5,7.9,15.4,14.5,16.9,1.6,0.30178499
46123,Tripp County,SD,6.0,5607,0.6236,31.7,4.9,22.2,10.2,10.9,23.0,22.8,8.6,4.9,1.1,20.3,5.0,14.5,0.4,5.6,3.0,0.52794182
46125,Turner County,SD,3.0,8687,0.0725,17.4,2.3,17.1,8.6,5.3,21.6,24.8,10.3,5.1,0.5,5.2,3.3,3.6,0.5,2.4,2.6,0.57038289
46127,Union County,SD,4.0,16700,0.0627,12.8,3.0,19.0,5.5,5.1,18.4,24.3,11.3,6.2,0.4,10.8,11.5,3.9,1.0,2.5,0.8,0.52143943
46129,Walworth County,SD,6.0,5317,0.5024,21.3,3.6,21.1,8.8,11.7,23.0,22.6,13.0,5.8,0.1,21.1,4.1,11.3,2.9,2.9,4.7,0.49720278
46135,Yankton County,SD,5.0,23311,0.2014,14.7,1.6,15.2,6.9,7.7,19.9,21.3,13.8,3.4,1.0,12.1,13.3,4.5,1.6,5.0,7.9,0.49434793
46137,Ziebach County,SD,6.0,2455,0.8842,50.6,32.0,21.7,10.4,31.6,10.2,27.4,9.3,8.9,0.0,74.9,7.4,28.7,7.2,11.4,0.0,0.38368574
47001,Anderson County,TN,3.0,77337,0.6363,24.5,5.4,23.0,9.1,9.9,20.2,21.2,20.6,5.4,0.8,12.4,8.8,10.2,1.7,5.4,1.7,0.38087597
47003,Bedford County,TN,5.0,50533,0.7261,21.8,4.6,24.5,15.0,13.8,14.6,25.1,15.4,8.2,2.0,24.8,2.5,13.1,3.2,3.9,1.2,0.38758874
47005,Benton County,TN,6.0,15933,0.4508,29.6,6.5,16.8,15.3,10.4,23.6,19.5,25.0,5.3,0.0,8.6,0.9,28.4,1.0,4.2,1.2,0.37248281
47007,Bledsoe County,TN,6.0,14816,0.6997,35.1,6.7,16.7,21.9,17.0,19.3,16.4,26.6,2.8,0.5,12.7,0.3,26.7,2.4,5.2,7.9,0.41126662
47009,Blount County,TN,3.0,135951,0.2313,16.8,4.1,18.9,9.6,9.9,20.6,19.9,13.4,4.5,0.7,10.1,4.2,11.2,2.1,3.0,1.5,0.37461588
47011,Bradley County,TN,4.0,108859,0.6726,23.4,5.4,23.2,11.8,10.9,17.1,21.7,18.2,6.3,1.4,16.1,4.6,10.3,1.7,4.7,2.9,0.37486762
47013,Campbell County,TN,3.0,39397,0.7143,32.6,7.1,22.3,18.8,10.2,20.6,20.5,28.3,4.6,0.2,4.1,3.7,15.5,2.3,6.2,1.7,0.35711318
47015,Cannon County,TN,2.0,14481,0.2739,24.7,3.3,18.0,14.4,11.4,17.4,21.4,19.6,5.0,0.4,7.1,0.5,16.6,1.6,4.9,1.0,0.41260573
47017,Carroll County,TN,6.0,28381,0.5457,29.1,4.6,19.3,11.3,10.5,20.1,21.8,20.1,5.5,0.2,16.0,1.1,16.7,0.8,6.6,3.7,0.39007095
47019,Carter County,TN,4.0,56315,0.6666,30.6,7.2,21.1,12.6,12.9,22.1,18.0,22.2,5.5,0.4,7.1,2.1,18.6,1.2,5.9,2.8,0.36028162
47021,Cheatham County,TN,2.0,41184,0.1995,16.8,3.7,16.9,11.1,10.2,15.5,21.4,14.6,5.8,1.0,9.8,4.5,11.4,1.9,1.8,0.9,0.39842758
47023,Chester County,TN,4.0,17392,0.4553,28.6,6.9,16.0,14.4,10.6,17.3,21.6,11.8,6.9,0.3,15.4,1.9,15.8,0.5,4.0,7.5,0.39474192
47025,Claiborne County,TN,6.0,32092,0.5619,30.3,6.1,22.5,17.8,9.1,19.7,18.9,25.9,4.1,0.2,5.3,1.6,24.8,1.2,5.1,4.0,0.38336492
47027,Clay County,TN,6.0,7592,0.6605,36.7,5.5,16.6,15.0,8.3,24.2,20.2,23.6,5.4,2.3,6.1,2.1,29.7,0.8,6.5,1.5,0.41744497
47029,Cocke County,TN,5.0,36186,0.7369,34.1,6.2,24.7,15.5,12.8,21.7,20.4,23.4,7.5,0.5,7.5,0.2,28.4,2.3,4.3,1.0,0.35064262
47031,Coffee County,TN,5.0,58080,0.6411,26.6,4.6,22.0,12.6,9.7,17.4,24.0,18.7,7.6,1.1,13.3,4.2,13.0,1.7,4.3,1.2,0.39557439
47033,Crockett County,TN,4.0,13955,0.7203,24.3,3.8,21.1,14.3,12.1,19.0,23.6,16.4,10.7,2.4,28.0,0.5,13.9,2.3,5.2,1.6,0.37640527
47035,Cumberland County,TN,5.0,61552,0.3506,28.4,5.7,19.1,10.7,9.1,31.5,16.9,21.1,3.1,0.2,6.2,2.2,14.1,1.2,5.6,1.1,0.39205098
47037,Davidson County,TN,1.0,709786,0.7171,22.4,4.6,31.3,9.7,12.1,12.8,20.4,11.4,6.9,4.8,44.4,25.7,1.3,2.7,6.7,3.0,0.35509214
47039,Decatur County,TN,6.0,11483,0.4496,31.8,7.9,17.6,14.9,9.9,23.5,20.2,16.0,2.7,0.2,9.0,0.9,20.8,2.0,3.8,1.9,0.41179168
47041,DeKalb County,TN,6.0,20209,0.8018,33.8,5.0,27.7,18.9,9.7,18.7,21.6,21.4,4.6,0.9,13.0,2.0,16.4,2.3,8.7,1.7,0.38730413
47043,Dickson County,TN,2.0,54563,0.2316,17.8,3.8,18.1,11.6,9.8,16.3,22.7,17.2,5.2,0.4,11.8,1.9,12.5,2.1,1.9,1.3,0.40143868
47045,Dyer County,TN,5.0,36818,0.6335,27.7,4.5,25.3,11.8,9.4,17.6,23.7,18.4,9.1,0.6,21.7,2.6,6.4,0.9,6.4,1.5,0.36140946
47047,Fayette County,TN,2.0,42228,0.3668,17.4,5.3,18.6,9.7,8.4,22.0,18.4,17.2,5.2,0.9,33.3,0.9,11.2,1.9,5.0,1.3,0.33418763
47049,Fentress County,TN,6.0,18642,0.4413,33.0,5.3,18.9,19.1,8.5,22.7,20.5,24.0,4.8,0.1,4.7,0.8,18.9,1.4,5.5,0.9,0.36449346
47051,Franklin County,TN,5.0,42980,0.4219,24.5,2.6,22.9,10.0,9.1,20.3,19.7,20.0,5.4,0.5,12.3,0.6,9.0,1.4,5.5,5.3,0.3945379
47053,Gibson County,TN,4.0,50455,0.7833,26.9,5.4,22.4,12.4,10.7,17.5,24.2,21.1,6.5,0.7,24.1,2.0,12.9,1.5,9.2,2.1,0.35932791
47055,Giles County,TN,6.0,30317,0.4524,24.4,5.1,18.7,12.0,8.1,20.7,20.4,15.5,6.1,0.4,17.3,3.3,18.0,1.0,4.0,2.5,0.38008285
47057,Grainger County,TN,3.0,23648,0.6128,29.4,5.8,21.7,19.0,10.8,20.7,19.6,23.3,3.5,1.2,7.0,2.1,30.6,1.3,6.6,0.6,0.38071308
47059,Greene County,TN,5.0,70399,0.615,28.0,5.4,18.8,13.6,10.1,21.8,19.1,22.2,5.7,0.5,8.0,2.0,22.4,1.7,4.9,2.9,0.36166871
47061,Grundy County,TN,6.0,13550,0.5192,29.0,6.3,18.5,20.5,13.7,20.5,21.4,24.7,4.0,0.2,5.2,0.0,22.6,1.4,5.9,1.4,0.3889381
47063,Hamblen County,TN,4.0,64531,0.8591,30.1,6.6,23.3,13.6,13.3,18.2,23.2,19.4,7.8,2.8,19.7,6.0,9.3,2.3,4.9,1.3,0.35783371
47065,Hamilton County,TN,3.0,367193,0.5635,19.5,4.4,24.1,9.3,9.6,18.1,20.8,14.7,6.3,1.9,29.9,12.8,3.1,1.5,5.9,2.9,0.35301656
47067,Hancock County,TN,6.0,6726,0.8419,47.4,10.1,22.4,20.2,11.8,22.4,21.1,26.7,4.9,0.2,3.8,0.3,24.0,2.8,13.5,2.3,0.38425693
47069,Hardeman County,TN,6.0,25519,0.8871,30.8,12.8,28.2,19.1,10.4,18.5,19.0,23.2,8.4,0.3,46.1,0.4,21.6,1.2,7.0,14.3,0.34753621
47071,Hardin County,TN,6.0,26824,0.503,31.4,3.3,20.9,14.6,13.2,23.0,20.0,19.2,5.3,0.3,9.1,0.9,16.8,1.6,4.5,1.9,0.38925275
47073,Hawkins County,TN,3.0,57107,0.5555,27.9,8.6,19.0,13.8,9.7,21.5,19.3,23.0,6.0,0.2,5.9,3.5,21.9,1.5,5.0,1.0,0.36921012
47075,Haywood County,TN,6.0,17806,0.8883,34.9,8.5,31.7,17.8,11.4,19.7,22.0,25.0,8.6,0.2,56.3,2.1,10.4,1.3,9.7,1.1,0.31953949
47077,Henderson County,TN,6.0,27845,0.6274,27.1,5.4,20.4,12.1,11.9,18.5,22.9,18.0,5.7,0.7,13.5,0.6,21.5,3.4,4.6,1.4,0.3846578
47079,Henry County,TN,5.0,32305,0.6118,30.0,4.0,20.6,12.9,11.0,23.4,20.2,22.9,6.4,0.1,13.6,2.4,26.4,1.1,6.2,1.6,0.37534887
47081,Hickman County,TN,2.0,24996,0.4181,23.2,3.7,20.2,17.5,9.1,17.4,20.6,19.9,5.2,0.1,10.4,1.0,22.3,1.9,3.2,6.5,0.38483703
47083,Houston County,TN,6.0,8253,0.3847,21.6,4.2,20.1,16.0,11.4,20.1,21.7,19.3,5.5,0.0,9.0,0.3,21.1,1.0,4.2,2.6,0.41098171
47085,Humphreys County,TN,6.0,19032,0.3735,24.7,10.2,20.5,12.7,10.8,20.2,22.2,17.2,3.9,0.0,9.6,1.0,16.4,1.3,3.3,1.6,0.38878846
47087,Jackson County,TN,5.0,11730,0.7035,30.5,7.2,16.8,18.7,9.7,22.5,17.8,25.9,5.4,0.6,6.7,1.6,25.8,2.2,6.8,1.7,0.37578982
47089,Jefferson County,TN,4.0,55017,0.4954,19.9,5.4,19.8,12.0,9.4,20.2,19.1,20.4,5.7,1.3,9.0,1.4,23.2,1.6,2.6,3.2,0.37141019
47091,Johnson County,TN,6.0,17982,0.6882,33.3,4.4,16.3,17.6,13.2,23.1,16.5,21.9,4.1,0.5,9.6,1.7,19.8,3.6,5.1,9.6,0.35657963
47093,Knox County,TN,3.0,481406,0.3738,21.0,3.8,24.3,7.7,8.0,16.1,20.8,12.3,5.8,1.3,18.9,14.3,3.9,1.3,5.6,2.5,0.3602325
47095,Lake County,TN,6.0,6898,0.9345,41.9,7.0,20.9,25.7,16.2,15.4,14.3,27.9,6.3,0.7,34.2,6.5,5.8,3.9,16.7,33.3,0.33154741
47097,Lauderdale County,TN,6.0,25171,0.9246,32.1,6.1,26.7,18.0,10.6,16.0,22.3,22.7,10.7,0.6,41.2,1.3,13.4,2.0,8.3,8.9,0.35393196
47099,Lawrence County,TN,5.0,44377,0.7391,30.1,6.3,22.0,14.2,13.8,17.6,24.9,17.5,6.1,1.3,7.8,2.0,12.1,1.9,7.1,1.2,0.38200092
47101,Lewis County,TN,6.0,12637,0.5288,29.7,5.2,23.5,15.6,12.7,20.4,21.9,21.5,3.5,0.0,7.9,0.6,26.3,2.0,2.8,2.1,0.38793707
47103,Lincoln County,TN,5.0,35365,0.3726,20.6,4.3,19.6,11.9,9.5,19.3,22.2,16.5,6.8,0.2,14.6,0.8,12.6,2.2,4.6,1.3,0.41405612
47105,Loudon County,TN,3.0,55507,0.1715,19.2,3.0,16.6,12.2,8.2,26.9,19.1,14.0,2.8,1.8,13.7,2.8,7.5,1.7,3.1,0.7,0.37602723
47107,McMinn County,TN,5.0,53532,0.5705,23.6,5.3,19.3,13.6,11.2,19.8,21.1,19.2,5.0,0.8,12.9,1.5,17.1,2.9,3.5,2.3,0.37986007
47109,McNairy County,TN,6.0,25895,0.3404,30.6,6.2,18.1,13.7,10.1,20.7,21.6,16.5,3.9,0.2,10.9,0.1,17.5,0.9,4.8,1.3,0.38462278
47111,Macon County,TN,2.0,25365,0.5686,27.3,3.6,23.4,22.0,10.4,15.6,24.5,17.3,5.0,1.4,9.7,1.0,23.2,2.4,3.3,1.3,0.41042402
47113,Madison County,TN,4.0,98644,0.8969,28.0,7.4,30.2,10.4,10.4,17.3,22.2,16.6,10.4,1.5,45.5,5.2,5.2,2.0,7.7,4.0,0.34448504
47115,Marion County,TN,3.0,28852,0.4951,27.5,5.7,18.9,19.2,8.7,20.0,20.7,21.5,5.6,0.2,9.1,1.2,20.5,2.1,4.5,0.8,0.38235199
47117,Marshall County,TN,5.0,34567,0.3513,24.9,5.8,21.2,10.8,6.8,16.4,23.2,12.0,7.1,0.9,15.6,1.7,9.5,2.1,2.1,1.1,0.38198176
47119,Maury County,TN,2.0,102002,0.2214,16.5,2.5,23.2,8.2,9.1,16.6,23.0,11.6,6.1,0.8,22.0,5.2,8.3,1.4,2.6,1.1,0.3699193
47121,Meigs County,TN,5.0,12839,0.4881,23.4,7.5,19.7,17.9,11.7,21.1,20.2,21.9,1.4,0.2,9.6,0.1,33.2,3.0,4.3,0.9,0.37347463
47123,Monroe County,TN,6.0,46489,0.7569,28.6,6.6,22.3,14.3,11.1,21.5,20.8,22.5,6.4,0.6,12.0,1.9,23.1,2.4,4.9,1.2,0.37495977
47125,Montgomery County,TN,3.0,222305,0.5997,20.0,6.1,26.7,5.9,8.6,9.5,26.7,15.5,9.3,0.9,39.1,5.8,4.2,2.7,3.6,1.7,0.37216002
47127,Moore County,TN,5.0,6558,0.2262,27.5,4.2,21.8,13.9,5.8,21.2,19.4,15.7,5.5,0.1,7.7,0.3,10.3,2.1,2.9,1.4,0.44952258
47129,Morgan County,TN,3.0,21124,0.6122,30.8,8.4,20.2,18.6,11.0,18.3,19.2,23.2,4.5,0.1,9.5,0.2,25.9,1.9,4.4,10.7,0.38531432
47131,Obion County,TN,5.0,30670,0.6064,28.3,5.0,20.1,15.2,8.8,20.4,21.8,22.7,5.4,0.6,19.9,1.4,11.3,1.4,7.3,1.3,0.37508652
47133,Overton County,TN,5.0,22576,0.252,28.7,3.5,18.7,17.8,7.3,20.1,21.1,17.3,5.5,0.1,4.5,0.6,19.1,1.2,4.6,1.2,0.39765087
47135,Perry County,TN,6.0,8432,0.4677,28.0,10.9,17.4,20.0,16.4,21.7,22.3,18.7,2.1,0.0,9.1,0.6,31.4,0.0,3.6,1.9,0.37251553
47137,Pickett County,TN,6.0,5042,0.3283,32.8,4.5,15.2,18.5,8.4,27.6,17.9,26.7,2.1,0.0,4.8,0.4,20.3,0.4,8.2,1.4,0.42832074
47139,Polk County,TN,4.0,17620,0.5157,25.2,7.8,15.9,15.3,15.5,20.9,19.5,21.8,3.4,0.1,9.4,0.3,25.0,2.5,5.7,1.4,0.37386617
47141,Putnam County,TN,5.0,80157,0.5536,28.0,4.5,27.4,10.8,9.0,16.3,20.6,13.9,5.9,1.2,12.8,6.3,8.3,1.7,4.1,4.1,0.39504185
47143,Rhea County,TN,6.0,33031,0.7238,29.7,7.9,16.1,16.7,11.1,18.9,22.0,21.5,6.3,1.1,12.0,0.8,21.1,1.2,6.6,2.3,0.37086412
47145,Roane County,TN,3.0,53777,0.3083,22.1,4.9,20.0,10.1,7.4,23.0,18.7,18.6,3.2,0.3,8.8,3.6,13.5,1.5,5.4,1.3,0.35640827
47147,Robertson County,TN,2.0,73297,0.279,17.9,3.8,21.2,11.4,9.4,14.9,23.7,13.8,5.6,1.4,18.6,2.8,7.7,1.5,3.0,1.2,0.39402518
47149,Rutherford County,TN,2.0,343727,0.4267,17.2,3.9,25.0,7.3,9.3,10.8,24.4,11.1,7.3,2.7,32.5,12.0,2.8,2.6,2.5,1.4,0.38541704
47151,Scott County,TN,6.0,21917,0.7388,39.7,9.6,23.5,19.6,12.0,16.9,23.8,26.7,10.4,0.3,3.2,2.1,29.3,0.1,4.2,1.4,0.37750253
47153,Sequatchie County,TN,3.0,16065,0.504,33.4,3.3,20.0,16.0,12.2,20.6,19.9,21.4,5.7,1.1,7.7,0.4,22.5,1.4,3.7,1.5,0.3554472
47155,Sevier County,TN,5.0,98455,0.566,23.2,3.5,22.7,12.3,13.2,20.0,20.4,17.4,5.2,2.0,11.6,8.2,11.3,2.6,3.6,1.1,0.36616534
47157,Shelby County,TN,1.0,926440,0.8708,27.8,7.3,32.7,10.4,11.9,14.2,25.0,12.7,10.3,1.9,65.5,12.3,1.1,2.0,8.4,1.7,0.31822866
47159,Smith County,TN,2.0,20034,0.4146,23.7,3.5,20.0,13.4,9.6,16.4,22.4,17.0,6.6,0.6,9.5,0.6,19.3,2.4,5.3,0.9,0.41190237
47161,Stewart County,TN,3.0,13724,0.3885,19.8,3.8,17.6,11.5,10.9,20.5,22.0,18.4,3.1,1.0,9.9,1.0,17.7,3.1,5.6,0.9,0.40899262
47163,Sullivan County,TN,3.0,158722,0.4839,25.5,6.2,22.2,10.7,9.3,22.0,19.1,18.8,5.6,0.2,7.6,4.9,10.9,1.2,4.9,1.6,0.35718608
47165,Sumner County,TN,2.0,196845,0.2927,15.8,3.5,23.9,8.7,7.9,16.3,23.2,12.9,5.8,1.2,18.9,9.7,6.3,2.0,3.3,0.8,0.40631235
47167,Tipton County,TN,2.0,61116,0.4158,20.2,5.4,20.2,11.0,9.3,15.0,24.0,17.8,8.3,0.4,25.5,1.1,10.2,1.3,4.3,1.2,0.35908478
47169,Trousdale County,TN,2.0,11596,0.2157,18.3,0.8,29.1,14.0,8.7,12.8,16.5,12.1,6.0,0.1,18.1,2.5,20.0,0.0,2.3,20.8,0.38320497
47171,Unicoi County,TN,4.0,17845,0.5371,30.5,5.4,21.4,12.0,8.9,23.4,18.2,22.2,4.4,0.6,8.7,1.5,17.6,0.6,5.5,2.9,0.36653757
47173,Union County,TN,3.0,19860,0.3783,25.4,5.7,17.6,19.6,8.6,18.2,21.5,21.9,5.6,0.1,4.9,0.9,23.8,2.3,3.2,0.9,0.36554793
47175,Van Buren County,TN,6.0,6182,0.623,30.0,4.1,18.5,19.4,16.6,24.0,19.5,25.3,2.5,0.2,4.9,0.0,26.3,4.0,11.3,1.7,0.38386759
47177,Warren County,TN,5.0,41163,0.7805,28.4,3.9,20.7,16.3,13.6,17.8,23.4,18.9,8.7,1.5,15.9,2.0,12.2,4.6,5.1,1.6,0.37481052
47179,Washington County,TN,4.0,133282,0.5857,25.7,5.0,23.3,9.0,9.9,18.5,18.7,16.5,5.1,1.0,12.6,9.1,9.1,1.9,5.5,3.7,0.35660639
47181,Wayne County,TN,6.0,16325,0.7474,32.2,4.6,19.5,17.7,12.7,19.0,18.1,19.4,6.5,0.4,11.1,1.1,25.9,2.5,6.6,11.4,0.41273278
47183,Weakley County,TN,5.0,32946,0.608,30.7,4.0,20.4,12.5,11.6,18.4,18.7,19.9,6.6,0.5,14.5,2.1,13.8,1.1,6.7,7.0,0.38108546
47185,White County,TN,5.0,27420,0.5154,30.0,5.4,22.9,18.2,12.9,20.4,21.9,16.7,5.1,0.1,7.3,0.5,19.7,1.9,4.1,1.3,0.36978859
47187,Williamson County,TN,2.0,248897,0.0165,6.5,2.1,16.3,4.0,4.2,13.9,26.4,7.3,4.6,0.8,17.3,9.5,1.5,1.1,2.2,0.2,0.43447807
47189,Wilson County,TN,2.0,149096,0.175,13.5,3.7,19.8,6.9,7.0,15.8,23.3,12.8,6.3,1.3,17.9,6.9,5.7,1.4,2.4,1.2,0.40067139
48001,Anderson County,TX,5.0,58077,0.896,25.7,3.9,24.6,15.2,17.4,14.8,19.0,16.8,7.8,2.0,43.3,3.5,19.7,5.1,6.5,21.7,0.39933142
48003,Andrews County,TX,5.0,18362,0.6834,22.5,2.7,22.7,26.2,24.9,9.6,30.6,11.9,5.4,8.2,61.6,2.5,19.7,5.5,1.6,0.7,0.54313022
48005,Angelina County,TX,5.0,86608,0.9917,30.8,6.0,24.7,16.0,18.6,16.3,25.4,19.1,9.4,3.6,40.7,6.1,18.2,4.0,5.6,3.6,0.40251619
48007,Aransas County,TX,3.0,24048,0.7614,26.3,4.4,27.0,11.4,15.5,27.6,17.4,16.9,4.0,0.7,34.1,5.3,15.7,5.1,5.1,1.4,0.44396698
48009,Archer County,TX,4.0,8649,0.2657,18.9,3.1,20.6,8.8,16.6,20.6,22.7,17.6,4.6,1.2,12.8,0.3,10.3,1.7,2.5,0.8,0.47960144
48011,Armstrong County,TX,3.0,1912,0.0865,14.7,0.2,16.7,7.2,7.3,28.7,22.2,11.7,4.8,0.9,13.0,0.0,7.7,1.0,0.0,3.1,0.48240829
48013,Atascosa County,TX,2.0,49403,0.8664,23.7,6.4,19.7,19.4,21.4,14.8,26.9,11.8,7.9,5.9,68.7,1.4,33.8,8.1,5.5,0.9,0.43785176
48015,Austin County,TX,2.0,30406,0.7133,22.2,3.8,22.6,12.1,14.0,20.0,23.6,13.0,6.8,3.5,39.9,1.6,22.1,5.7,3.5,1.0,0.44262847
48017,Bailey County,TX,6.0,6902,0.7843,19.1,2.1,14.9,26.8,32.1,12.4,26.9,13.0,12.4,18.5,71.9,0.2,9.4,5.4,13.2,2.7,0.45072377
48019,Bandera County,TX,2.0,21182,0.5899,21.5,6.7,20.2,8.0,13.9,27.9,16.8,18.8,3.4,2.3,25.9,0.2,26.0,3.9,1.5,2.2,0.41130218
48021,Bastrop County,TX,2.0,98435,0.7566,20.5,4.4,22.7,16.9,19.2,15.4,25.5,12.1,4.9,4.8,51.7,2.2,24.4,4.1,2.9,2.5,0.39969209
48023,Baylor County,TX,6.0,3475,0.462,18.9,1.1,24.8,13.0,16.3,23.9,23.5,23.6,1.4,0.0,19.8,0.5,7.9,3.6,3.1,2.3,0.48146331
48025,Bee County,TX,5.0,30977,0.9166,30.8,6.4,23.8,19.8,17.2,12.6,20.2,15.2,6.5,3.2,70.2,3.0,15.7,3.7,5.0,23.7,0.42976871
48027,Bell County,TX,3.0,372821,0.937,26.1,7.7,30.7,9.2,14.5,11.3,27.5,14.8,10.5,2.3,56.8,10.1,6.4,4.0,5.8,2.9,0.38150492
48029,Bexar County,TX,1.0,2014059,0.9192,25.0,5.5,30.6,14.1,16.0,12.3,25.1,14.3,8.4,5.6,73.9,17.6,2.7,4.5,6.4,1.7,0.39763954
48031,Blanco County,TX,6.0,11608,0.2339,15.5,3.9,20.8,9.7,15.2,24.3,17.7,14.5,3.0,1.4,25.5,0.6,11.5,1.9,1.8,1.1,0.41617861
48033,Borden County,TX,6.0,686,0.0267,2.6,1.8,2.8,5.5,2.3,18.4,34.3,10.5,0.0,0.5,17.9,0.0,12.6,9.3,1.4,0.0,0.51119179
48035,Bosque County,TX,3.0,18404,0.5794,22.3,3.9,16.8,12.3,18.2,24.9,20.9,19.3,3.5,2.2,24.5,1.3,18.9,3.1,2.9,1.9,0.4154121
48037,Bowie County,TX,4.0,92747,0.8766,26.8,4.0,27.2,10.0,15.5,17.1,23.7,12.6,9.5,1.1,37.8,5.9,13.6,3.7,6.2,6.2,0.37213114
48039,Brazoria County,TX,2.0,374600,0.6519,14.2,4.6,20.9,11.2,13.4,12.2,25.9,9.7,6.7,3.6,56.4,11.7,9.3,3.0,2.7,3.3,0.45193887
48041,Brazos County,TX,3.0,234548,0.804,31.9,4.6,37.7,10.7,12.2,9.5,19.9,9.6,6.8,3.2,45.6,18.3,5.8,3.2,5.5,7.6,0.40521902
48043,Brewster County,TX,6.0,9454,0.6478,23.3,3.0,23.3,11.1,11.9,23.9,18.2,12.2,5.0,2.1,48.1,5.1,18.2,1.3,6.1,2.7,0.48156571
48045,Briscoe County,TX,6.0,1290,0.5479,48.0,3.3,23.9,15.4,20.9,30.1,19.2,21.1,0.8,4.9,43.1,0.1,9.5,0.3,4.0,0.0,0.53149396
48047,Brooks County,TX,5.0,7059,0.9163,41.9,2.1,25.6,29.9,24.6,19.8,22.3,23.9,1.7,7.0,91.7,1.3,10.0,1.7,15.5,7.2,0.46043929
48049,Brown County,TX,5.0,38159,0.9135,24.7,3.8,25.3,12.6,17.3,20.1,20.8,21.3,8.3,2.0,30.3,4.6,14.7,3.4,5.7,4.7,0.41986787
48051,Burleson County,TX,3.0,17958,0.5049,18.1,3.8,12.6,16.3,13.8,21.7,21.8,13.7,3.1,5.2,36.6,2.1,29.9,2.8,3.4,1.2,0.44433939
48053,Burnet County,TX,6.0,49684,0.5819,19.1,3.4,21.1,11.6,17.4,23.1,20.5,15.9,4.4,2.8,28.1,2.2,16.8,3.5,3.3,1.7,0.40914196
48055,Caldwell County,TX,2.0,46141,0.8956,26.2,2.4,21.9,19.7,24.5,15.2,23.1,16.1,5.7,5.8,63.3,3.6,25.3,7.9,4.5,8.2,0.40088642
48057,Calhoun County,TX,5.0,20127,0.72,18.5,3.4,17.9,15.7,9.5,18.4,23.5,18.8,6.7,4.4,59.3,4.4,13.4,2.9,4.1,1.7,0.44452664
48059,Callahan County,TX,4.0,13869,0.2956,19.6,4.8,18.1,7.9,17.2,20.6,21.4,21.1,3.2,0.8,16.9,0.2,18.0,1.8,3.4,0.6,0.46301886
48061,Cameron County,TX,3.0,421854,0.9844,40.0,5.7,27.9,29.1,27.5,13.7,29.5,12.2,12.3,15.4,91.6,10.4,10.8,9.9,6.8,0.8,0.42624635
48063,Camp County,TX,5.0,12543,0.917,34.7,5.4,24.6,12.8,22.3,18.2,26.4,17.4,9.3,3.4,46.5,1.8,14.6,5.2,5.0,0.5,0.3853991
48065,Carson County,TX,3.0,5801,0.083,12.6,1.9,11.1,7.6,10.3,21.0,23.6,9.8,3.6,0.6,16.6,0.7,7.4,2.5,2.8,1.2,0.51317883
48067,Cass County,TX,6.0,28637,0.8619,28.6,7.2,22.1,12.4,13.7,22.2,22.4,21.0,7.8,0.7,24.8,1.3,18.7,2.9,6.1,1.3,0.40611151
48069,Castro County,TX,6.0,7381,0.7801,25.0,3.6,20.0,24.8,23.5,16.4,29.0,8.2,6.6,8.8,69.4,5.0,16.5,3.9,3.2,1.1,0.43991107
48071,Chambers County,TX,2.0,47037,0.4798,17.6,7.5,17.5,10.8,15.9,12.1,27.3,10.9,5.8,2.7,36.3,1.7,14.7,3.0,2.5,0.5,0.44866237
48073,Cherokee County,TX,5.0,50824,0.9717,30.6,5.8,22.2,21.1,20.8,17.7,25.4,12.6,9.0,4.6,41.1,2.1,19.9,4.6,6.1,6.8,0.39653513
48075,Childress County,TX,6.0,6781,0.7178,32.5,8.6,20.9,18.0,20.3,13.9,18.5,16.3,14.5,2.1,49.2,0.8,9.4,0.4,2.1,21.4,0.4231095
48077,Clay County,TX,4.0,10290,0.1772,16.4,1.8,14.3,7.1,15.8,22.3,20.2,20.5,4.3,0.7,12.3,0.3,14.6,2.1,3.3,0.8,0.44790524
48079,Cochran County,TX,3.0,2529,0.938,43.2,7.1,15.8,30.6,19.3,16.8,26.9,18.2,4.4,10.6,67.0,1.0,11.7,4.5,6.0,6.2,0.43910554
48081,Coke County,TX,6.0,3305,0.6379,29.5,3.0,23.1,14.0,12.7,27.2,21.6,19.2,5.0,1.6,26.6,0.0,19.6,0.7,3.6,3.1,0.44959652
48083,Coleman County,TX,6.0,7808,0.6449,25.6,6.3,15.7,11.8,25.0,25.5,21.7,21.0,3.9,2.2,24.5,2.0,14.3,0.8,6.8,0.8,0.43546647
48085,Collin County,TX,1.0,1079153,0.2997,11.3,4.2,22.2,5.6,10.1,11.2,25.2,7.5,5.3,3.7,47.3,20.8,1.6,2.9,2.9,0.6,0.45394358
48087,Collingsworth County,TX,6.0,2865,0.8498,30.8,2.8,16.6,22.2,30.3,20.4,29.5,15.7,16.3,2.8,39.2,2.1,6.7,5.0,4.0,2.5,0.46057707
48089,Colorado County,TX,6.0,20582,0.7639,22.2,5.7,14.9,15.6,15.0,22.3,23.3,14.2,2.6,2.8,45.4,2.5,19.7,5.0,5.6,1.7,0.42540532
48091,Comal County,TX,2.0,165201,0.2749,12.2,3.7,21.4,6.4,11.2,18.3,22.2,14.4,4.1,1.8,35.3,11.0,8.3,1.8,2.5,0.7,0.43416798
48093,Comanche County,TX,6.0,13651,0.7267,22.0,7.3,18.9,15.4,17.5,23.5,22.6,19.1,2.6,3.7,33.1,0.8,14.5,2.6,4.3,1.4,0.45486316
48095,Concho County,TX,6.0,3235,0.7534,21.8,2.3,15.2,25.1,10.0,24.5,18.3,21.6,7.3,14.6,45.8,0.8,22.2,1.7,4.3,25.3,0.52415884
48097,Cooke County,TX,5.0,41860,0.6946,20.3,3.9,21.9,11.2,15.0,18.9,23.1,13.7,6.9,3.6,26.8,4.1,11.2,3.7,4.8,1.5,0.44585288
48099,Coryell County,TX,3.0,82927,0.833,21.4,7.1,26.6,10.0,12.4,10.7,22.6,19.4,7.3,1.4,44.0,4.4,6.4,3.1,4.2,19.2,0.40343523
48101,Cottle County,TX,6.0,1647,0.6732,38.9,4.1,17.9,18.1,10.5,21.9,25.6,27.8,6.4,0.0,40.1,0.7,2.7,2.9,7.9,0.0,0.39484718
48103,Crane County,TX,6.0,4636,0.7092,18.9,3.0,11.6,25.0,22.0,14.0,25.8,5.7,4.7,10.7,71.1,0.9,23.3,3.8,9.5,2.6,0.53925216
48105,Crockett County,TX,6.0,2949,0.4098,15.4,2.0,11.0,28.1,18.1,23.5,18.0,12.6,6.9,5.4,59.0,2.2,12.2,0.0,0.0,2.1,0.47646713
48107,Crosby County,TX,3.0,5157,0.9504,33.8,4.9,18.9,22.2,20.0,18.4,25.5,21.4,12.6,3.4,62.1,1.1,11.2,5.6,6.1,1.7,0.40937132
48109,Culberson County,TX,6.0,2181,0.8393,28.7,10.1,9.5,23.6,14.5,21.7,15.2,23.9,4.5,6.4,88.6,1.9,22.8,0.0,10.7,1.9,0.46897694
48111,Dallam County,TX,6.0,7165,0.6039,29.8,2.6,16.9,22.0,25.3,9.5,31.7,10.5,2.1,11.8,52.8,6.7,15.7,3.9,3.4,0.6,0.45967686
48113,Dallas County,TX,1.0,2604053,0.8925,24.3,4.9,32.2,18.9,21.6,11.2,25.6,10.2,7.9,10.1,72.6,29.3,1.6,6.1,6.7,1.2,0.37589943
48115,Dawson County,TX,6.0,12342,0.9876,40.0,9.5,27.2,29.8,19.9,14.1,25.5,16.4,8.4,3.2,68.7,1.6,5.4,2.4,8.3,14.5,0.44701844
48117,Deaf Smith County,TX,5.0,18585,0.7245,32.5,2.1,15.7,27.8,23.2,12.9,30.8,8.2,10.4,8.3,77.8,3.4,8.9,5.1,3.4,1.1,0.42450094
48119,Delta County,TX,6.0,5278,0.3665,23.5,6.4,22.6,10.8,7.0,20.3,22.7,17.2,3.5,0.5,22.1,0.4,7.1,2.3,3.3,1.2,0.41349772
48121,Denton County,TX,2.0,914870,0.3796,12.1,4.0,23.4,6.7,10.9,10.9,23.9,8.8,5.9,3.3,44.4,18.1,2.8,2.6,3.1,1.3,0.44373801
48123,DeWitt County,TX,6.0,19826,0.8441,26.6,5.2,20.5,15.9,17.3,19.6,22.3,16.6,3.1,2.0,46.7,1.4,15.4,2.7,7.7,9.7,0.44684204
48125,Dickens County,TX,6.0,1570,0.7588,27.4,9.7,19.7,14.5,14.8,23.9,19.7,20.2,6.9,1.6,41.0,0.0,6.6,0.6,5.3,4.8,0.45186526
48127,Dimmit County,TX,6.0,8672,0.9994,60.9,4.7,31.3,27.2,17.3,17.0,27.8,18.3,13.8,4.9,90.3,2.0,26.5,7.5,14.9,1.7,0.43902838
48129,Donley County,TX,6.0,3298,0.3353,20.6,0.0,20.6,15.5,17.2,23.8,19.3,9.3,5.2,0.1,22.7,0.6,13.9,1.6,3.7,10.7,0.40681529
48131,Duval County,TX,6.0,9960,0.9768,32.6,8.4,14.0,26.6,20.2,15.8,25.3,20.8,7.6,4.2,90.1,0.3,12.5,5.5,10.2,5.5,0.47473663
48133,Eastland County,TX,6.0,17812,0.8616,26.4,4.9,20.3,14.6,16.2,21.6,20.9,19.2,6.2,1.7,22.6,2.9,13.0,2.7,6.3,5.5,0.46302685
48135,Ector County,TX,4.0,162300,0.9421,24.7,5.8,25.6,23.2,21.8,9.5,30.3,10.2,9.1,6.7,71.0,11.8,16.5,6.6,5.2,1.2,0.4858841
48137,Edwards County,TX,6.0,1380,0.6844,40.9,0.0,23.8,25.6,25.9,22.0,19.6,14.3,6.5,4.9,50.8,0.0,21.6,0.0,3.0,2.5,0.50898141
48139,Ellis County,TX,2.0,195509,0.5695,14.7,3.9,21.9,11.7,16.1,12.9,26.3,12.0,7.8,3.2,43.8,6.4,7.9,3.4,2.9,0.9,0.41296163
48141,El Paso County,TX,3.0,863832,0.9825,31.8,6.8,31.4,20.0,21.8,12.5,26.5,13.9,9.7,13.1,88.8,10.5,5.7,5.2,6.5,1.6,0.42117468
48143,Erath County,TX,5.0,42788,0.7996,27.6,5.6,30.1,12.9,14.8,14.2,20.6,12.9,4.7,3.5,27.0,8.5,14.3,3.1,4.1,6.3,0.45399144
48145,Falls County,TX,3.0,17013,0.972,36.0,7.4,25.7,17.5,16.9,18.7,21.0,18.7,4.1,1.6,50.4,3.4,11.4,6.9,8.9,11.1,0.40163869
48147,Fannin County,TX,5.0,36052,0.643,23.7,4.7,21.0,14.3,15.6,18.1,21.2,15.2,4.5,1.7,23.0,1.9,14.0,3.1,3.2,8.6,0.40095612
48149,Fayette County,TX,6.0,24564,0.5234,17.2,3.5,20.7,10.1,11.0,26.1,20.0,15.6,3.6,2.0,30.2,4.4,14.4,2.0,4.8,2.0,0.48260251
48151,Fisher County,TX,6.0,3680,0.4248,19.0,2.9,13.1,13.8,13.0,23.1,21.3,18.1,6.6,3.0,39.3,0.1,8.0,0.6,5.6,1.1,0.459178
48153,Floyd County,TX,5.0,5386,0.7722,29.4,4.1,18.9,28.8,24.3,18.3,26.2,15.6,10.6,6.4,64.2,1.4,2.8,1.0,10.2,0.6,0.42164025
48155,Foard County,TX,6.0,1075,0.6071,34.9,5.9,24.2,19.6,12.1,30.3,20.8,19.8,3.7,0.1,32.1,0.0,5.1,0.0,5.4,3.7,0.44192326
48157,Fort Bend County,TX,2.0,832607,0.4515,12.7,5.2,20.8,8.5,11.8,11.8,27.0,7.3,6.0,5.0,69.7,8.4,2.8,3.5,2.8,0.7,0.4382951
48159,Franklin County,TX,6.0,10445,0.3821,11.6,6.5,16.3,8.5,15.2,22.1,23.2,16.4,3.8,2.2,23.3,1.4,9.4,2.3,1.9,0.9,0.44132471
48161,Freestone County,TX,6.0,19599,0.8088,25.6,3.5,22.1,15.0,11.4,19.9,22.5,19.8,7.0,1.3,35.8,0.9,23.6,3.1,3.3,7.3,0.43880776
48163,Frio County,TX,6.0,18151,0.9698,30.2,2.6,25.9,30.0,14.3,12.6,23.3,15.1,8.8,9.6,84.8,1.1,25.9,5.4,10.9,18.7,0.42790347
48165,Gaines County,TX,6.0,21523,0.6745,21.5,3.4,16.8,39.6,29.5,8.9,35.5,12.1,7.2,6.9,45.8,1.3,22.3,6.5,4.1,0.7,0.50503486
48167,Galveston County,TX,2.0,350801,0.7378,18.3,5.9,25.5,10.3,13.8,14.9,23.9,12.9,6.1,3.0,44.9,13.1,3.7,3.1,5.4,1.7,0.40848082
48169,Garza County,TX,3.0,5735,0.6984,26.0,9.9,16.1,30.0,16.3,16.8,15.4,18.1,3.1,13.6,59.7,0.0,14.1,1.1,6.3,24.3,0.42851636
48171,Gillespie County,TX,5.0,26953,0.6392,14.3,3.5,25.8,11.3,17.9,29.0,19.9,14.7,3.5,4.5,27.5,3.6,12.7,4.1,5.5,1.2,0.46424899
48173,Glasscock County,TX,6.0,1068,0.2784,10.1,1.3,4.1,13.9,22.5,12.7,24.8,9.4,6.3,7.5,36.1,0.0,12.5,11.8,1.2,0.0,0.39547464
48175,Goliad County,TX,4.0,7092,0.5243,21.4,4.8,16.0,15.5,11.2,23.9,20.9,16.0,2.5,2.2,42.7,0.6,15.7,0.8,8.6,1.6,0.48718569
48177,Gonzales County,TX,6.0,19736,0.9087,24.0,1.0,21.4,22.6,18.9,16.9,26.6,16.4,8.1,6.6,59.9,1.8,20.5,5.9,8.3,1.7,0.42258596
48179,Gray County,TX,5.0,21272,0.8645,28.7,5.4,24.5,18.4,19.5,16.1,25.2,13.3,7.0,4.3,38.9,3.5,4.6,3.1,3.2,7.7,0.45541066
48181,Grayson County,TX,4.0,137008,0.6888,19.7,3.9,25.4,9.6,16.6,17.9,23.7,13.8,6.7,2.4,26.5,7.0,9.8,3.0,3.8,1.7,0.40058738
48183,Gregg County,TX,3.0,124245,0.8731,25.6,3.7,25.7,13.6,17.0,15.7,25.7,13.1,8.2,2.7,44.2,10.6,7.7,3.0,5.2,3.7,0.40444586
48185,Grimes County,TX,6.0,29442,0.8676,24.7,5.6,21.4,19.2,18.2,18.2,22.4,14.4,6.6,3.4,41.9,1.5,18.5,5.0,3.2,11.8,0.4015308
48187,Guadalupe County,TX,2.0,173828,0.5256,16.4,4.3,20.0,10.9,11.5,14.2,24.5,13.7,5.9,2.8,51.9,3.1,14.2,4.0,2.7,1.1,0.41176385
48189,Hale County,TX,5.0,32525,0.9332,32.1,4.7,22.8,25.2,22.3,13.9,27.0,12.3,12.9,6.4,68.3,5.6,7.1,3.9,3.7,7.3,0.40487853
48191,Hall County,TX,6.0,2847,0.8689,32.3,7.5,14.1,18.2,21.2,22.5,22.0,17.7,10.9,3.6,46.0,0.8,5.5,6.4,3.3,2.3,0.44830352
48193,Hamilton County,TX,6.0,8244,0.6634,27.5,2.8,22.5,10.7,15.1,25.8,21.1,20.0,5.4,3.2,17.2,0.4,7.0,3.5,3.4,3.3,0.4526138
48195,Hansford County,TX,6.0,5270,0.4836,21.3,4.3,15.8,27.8,17.0,13.6,28.8,11.9,3.4,8.2,51.5,0.1,7.3,2.8,4.7,1.4,0.48489514
48197,Hardeman County,TX,6.0,3541,0.4222,21.3,2.5,14.4,15.0,14.9,20.0,21.0,21.4,4.9,4.6,35.9,0.5,13.5,1.3,4.1,0.9,0.4525106
48199,Hardin County,TX,3.0,56576,0.6465,21.5,4.6,18.7,11.1,16.5,17.2,24.5,18.6,7.3,0.9,16.0,2.6,23.9,2.7,4.8,0.9,0.45513985
48201,Harris County,TX,1.0,4726177,0.9201,25.7,6.4,31.3,17.9,21.2,11.0,26.2,10.0,8.1,11.2,72.4,26.0,2.6,6.3,6.7,1.0,0.41847333
48203,Harrison County,TX,3.0,69098,0.9036,25.5,6.1,23.3,10.7,16.3,17.0,24.3,17.4,9.3,2.1,38.6,1.4,21.4,3.3,6.4,2.3,0.39470598
48205,Hartley County,TX,6.0,5369,0.4683,12.5,1.5,21.2,15.8,21.5,16.2,22.2,10.6,4.5,1.7,40.1,1.6,14.5,2.7,2.4,27.4,0.53914273
48207,Haskell County,TX,6.0,5408,0.812,27.8,6.3,19.8,20.5,20.4,23.4,17.4,23.3,5.2,3.4,36.4,0.8,12.3,1.1,5.2,5.0,0.46886519
48209,Hays County,TX,2.0,245351,0.6723,20.9,5.1,30.9,9.1,12.9,11.4,22.7,11.1,4.8,3.3,49.3,18.1,7.7,4.0,2.8,2.9,0.41159955
48211,Hemphill County,TX,6.0,3371,0.5577,11.7,4.1,18.6,11.4,18.2,18.8,25.1,18.9,3.7,8.2,38.8,0.0,15.9,4.7,3.6,1.5,0.48552525
48213,Henderson County,TX,5.0,82627,0.8291,27.3,5.5,22.9,13.3,18.7,22.2,21.4,17.8,3.9,1.3,24.2,3.1,26.3,3.4,5.4,1.7,0.40969431
48215,Hidalgo County,TX,3.0,873167,0.9841,41.9,7.6,28.6,31.4,31.0,11.2,31.7,12.1,10.8,17.9,94.3,4.8,14.4,12.1,5.6,1.0,0.43422085
48217,Hill County,TX,6.0,36138,0.8562,23.4,4.5,22.1,14.4,17.9,20.5,23.1,17.4,6.0,2.6,31.2,2.3,16.6,3.2,5.5,2.6,0.39610156
48219,Hockley County,TX,3.0,21495,0.93,27.0,5.3,20.3,20.5,20.0,15.0,26.6,15.7,8.6,4.2,55.4,2.4,15.8,3.4,5.9,2.9,0.44742355
48221,Hood County,TX,5.0,62459,0.525,15.4,5.8,23.2,7.6,14.4,25.2,20.7,12.9,3.5,1.9,17.6,5.1,17.4,3.3,2.5,1.4,0.42995507
48223,Hopkins County,TX,5.0,37008,0.7525,24.0,4.8,22.5,15.1,18.8,18.3,24.2,14.3,5.0,2.9,28.2,3.8,12.9,3.5,4.1,1.4,0.42814624
48225,Houston County,TX,6.0,22107,0.9625,33.1,4.5,26.7,17.6,16.3,22.1,19.7,22.4,5.7,1.3,40.0,2.4,20.5,2.3,7.8,13.7,0.39603227
48227,Howard County,TX,5.0,34488,0.8816,24.7,5.2,20.0,19.0,16.6,12.7,21.8,16.2,8.3,5.8,54.0,9.7,7.3,3.0,5.2,11.8,0.45060152
48229,Hudspeth County,TX,3.0,3329,0.9943,43.7,8.2,22.1,45.1,29.0,11.0,17.0,32.3,13.7,32.1,83.6,0.0,45.4,6.0,8.2,26.9,0.43164927
48231,Hunt County,TX,2.0,101596,0.8746,22.7,5.8,26.2,12.3,16.3,15.9,23.8,15.4,5.7,2.3,31.3,6.0,16.5,5.2,4.8,3.0,0.39095184
48233,Hutchinson County,TX,5.0,20595,0.3245,17.7,4.3,15.6,14.1,15.6,17.2,25.0,16.6,4.4,1.3,31.6,1.9,8.4,0.6,4.2,0.9,0.46785823
48235,Irion County,TX,4.0,1561,0.2962,11.7,1.3,23.2,11.2,22.2,19.4,25.7,13.0,4.2,0.3,27.7,0.0,19.5,4.9,0.6,0.0,0.60812765
48237,Jack County,TX,6.0,8588,0.9418,28.4,8.2,22.6,20.4,18.6,17.3,21.9,13.8,8.2,2.6,24.1,0.7,17.8,4.0,10.8,12.0,0.46976399
48239,Jackson County,TX,6.0,15010,0.8094,23.2,5.5,18.8,19.4,15.3,19.3,25.2,15.0,4.7,3.3,42.6,1.2,16.7,4.2,6.7,1.4,0.46249822
48241,Jasper County,TX,6.0,33032,0.8737,33.8,12.5,19.6,12.7,20.1,20.5,23.5,13.9,5.5,0.7,26.3,1.7,29.2,4.3,5.9,2.9,0.41306955
48243,Jeff Davis County,TX,6.0,1992,0.4738,33.0,0.0,12.0,14.3,17.2,41.7,14.6,15.2,0.0,7.1,21.9,0.0,14.3,6.6,2.7,2.1,0.43552548
48245,Jefferson County,TX,3.0,254942,0.9723,29.2,5.4,26.7,15.2,20.8,14.9,24.3,15.1,10.1,4.8,61.6,9.5,3.6,3.2,7.4,6.1,0.40101311
48247,Jim Hogg County,TX,6.0,4830,0.6427,48.5,4.5,20.7,21.4,27.1,8.4,32.3,13.5,3.6,0.9,90.0,0.0,8.5,13.4,4.9,0.9,0.42917284
48249,Jim Wells County,TX,5.0,39060,0.9491,34.6,5.2,23.5,21.7,20.2,15.8,27.0,17.3,11.3,3.5,82.3,0.6,12.4,5.9,7.6,1.0,0.45932999
48251,Johnson County,TX,2.0,182690,0.6284,18.0,3.5,22.3,13.6,16.5,14.0,25.7,10.8,6.4,3.0,31.9,3.8,18.3,4.9,2.4,1.6,0.43232504
48253,Jones County,TX,4.0,19758,0.5829,26.1,4.7,19.6,19.2,19.3,15.6,16.3,17.4,5.0,1.9,42.9,1.3,13.5,1.0,3.6,31.5,0.43938729
48255,Karnes County,TX,6.0,14805,0.9367,29.7,5.3,18.4,23.9,16.3,14.4,20.6,13.5,9.6,6.3,67.2,3.6,13.8,7.8,8.8,24.9,0.45315117
48257,Kaufman County,TX,2.0,149773,0.7089,18.4,4.9,25.4,13.7,13.6,11.2,28.1,10.9,9.4,1.9,44.3,4.1,12.8,4.8,3.2,1.0,0.39391732
48259,Kendall County,TX,2.0,45376,0.3411,11.5,4.8,19.0,7.5,12.0,19.6,22.7,11.5,4.0,3.4,29.8,7.4,5.8,2.7,2.6,1.3,0.47303209
48261,Kenedy County,TX,6.0,116,0.6678,51.7,0.0,0.0,66.7,18.1,36.2,24.1,25.0,0.0,36.4,98.3,0.0,8.6,0.0,0.0,4.3,0.41697171
48263,Kent County,TX,6.0,635,0.2393,9.2,5.4,11.8,11.5,4.2,37.3,23.9,20.1,1.6,0.3,17.3,0.0,14.5,0.0,2.8,9.9,0.50684392
48265,Kerr County,TX,5.0,52810,0.7442,22.9,3.3,25.3,10.3,18.1,27.9,18.6,16.1,4.1,1.6,33.7,4.3,17.9,2.9,4.4,3.7,0.41304678
48267,Kimble County,TX,6.0,4316,0.4948,27.9,0.8,17.8,14.7,17.9,28.0,19.2,18.8,0.9,1.3,29.0,1.5,18.3,2.3,4.2,0.8,0.38525343
48269,King County,TX,6.0,216,0.4438,40.3,4.5,5.0,21.3,10.6,13.0,23.6,12.5,16.3,7.4,37.0,0.0,20.8,0.0,0.0,0.0,
48271,Kinney County,TX,6.0,3157,0.6265,30.2,1.9,11.5,15.4,13.6,24.0,11.8,34.0,5.4,6.3,64.8,1.7,14.0,0.0,3.1,7.0,0.43010029
48273,Kleberg County,TX,5.0,30860,0.9924,37.6,7.5,32.5,17.6,17.3,13.1,24.3,14.2,10.5,2.3,80.2,10.7,6.8,8.3,6.1,5.6,0.44121334
48275,Knox County,TX,6.0,3333,0.6564,29.6,1.6,20.0,18.2,16.1,18.6,24.5,19.8,4.6,3.2,43.8,2.6,3.8,1.3,3.4,4.0,0.4526116
48277,Lamar County,TX,5.0,50149,0.8536,26.9,3.9,25.6,12.5,19.0,19.3,23.8,18.9,8.9,1.2,27.6,4.9,7.3,2.1,7.1,1.5,0.38877261
48279,Lamb County,TX,6.0,13024,0.8221,30.5,2.8,16.8,23.3,25.4,17.1,27.4,16.3,10.1,7.7,62.5,0.6,9.8,5.2,4.9,1.5,0.4184708
48281,Lampasas County,TX,3.0,21829,0.658,21.7,5.3,24.5,9.7,13.6,20.5,21.3,22.9,5.3,0.9,29.6,1.6,15.7,2.5,4.4,1.2,0.42475972
48283,La Salle County,TX,6.0,6965,0.9128,33.8,4.2,32.8,37.6,19.7,17.3,22.2,10.1,7.7,8.2,91.4,0.4,23.7,7.3,2.5,13.8,0.42044938
48285,Lavaca County,TX,6.0,20379,0.5752,21.9,3.0,18.6,14.7,10.5,23.7,23.6,14.4,4.8,1.5,28.2,1.3,14.4,3.5,3.6,2.2,0.51137054
48287,Lee County,TX,6.0,17543,0.7856,26.2,2.8,23.0,13.5,13.8,20.5,21.5,15.6,5.5,2.7,38.0,2.1,22.7,4.6,4.7,2.5,0.44259998
48289,Leon County,TX,6.0,15928,0.6974,23.4,5.1,14.6,15.4,18.6,23.6,22.4,22.5,5.1,2.4,25.2,0.5,38.9,3.8,1.9,0.6,0.46870422
48291,Liberty County,TX,2.0,93523,0.9739,30.1,6.9,24.9,21.6,24.5,12.6,27.9,16.2,5.3,5.6,43.4,2.7,29.1,6.7,4.6,6.6,0.43195239
48293,Limestone County,TX,6.0,22222,0.9065,31.4,3.6,23.9,15.4,19.1,20.6,22.3,16.8,8.8,2.8,44.1,1.1,19.3,4.7,3.9,4.2,0.3974745
48295,Lipscomb County,TX,6.0,3038,0.7703,22.5,5.9,12.3,14.9,19.9,16.7,29.3,15.3,12.0,7.9,40.8,0.0,11.2,7.0,4.3,1.6,0.56081539
48297,Live Oak County,TX,6.0,11374,0.9039,31.2,3.6,19.4,24.6,18.0,21.3,19.6,16.3,5.3,3.5,49.5,2.1,19.7,4.5,6.9,13.2,0.47196448
48299,Llano County,TX,6.0,21637,0.6192,21.5,6.0,24.5,8.5,14.8,37.1,15.9,21.7,4.3,1.5,15.7,3.4,11.5,3.2,3.3,1.0,0.43429258
48301,Loving County,TX,6.0,96,0.4356,7.3,0.0,0.0,3.2,0.0,35.4,29.2,18.8,0.0,6.8,5.2,9.1,30.9,20.0,12.5,0.0,
48303,Lubbock County,TX,3.0,311509,0.8422,26.9,4.6,30.8,11.7,13.5,12.7,23.6,12.9,6.7,1.7,48.6,14.6,4.7,3.0,5.6,4.2,0.39573172
48305,Lynn County,TX,3.0,5619,0.6898,37.0,3.6,22.3,18.6,16.7,15.8,27.3,19.7,5.8,3.1,49.5,1.7,4.3,1.2,4.2,1.1,0.39801472
48307,McCulloch County,TX,6.0,7638,0.7897,23.6,8.7,22.2,20.1,18.9,22.6,22.1,21.0,3.8,2.8,38.1,2.3,7.4,1.3,4.8,1.8,0.45341477
48309,McLennan County,TX,3.0,261090,0.8861,28.8,4.4,30.5,13.1,14.1,14.8,24.1,13.4,7.8,3.7,45.3,13.6,5.5,3.0,5.2,3.7,0.37387672
48311,McMullen County,TX,6.0,670,0.8104,41.0,2.4,21.3,11.1,22.1,19.1,31.5,16.1,10.4,2.9,61.2,0.0,30.6,6.9,3.0,0.0,0.40198398
48313,Madison County,TX,6.0,13556,0.9131,22.0,6.3,17.0,21.1,13.3,15.2,21.7,16.5,6.3,4.6,46.6,3.5,24.5,3.5,8.7,16.3,0.40095058
48315,Marion County,TX,6.0,9668,0.7315,28.2,10.7,18.7,13.3,11.6,27.1,17.2,22.3,4.9,1.2,29.6,0.0,28.9,3.1,4.9,1.1,0.39820769
48317,Martin County,TX,4.0,5228,0.5966,19.9,10.2,10.7,15.8,14.7,10.5,29.5,11.1,6.8,2.9,57.0,0.0,18.2,8.9,0.0,1.1,0.50581974
48319,Mason County,TX,6.0,3959,0.2724,13.3,2.8,18.1,15.1,11.2,31.2,22.3,18.9,2.6,3.4,20.3,0.5,10.0,1.0,3.4,0.2,0.52247471
48321,Matagorda County,TX,5.0,36251,0.9758,31.2,6.7,26.0,18.5,17.3,17.4,25.8,17.4,8.3,3.5,58.6,5.3,12.0,3.7,6.6,1.0,0.44488379
48323,Maverick County,TX,4.0,57806,0.9901,38.5,7.1,27.9,35.4,28.1,11.8,31.0,12.1,14.0,22.0,97.3,6.6,13.1,10.7,7.8,0.5,0.45269269
48325,Medina County,TX,2.0,51432,0.741,17.7,2.4,19.9,14.0,13.7,17.0,22.7,18.7,5.7,3.7,59.0,1.3,25.7,3.7,4.7,4.5,0.42984411
48327,Menard County,TX,6.0,1964,0.8606,27.2,14.3,23.3,22.1,25.4,35.5,19.0,29.0,3.0,2.8,39.0,5.1,13.5,0.0,4.1,2.4,0.38886821
48329,Midland County,TX,4.0,169393,0.7397,16.2,3.4,24.0,15.6,15.4,10.3,28.9,10.8,6.8,5.4,57.6,13.7,11.1,5.0,4.7,1.1,0.48224217
48331,Milam County,TX,6.0,25080,0.798,23.9,5.8,20.3,14.2,16.2,20.7,23.4,15.8,4.8,3.6,39.1,1.7,15.4,4.6,4.0,2.0,0.43101338
48333,Mills County,TX,6.0,4501,0.4693,16.2,2.3,19.3,12.1,13.5,28.1,18.8,16.1,9.0,1.8,29.7,0.2,11.4,1.6,1.6,3.7,0.5088861
48335,Mitchell County,TX,6.0,8947,0.6958,27.4,1.4,16.6,16.2,25.8,14.3,18.4,14.7,7.4,4.1,54.9,3.7,12.8,6.1,1.9,16.7,0.46863002
48337,Montague County,TX,6.0,20197,0.5959,21.0,5.1,21.3,12.0,15.6,21.6,22.7,19.8,5.5,0.9,15.2,0.8,15.2,1.4,4.6,1.8,0.48217112
48339,Montgomery County,TX,2.0,629989,0.5212,15.9,4.3,20.9,10.2,14.3,13.4,25.9,10.1,5.0,4.1,37.7,13.6,12.5,3.7,3.3,0.5,0.4421981
48341,Moore County,TX,5.0,21284,0.882,26.7,2.5,24.1,32.1,21.4,11.2,31.3,10.9,9.1,16.8,69.6,4.2,14.0,6.5,7.7,0.8,0.44145736
48343,Morris County,TX,5.0,11993,0.7792,26.0,5.9,18.6,12.4,13.5,21.7,23.0,20.7,7.4,0.4,37.2,1.9,17.4,2.2,5.7,1.3,0.4003447
48345,Motley County,TX,6.0,1223,0.1721,15.5,3.0,8.7,14.0,18.6,31.3,17.6,23.1,5.9,0.0,22.2,0.8,7.5,0.9,2.4,0.0,0.41590071
48347,Nacogdoches County,TX,5.0,64768,0.9952,34.3,6.6,29.1,14.8,15.5,15.3,23.1,16.6,9.3,3.6,41.5,11.0,18.4,5.1,6.0,8.0,0.39081571
48349,Navarro County,TX,5.0,52834,0.979,30.4,5.6,27.7,19.6,18.1,16.6,25.6,17.4,7.4,4.8,47.5,4.0,16.7,6.3,5.1,2.1,0.39063919
48351,Newton County,TX,6.0,12333,0.8463,38.0,10.6,20.3,18.1,24.3,22.2,21.6,15.4,6.4,0.0,25.4,0.5,35.5,6.0,7.6,1.3,0.39614344
48353,Nolan County,TX,5.0,14657,0.9815,34.3,6.6,21.7,16.1,17.1,19.2,25.9,19.6,8.5,2.8,47.6,4.5,7.1,6.3,6.8,2.0,0.42455965
48355,Nueces County,TX,3.0,353245,0.9351,26.4,5.7,29.4,15.5,18.1,15.0,24.1,13.1,8.4,2.6,72.0,11.6,3.5,3.7,7.0,2.4,0.41893426
48357,Ochiltree County,TX,6.0,9924,0.8244,29.6,1.5,19.2,23.7,23.7,10.7,30.3,14.3,13.4,15.3,59.3,6.7,14.9,8.0,3.3,0.7,0.51969689
48359,Oldham County,TX,3.0,2171,0.392,26.1,1.5,15.4,16.5,12.3,12.6,33.3,10.6,2.0,1.6,34.2,0.6,16.4,1.9,1.6,16.4,0.46796575
48361,Orange County,TX,3.0,84761,0.6853,21.2,5.8,18.7,10.7,16.3,15.7,25.0,16.7,6.0,1.6,21.4,5.1,16.9,2.5,5.3,0.9,0.43300965
48363,Palo Pinto County,TX,5.0,28569,0.8015,26.4,7.3,25.1,12.5,18.7,19.8,23.2,16.5,4.6,1.7,26.9,3.6,17.0,2.9,4.0,1.0,0.41776469
48365,Panola County,TX,6.0,22540,0.7331,22.8,2.9,21.8,16.3,19.9,20.2,23.1,16.8,5.5,1.5,27.7,1.9,24.6,3.3,3.1,2.0,0.44320121
48367,Parker County,TX,2.0,151188,0.2638,13.9,3.9,19.0,9.7,13.8,15.7,24.6,12.3,3.4,1.6,19.0,2.7,14.9,2.1,2.8,1.2,0.44140595
48369,Parmer County,TX,6.0,9809,0.6596,25.5,2.1,18.9,28.9,24.2,15.3,27.6,11.6,6.4,11.0,67.7,3.4,9.4,4.9,1.9,0.8,0.44634131
48371,Pecos County,TX,6.0,15114,0.9049,31.9,1.2,21.3,24.1,17.2,13.6,24.6,8.5,8.2,4.0,76.3,3.3,20.2,2.4,8.5,15.2,0.50219679
48373,Polk County,TX,6.0,50536,0.9208,25.9,9.3,22.2,18.6,16.7,18.8,20.1,24.2,6.6,2.0,29.0,1.7,22.6,6.0,3.6,7.3,0.41557303
48375,Potter County,TX,3.0,117905,0.9889,35.4,3.7,31.5,22.8,21.5,13.5,26.9,13.2,8.5,6.6,57.3,11.7,8.1,4.6,8.6,5.8,0.38451529
48377,Presidio County,TX,6.0,6168,0.9933,46.8,12.3,28.2,38.4,33.0,22.8,29.9,15.2,4.4,18.1,81.3,1.8,13.2,8.9,13.9,0.1,0.46223339
48379,Rains County,TX,6.0,12257,0.4706,19.3,2.3,14.5,12.6,16.3,24.0,19.2,20.2,5.8,2.2,16.6,0.8,20.3,2.9,4.1,0.5,0.41488081
48381,Randall County,TX,3.0,141489,0.3519,15.6,2.8,22.7,6.1,9.6,15.4,23.9,10.6,7.1,0.8,32.1,11.6,6.6,2.4,2.8,1.9,0.45808455
48383,Reagan County,TX,6.0,3308,0.5052,18.0,8.7,13.9,11.9,17.0,8.4,30.3,5.1,5.9,2.1,77.5,0.0,23.5,4.2,0.7,0.7,0.52718776
48385,Real County,TX,6.0,2830,0.783,37.6,1.6,17.8,10.9,19.8,34.1,23.9,30.5,2.9,1.9,26.9,0.2,25.5,3.6,3.7,4.2,0.4328301
48387,Red River County,TX,5.0,11627,0.6895,30.8,3.8,22.6,14.9,18.9,25.9,20.1,16.8,4.1,1.7,26.8,3.3,15.3,1.9,3.4,1.6,0.4044407
48389,Reeves County,TX,5.0,14022,0.9548,34.1,7.0,20.3,29.2,16.7,12.4,23.2,11.0,11.7,11.8,79.4,4.5,11.6,7.2,5.0,8.2,0.49530956
48391,Refugio County,TX,6.0,6718,0.9653,27.4,5.6,25.5,16.2,15.8,22.3,22.6,23.7,8.9,1.2,60.0,0.7,12.9,2.6,9.5,2.3,0.45862758
48393,Roberts County,TX,5.0,764,0.0576,15.8,0.5,10.9,8.2,13.1,14.1,23.3,12.0,0.6,0.0,17.1,0.0,8.6,2.8,7.8,0.0,0.60016263
48395,Robertson County,TX,3.0,16912,0.8546,21.4,8.7,17.8,14.7,13.4,20.3,23.8,18.7,7.3,1.6,44.1,0.4,18.3,4.1,7.9,1.2,0.39409891
48397,Rockwall County,TX,2.0,110631,0.1164,7.0,3.9,16.0,5.7,8.7,12.4,26.6,7.7,5.4,1.3,33.3,5.2,3.6,1.9,1.8,0.6,0.45091552
48399,Runnels County,TX,6.0,9858,0.5148,23.5,3.0,15.6,17.1,15.4,20.6,23.4,19.0,6.9,2.7,39.9,0.4,6.4,0.6,2.4,2.1,0.43726292
48401,Rusk County,TX,3.0,52755,0.7973,24.4,5.5,19.6,15.8,15.8,16.8,22.4,15.4,6.8,2.5,37.5,1.4,18.9,2.8,3.9,9.4,0.42364955
48403,Sabine County,TX,6.0,9980,0.5609,29.8,8.4,22.4,13.1,13.2,30.0,17.6,26.3,5.0,0.0,16.0,0.0,36.9,0.9,4.5,1.1,0.47390556
48405,San Augustine County,TX,6.0,7920,0.9885,41.1,10.3,22.5,17.7,21.6,28.2,19.6,24.7,4.9,2.6,31.3,1.8,31.9,2.9,11.7,3.1,0.38396072
48407,San Jacinto County,TX,2.0,27666,0.8091,28.9,7.1,24.0,14.4,20.0,21.8,21.2,21.8,4.2,3.2,27.3,0.3,24.2,7.6,3.2,0.5,0.41709203
48409,San Patricio County,TX,3.0,68942,0.9249,28.3,4.4,23.8,17.7,16.9,15.1,26.3,19.1,8.5,2.5,63.1,4.6,9.1,6.0,6.7,1.0,0.44429055
48411,San Saba County,TX,6.0,5779,0.6389,26.6,3.8,20.5,14.2,22.7,22.7,19.3,19.0,3.3,2.8,37.4,0.0,9.5,2.8,2.0,11.0,0.43184859
48413,Schleicher County,TX,6.0,2474,0.5803,21.1,6.9,16.4,18.0,24.8,25.6,24.2,12.7,1.7,4.7,57.3,0.1,14.2,1.7,4.1,0.3,0.49143574
48415,Scurry County,TX,5.0,16883,0.5332,27.8,2.2,14.1,15.6,19.1,15.0,25.3,15.4,3.2,2.9,49.5,1.0,7.3,2.6,0.9,11.5,0.46248981
48417,Shackelford County,TX,6.0,3134,0.3936,18.1,7.2,20.7,6.5,14.2,19.7,23.8,17.6,2.9,0.0,15.7,0.3,9.0,4.9,5.6,1.4,0.43966123
48419,Shelby County,TX,6.0,24157,0.8778,33.2,4.0,18.8,18.3,20.4,17.8,26.0,15.4,7.1,3.6,39.4,2.1,32.2,6.5,6.3,0.8,0.41976452
48421,Sherman County,TX,6.0,2414,0.6309,16.6,1.5,19.8,27.9,15.4,16.3,23.3,18.9,7.6,4.1,45.2,2.5,8.8,3.6,1.1,1.4,0.52187091
48423,Smith County,TX,4.0,234667,0.8234,21.8,4.7,24.4,12.4,17.2,17.0,24.2,12.4,7.0,3.8,41.5,7.3,10.6,3.2,4.3,2.7,0.40057874
48425,Somervell County,TX,6.0,9337,0.5135,13.8,3.9,21.2,7.1,12.7,18.4,21.6,11.7,10.8,1.6,22.1,0.9,23.5,5.4,2.9,4.2,0.4950605
48427,Starr County,TX,5.0,65716,0.9905,50.4,11.5,24.7,39.1,33.1,11.5,32.6,15.5,15.9,22.7,96.8,2.2,9.8,10.2,10.7,0.9,0.4592663
48429,Stephens County,TX,6.0,9260,0.9898,27.8,8.6,29.1,16.7,17.5,19.6,22.0,18.0,7.6,3.2,31.2,7.6,11.7,2.2,9.3,4.8,0.43010625
48431,Sterling County,TX,6.0,1392,0.1419,11.0,0.0,6.9,9.9,22.6,13.1,34.6,8.0,3.8,2.4,34.3,0.0,18.2,0.0,0.0,2.6,0.44092748
48433,Stonewall County,TX,6.0,1331,0.2994,23.0,1.8,14.4,19.1,18.2,20.3,27.7,14.5,1.3,0.1,28.2,0.0,15.6,1.1,2.4,3.2,0.49008301
48435,Sutton County,TX,6.0,3345,0.7687,29.5,4.7,16.9,20.0,16.2,13.2,32.4,6.4,16.7,4.4,76.4,2.7,18.5,10.5,2.5,0.7,0.4879806
48437,Swisher County,TX,6.0,6989,0.9103,41.5,5.2,23.2,22.1,20.4,17.3,25.0,16.1,4.4,5.3,57.9,0.6,5.5,2.9,8.1,9.2,0.42682654
48439,Tarrant County,TX,1.0,2113854,0.7585,19.6,4.9,28.9,12.9,16.9,11.7,25.8,9.8,7.4,5.3,56.1,16.9,2.0,4.1,4.4,1.3,0.39986667
48441,Taylor County,TX,4.0,143029,0.7591,24.6,2.4,28.2,10.0,15.5,14.6,24.5,14.7,6.6,2.0,38.7,9.5,4.9,2.5,4.6,4.8,0.42067429
48443,Terrell County,TX,6.0,862,0.0859,7.0,0.0,17.9,6.3,10.1,34.2,12.5,26.7,2.5,1.5,47.0,0.0,5.0,0.7,3.2,0.0,0.5141812
48445,Terry County,TX,6.0,11816,0.9828,36.4,4.8,25.9,24.0,21.8,14.8,27.4,14.0,11.7,8.2,62.4,3.1,8.6,2.9,7.9,6.7,0.4159402
48447,Throckmorton County,TX,6.0,1439,0.1581,28.4,2.5,12.4,9.8,26.5,25.5,18.3,14.9,2.7,0.9,15.8,0.5,12.2,1.1,2.5,0.0,0.520024
48449,Titus County,TX,5.0,31301,0.8995,32.6,4.0,23.7,22.4,19.8,14.5,28.8,13.0,9.7,9.6,57.3,4.1,15.0,9.6,4.7,0.8,0.38507792
48451,Tom Green County,TX,4.0,119276,0.8113,21.1,3.2,25.1,13.4,13.8,15.9,24.1,14.2,7.2,2.6,49.3,11.1,5.6,3.2,4.7,5.0,0.41553217
48453,Travis County,TX,1.0,1289054,0.5702,17.3,4.2,28.1,9.2,12.5,10.4,20.7,9.0,5.1,5.1,52.3,28.7,3.1,4.1,5.5,2.1,0.39073342
48455,Trinity County,TX,6.0,13735,0.9185,26.9,7.0,21.6,13.6,17.3,26.4,19.7,23.2,8.4,1.6,22.9,0.3,35.7,4.0,9.7,1.1,0.40777615
48457,Tyler County,TX,6.0,19962,0.9319,29.9,12.6,18.4,17.4,15.9,22.1,19.1,25.2,6.4,1.2,21.6,2.2,18.1,2.8,7.0,10.7,0.44028082
48459,Upshur County,TX,3.0,41261,0.6017,27.9,4.3,19.8,13.4,16.4,18.3,23.8,20.0,4.8,1.0,20.9,0.5,20.3,2.4,3.9,1.2,0.43058187
48461,Upton County,TX,6.0,3284,0.77,30.1,4.7,15.8,21.0,11.8,16.4,27.2,10.2,6.3,3.6,59.7,1.0,14.2,4.0,6.0,2.0,0.58243614
48463,Uvalde County,TX,5.0,24833,0.9911,34.7,3.2,26.2,23.9,19.3,16.3,26.1,19.6,12.1,7.1,75.2,3.0,14.5,4.7,7.2,2.9,0.42372495
48465,Val Verde County,TX,5.0,47693,0.9437,31.3,3.4,22.5,26.5,20.6,13.9,28.0,13.7,10.1,12.4,85.6,5.3,9.2,11.2,4.8,4.0,0.45489299
48467,Van Zandt County,TX,6.0,60053,0.5714,23.3,3.1,23.0,14.0,17.7,20.1,22.8,15.3,5.5,1.5,18.0,0.9,20.4,3.2,2.9,1.0,0.43018118
48469,Victoria County,TX,4.0,91209,0.9198,26.2,5.2,24.1,16.2,16.4,16.4,25.2,15.3,7.2,2.8,57.3,7.0,11.8,2.9,7.2,1.5,0.42922232
48471,Walker County,TX,5.0,77182,0.9392,32.8,7.0,34.0,14.7,15.0,13.5,14.2,11.6,7.2,2.3,44.3,15.3,19.8,3.0,6.7,21.4,0.40679318
48473,Waller County,TX,2.0,57463,0.8317,21.1,6.1,22.9,13.3,18.3,11.5,23.3,11.1,7.1,4.9,59.5,2.5,20.2,4.0,3.6,8.3,0.42171067
48475,Ward County,TX,6.0,11347,0.7235,23.7,5.5,15.9,19.8,12.0,13.4,29.0,12.9,7.7,4.8,62.6,2.9,14.8,3.0,3.9,1.0,0.5208708
48477,Washington County,TX,5.0,35807,0.6522,18.3,2.7,23.3,10.3,13.4,21.7,21.4,14.2,3.7,1.9,37.8,6.1,11.0,2.0,6.0,6.7,0.42181206
48479,Webb County,TX,3.0,267282,0.9831,34.0,5.9,30.8,30.9,28.4,9.7,31.8,13.1,10.9,18.5,96.7,10.6,8.7,9.4,6.2,1.1,0.41624326
48481,Wharton County,TX,5.0,41614,0.9456,26.3,5.7,24.1,18.7,19.0,17.2,25.8,15.1,6.8,5.1,57.0,5.0,9.3,5.7,6.4,1.6,0.40717557
48483,Wheeler County,TX,6.0,4980,0.9045,29.9,6.6,22.0,14.2,22.3,20.0,24.6,16.3,7.3,5.4,31.3,1.1,8.0,4.0,7.0,1.6,0.49311015
48485,Wichita County,TX,4.0,129584,0.8167,24.9,4.2,24.9,12.5,14.7,14.9,22.7,16.0,7.1,1.6,36.4,8.4,3.8,2.1,6.6,9.4,0.41278672
48487,Wilbarger County,TX,5.0,12795,0.9561,39.4,9.3,23.6,21.6,11.4,17.8,22.8,24.8,4.8,3.3,44.6,5.1,7.3,2.2,5.5,7.8,0.39849624
48489,Willacy County,TX,5.0,20308,0.985,42.9,8.7,23.0,32.5,28.3,14.6,24.1,15.1,8.3,9.1,89.9,1.4,11.5,11.4,5.6,6.2,0.41823342
48491,Williamson County,TX,2.0,617396,0.3207,11.1,4.4,23.1,5.9,9.7,12.6,24.7,10.0,5.6,2.9,44.1,15.1,2.0,3.0,2.6,0.7,0.44164768
48493,Wilson County,TX,2.0,50381,0.2972,15.8,3.4,16.6,9.2,12.2,16.2,23.7,12.3,3.3,2.3,45.2,1.0,24.6,4.8,2.2,1.0,0.44670323
48495,Winkler County,TX,6.0,7582,0.4448,16.3,2.3,7.3,27.5,18.7,13.6,28.8,9.1,3.7,8.9,68.0,0.0,11.7,4.0,5.6,1.2,0.52421725
48497,Wise County,TX,2.0,70062,0.5422,16.9,4.3,17.6,13.0,16.2,15.2,24.5,15.8,5.7,3.6,25.4,1.1,25.2,4.7,1.6,1.3,0.46766007
48499,Wood County,TX,6.0,45341,0.7655,21.9,5.3,21.3,13.9,15.1,26.9,18.8,20.0,5.0,1.7,18.4,2.7,16.1,1.7,5.5,3.6,0.43994939
48501,Yoakum County,TX,6.0,7630,0.587,23.2,3.9,15.4,31.5,19.8,10.0,32.3,9.0,5.8,11.9,71.5,1.4,15.3,8.5,2.4,0.3,0.51737344
48503,Young County,TX,6.0,17903,0.5345,22.9,2.6,18.4,11.9,18.9,20.9,23.9,15.4,6.1,3.4,23.8,1.5,8.1,1.3,5.1,1.5,0.46433187
48505,Zapata County,TX,5.0,13896,0.9968,49.8,8.1,23.1,34.4,26.9,13.7,32.6,16.2,12.8,20.7,95.6,2.3,28.0,13.2,9.7,0.9,0.47575295
48507,Zavala County,TX,6.0,9700,0.909,49.7,5.8,18.9,27.4,12.2,16.1,29.4,17.0,12.6,5.9,94.5,0.5,23.0,4.8,4.9,0.7,0.43483034
49001,Beaver County,UT,6.0,7102,0.1457,9.8,3.6,14.5,7.7,11.9,14.1,30.8,12.9,5.1,2.2,16.7,0.7,3.2,1.3,2.7,2.8,0.52820009
49003,Box Elder County,UT,5.0,58291,0.1215,16.8,2.6,20.2,6.6,8.1,12.6,31.0,11.3,4.8,0.5,13.8,4.6,3.9,2.1,4.2,0.6,0.47520891
49005,Cache County,UT,4.0,134428,0.3478,24.1,2.4,25.1,5.8,6.5,9.7,29.6,8.5,5.1,1.6,17.3,8.7,2.0,3.9,3.3,2.7,0.49140003
49007,Carbon County,UT,5.0,20338,0.6297,27.9,6.7,28.2,8.0,7.0,18.4,25.8,16.8,5.7,0.5,17.9,2.6,7.8,2.0,4.4,2.2,0.44646707
49009,Daggett County,UT,6.0,638,0.1849,14.9,3.5,24.7,7.2,6.2,18.5,25.4,13.0,0.0,0.0,7.5,0.0,45.9,1.3,4.7,10.2,0.47970551
49011,Davis County,UT,3.0,363032,0.0678,11.1,2.5,18.3,4.3,5.9,10.5,31.1,9.2,5.7,0.9,18.0,8.4,2.5,1.8,2.4,0.7,0.47799587
49013,Duchesne County,UT,6.0,19779,0.5361,23.8,4.3,20.7,10.8,14.2,12.3,32.8,13.8,5.5,0.9,15.7,0.7,17.1,4.7,4.7,1.6,0.52213639
49015,Emery County,UT,6.0,9898,0.2269,22.0,3.6,14.2,6.7,7.8,17.7,28.6,15.4,4.8,1.0,10.1,1.2,12.9,3.3,2.7,1.0,0.49079612
49017,Garfield County,UT,6.0,5121,0.3423,22.7,4.4,22.7,4.1,14.5,22.9,22.1,14.8,3.4,0.6,11.7,1.5,10.6,1.3,2.5,6.3,0.58106065
49019,Grand County,UT,6.0,9680,0.4582,23.0,1.2,29.5,5.5,12.2,19.7,18.4,12.2,6.8,1.2,19.5,5.9,14.7,6.0,2.1,1.2,0.46442679
49021,Iron County,UT,5.0,58068,0.4114,25.9,3.3,26.8,7.0,10.0,12.9,27.8,11.1,4.7,1.4,15.8,10.9,5.8,2.1,3.4,1.5,0.45985511
49023,Juab County,UT,3.0,11943,0.0659,14.9,1.9,13.0,6.4,7.5,12.5,33.7,12.4,5.4,0.3,9.5,1.7,2.2,4.8,3.9,1.3,0.47875315
49025,Kane County,UT,6.0,7814,0.259,20.8,3.5,21.1,5.6,7.8,23.8,22.8,18.3,3.8,0.3,8.8,1.7,8.8,1.1,4.6,3.5,0.47130415
49027,Millard County,UT,6.0,13027,0.4502,23.6,4.4,18.0,9.5,11.1,17.3,31.2,13.5,6.4,2.8,17.2,2.1,4.1,2.2,3.7,1.6,0.53519493
49029,Morgan County,UT,3.0,12367,0.0,5.5,1.7,8.7,1.8,5.0,12.0,34.3,6.5,2.9,0.1,6.8,0.3,0.0,1.5,0.8,0.1,0.5412398
49031,Piute County,UT,6.0,1764,0.5402,40.3,9.1,25.0,11.1,15.6,30.9,19.2,21.1,1.6,0.2,5.1,0.0,10.4,2.7,4.9,1.0,0.59049457
49033,Rich County,UT,5.0,2543,0.2141,19.6,2.6,14.2,4.2,7.9,18.0,32.2,15.1,7.6,0.5,14.2,2.6,21.3,1.8,0.0,0.6,0.5400449
49035,Salt Lake County,UT,1.0,1180643,0.4512,14.5,3.6,24.0,8.2,9.9,11.3,26.1,9.9,5.2,3.5,30.9,18.6,1.8,3.2,5.2,1.4,0.45413134
49037,San Juan County,UT,6.0,14524,0.9567,32.3,12.1,18.4,12.2,19.0,15.5,28.2,22.0,6.0,3.1,56.2,0.1,16.8,11.2,8.8,3.0,0.47108415
49039,Sanpete County,UT,6.0,28816,0.5116,26.3,4.6,22.1,10.2,10.8,14.1,24.8,11.7,4.4,1.9,14.4,2.9,4.7,3.7,2.8,9.3,0.47790322
49041,Sevier County,UT,6.0,21667,0.2886,20.3,4.9,19.7,8.0,9.4,16.5,28.8,14.7,2.9,0.4,9.0,2.3,7.7,4.3,4.1,1.6,0.48767856
49043,Summit County,UT,5.0,42524,0.0509,8.3,2.3,16.1,4.0,6.9,13.8,23.5,5.9,5.5,1.9,16.1,17.0,1.5,1.6,1.8,0.5,0.56058908
49045,Tooele County,UT,2.0,74032,0.1766,10.6,3.9,17.5,7.4,7.5,9.0,31.7,11.1,5.7,0.9,19.9,4.5,4.0,3.8,3.8,0.5,0.44071734
49047,Uintah County,UT,5.0,35951,0.5297,20.1,6.3,17.5,11.3,13.8,11.3,32.1,12.5,6.3,0.7,20.0,5.7,12.3,4.9,3.1,1.0,0.53525269
49049,Utah County,UT,3.0,666021,0.2555,15.5,3.4,22.7,4.7,7.8,7.7,32.2,8.5,4.2,1.7,19.3,12.0,1.2,3.9,2.5,2.6,0.48925093
49051,Wasatch County,UT,5.0,35009,0.0748,9.9,2.4,20.3,4.5,7.4,12.7,30.0,7.9,3.0,2.1,17.6,4.9,1.4,2.7,2.4,0.6,0.5232498
49053,Washington County,UT,4.0,183297,0.3875,17.4,3.1,25.2,5.6,12.2,21.9,24.9,12.5,3.6,1.2,17.2,6.2,4.2,3.5,3.0,1.3,0.46801808
49055,Wayne County,UT,6.0,2532,0.1053,23.6,0.6,19.3,6.9,10.7,22.4,23.5,11.6,5.9,0.0,2.8,0.2,9.2,1.6,1.7,1.7,0.52390552
49057,Weber County,UT,3.0,262960,0.3471,14.4,3.1,23.0,7.8,8.5,11.9,27.3,11.5,5.9,1.8,25.0,9.8,3.1,2.7,4.5,1.2,0.43813813
50001,Addison County,VT,6.0,37434,0.139,13.5,4.1,23.9,5.5,4.7,21.4,16.2,15.6,3.6,0.3,8.6,2.8,7.6,1.5,4.1,8.4,0.44529819
50003,Bennington County,VT,5.0,37326,0.349,18.6,4.2,29.3,5.9,4.6,23.3,18.9,17.5,5.8,0.2,7.6,3.6,5.1,1.3,8.5,3.4,0.43400648
50005,Caledonia County,VT,6.0,30418,0.2844,20.1,2.6,27.3,6.3,4.5,22.2,19.0,17.1,5.6,0.4,6.5,2.4,8.7,1.1,7.5,3.5,0.44201702
50007,Chittenden County,VT,4.0,168309,0.2205,16.1,3.9,27.9,4.7,3.3,15.9,17.4,11.2,4.6,1.2,13.0,14.7,3.8,1.5,6.9,5.9,0.42985603
50009,Essex County,VT,6.0,5976,0.4155,26.9,5.4,27.7,11.1,5.3,26.6,17.1,22.9,4.7,0.4,6.0,0.6,9.7,3.0,4.9,0.5,0.41684607
50011,Franklin County,VT,4.0,50101,0.1219,17.5,3.3,27.5,8.1,4.2,16.8,21.6,14.2,5.2,0.2,7.2,4.5,6.0,1.0,6.2,0.9,0.45016715
50013,Grand Isle County,VT,4.0,7335,0.006,12.3,3.5,25.6,3.9,4.0,21.8,17.2,12.2,2.7,0.2,9.0,0.1,11.9,0.4,2.0,0.1,0.44355068
50015,Lamoille County,VT,6.0,25977,0.1409,16.1,3.9,28.4,5.8,6.3,17.8,20.3,12.7,5.1,0.2,6.6,2.8,9.3,1.3,5.1,2.4,0.4362404
50017,Orange County,VT,5.0,29439,0.0939,17.0,3.1,24.8,6.1,4.5,22.2,17.9,15.5,4.6,0.1,5.5,1.4,9.5,1.7,4.2,2.0,0.43335241
50019,Orleans County,VT,6.0,27459,0.3548,20.2,6.1,27.2,8.5,3.5,23.2,19.4,17.4,4.8,0.2,6.1,1.8,8.2,1.5,6.3,3.2,0.44846994
50021,Rutland County,VT,5.0,60585,0.3955,18.5,4.3,29.5,6.4,4.5,23.4,17.6,16.1,3.9,0.4,6.2,7.9,5.5,3.5,7.1,3.4,0.44143957
50023,Washington County,VT,5.0,59768,0.161,16.3,3.0,25.4,4.9,2.9,20.5,18.3,14.0,5.6,0.2,7.0,4.8,5.3,1.0,7.7,3.8,0.46262053
50025,Windham County,VT,5.0,45857,0.3185,21.5,4.4,30.6,5.8,4.1,24.0,17.0,17.0,5.9,0.1,8.4,4.9,4.6,1.1,6.1,3.9,0.42705536
50027,Windsor County,VT,5.0,57832,0.1499,16.1,3.7,25.6,5.1,5.0,24.3,17.8,15.0,3.9,0.2,6.8,4.7,5.9,2.1,5.1,1.5,0.44318396
51001,Accomack County,VA,6.0,33367,0.8597,28.1,3.7,23.4,18.4,10.7,24.9,20.5,16.8,5.4,4.0,40.6,1.5,17.2,2.0,8.0,3.6,0.39668337
51003,Albemarle County,VA,4.0,112513,0.2469,11.2,3.1,23.2,6.2,5.8,19.7,19.6,9.3,5.6,1.7,24.1,14.6,2.6,1.0,4.7,7.6,0.42378911
51005,Alleghany County,VA,6.0,15159,0.3102,21.4,3.7,18.3,11.8,7.4,25.1,18.9,17.5,3.9,0.1,8.9,6.6,12.3,0.4,6.7,2.5,0.39861944
51007,Amelia County,VA,2.0,13309,0.3853,24.5,4.1,22.8,13.6,5.6,20.0,20.7,16.7,1.4,0.9,26.8,0.5,21.0,5.6,2.6,1.0,0.38895157
51009,Amherst County,VA,3.0,31426,0.4022,22.3,4.5,19.3,12.3,7.7,21.2,19.8,15.8,4.3,0.3,25.9,0.7,11.9,2.1,5.4,3.4,0.40852979
51011,Appomattox County,VA,3.0,16253,0.1441,22.5,3.5,17.3,10.1,8.3,20.5,21.8,14.2,5.2,0.0,23.8,1.7,14.9,0.8,3.4,0.5,0.38499621
51013,Arlington County,VA,2.0,235845,0.1597,10.3,2.8,19.4,4.7,5.5,11.3,18.1,6.5,3.3,3.6,40.5,54.9,0.1,3.3,14.1,1.4,0.46281385
51015,Augusta County,VA,4.0,77433,0.2129,15.3,3.0,18.7,10.1,6.8,21.7,18.8,14.2,3.9,0.8,10.9,4.3,9.0,1.4,4.5,4.7,0.42428565
51017,Bath County,VA,6.0,4177,0.1674,36.9,2.0,19.1,14.0,4.7,29.0,15.4,15.2,3.8,0.4,6.8,1.8,10.0,0.0,0.9,4.8,0.46435922
51019,Bedford County,VA,3.0,79761,0.0853,15.8,2.9,17.6,7.6,6.1,22.2,19.6,13.1,4.4,0.4,14.1,3.5,11.4,1.6,3.6,0.7,0.39864248
51021,Bland County,VA,6.0,6241,0.0974,14.8,3.3,11.5,8.0,4.8,23.7,15.2,17.5,1.4,0.0,6.6,0.5,23.2,2.2,3.5,15.1,0.44452465
51023,Botetourt County,VA,3.0,33734,0.013,12.8,3.1,17.4,6.4,4.8,23.2,18.8,12.5,2.7,0.1,8.5,3.1,8.2,0.4,3.7,1.3,0.43311757
51025,Brunswick County,VA,6.0,15965,0.8311,27.2,5.2,25.2,23.5,7.9,21.9,15.6,18.0,5.8,0.2,59.0,1.0,28.3,2.1,7.6,14.5,0.36184171
51027,Buchanan County,VA,6.0,20246,0.5975,37.6,6.0,22.5,25.8,7.2,23.0,16.9,33.7,5.6,0.1,3.8,0.8,31.8,0.5,4.9,4.7,0.4691408
51029,Buckingham County,VA,6.0,16869,0.6758,24.7,5.0,21.0,15.9,11.0,19.8,18.0,17.6,5.1,0.4,39.2,0.5,28.1,1.6,6.4,11.9,0.36150408
51031,Campbell County,VA,3.0,55518,0.4152,21.8,4.9,20.0,9.5,6.5,20.7,19.7,14.5,5.0,1.6,22.0,3.6,18.3,1.5,5.2,1.2,0.40702936
51033,Caroline County,VA,6.0,31181,0.399,15.4,4.6,21.1,10.6,6.7,16.4,22.7,12.9,6.6,1.0,37.5,0.8,8.0,1.9,5.0,4.5,0.37686071
51035,Carroll County,VA,6.0,29126,0.2797,25.3,4.8,18.7,17.0,9.1,25.1,17.9,16.5,3.9,0.6,6.5,0.7,20.5,1.3,4.2,0.6,0.38452122
51036,Charles City County,VA,2.0,6760,0.2685,19.7,4.1,20.9,15.1,6.3,25.6,14.9,19.2,3.5,0.2,56.2,0.9,11.3,0.8,6.4,0.0,0.38371271
51037,Charlotte County,VA,6.0,11563,0.7436,29.9,3.6,21.3,15.5,8.9,22.3,22.3,22.0,7.4,0.1,31.7,0.9,23.2,2.2,8.0,1.4,0.38205841
51041,Chesterfield County,VA,2.0,366019,0.2943,11.5,4.7,21.8,7.4,7.3,15.5,23.6,12.5,6.7,2.9,40.9,8.7,1.3,1.5,3.1,1.1,0.40921095
51043,Clarke County,VA,2.0,14882,0.0598,9.1,3.5,20.2,6.3,6.0,21.5,19.0,13.6,3.1,0.7,15.7,3.1,0.7,2.0,2.0,1.6,0.4364804
51045,Craig County,VA,3.0,4898,0.0589,14.0,1.9,13.4,12.1,2.9,19.2,25.1,11.7,4.4,0.0,5.3,0.2,18.7,3.9,4.7,0.2,0.36933729
51047,Culpeper County,VA,2.0,52822,0.4327,12.9,3.9,22.7,10.6,9.4,16.2,24.5,12.5,5.2,2.8,32.0,6.4,1.8,2.0,3.4,2.8,0.38800779
51049,Cumberland County,VA,6.0,9697,0.4426,15.1,3.2,21.8,13.9,8.6,22.7,19.6,15.0,11.8,0.1,36.3,0.8,19.1,2.1,6.9,0.4,0.35641685
51051,Dickenson County,VA,6.0,14089,0.4629,35.7,3.4,20.7,18.6,5.9,23.4,19.3,36.4,3.8,0.0,2.7,2.1,29.3,0.1,7.1,3.4,0.4218004
51053,Dinwiddie County,VA,2.0,28057,0.3261,14.7,4.7,23.6,10.5,6.6,18.5,20.4,14.6,4.4,0.8,37.3,2.3,11.4,1.7,2.8,3.0,0.36218694
51057,Essex County,VA,6.0,10602,0.8272,30.2,9.9,33.0,17.4,9.7,23.5,17.4,16.8,8.1,0.3,46.0,3.7,15.6,1.6,5.3,1.2,0.40704662
51059,Fairfax County,VA,2.0,1145354,0.2412,9.9,4.1,17.8,6.5,7.5,14.2,23.1,7.6,4.9,5.8,51.4,23.6,0.4,3.1,4.6,0.8,0.51112968
51061,Fauquier County,VA,2.0,73290,0.0732,9.8,2.3,16.7,7.8,7.7,16.7,23.1,9.6,5.6,2.3,22.4,4.1,1.8,1.2,3.1,0.5,0.41864818
51063,Floyd County,VA,4.0,15532,0.0929,17.9,2.6,17.9,9.2,7.3,24.2,18.1,12.7,3.7,0.5,7.3,0.9,18.2,1.4,5.6,0.7,0.42835999
51065,Fluvanna County,VA,4.0,27442,0.0582,12.3,3.0,16.5,6.7,8.0,20.4,19.8,11.6,3.5,0.3,23.9,1.9,5.7,1.2,2.7,4.6,0.38828513
51067,Franklin County,VA,3.0,54838,0.321,21.7,2.8,17.7,10.3,7.2,24.0,18.7,15.2,3.7,0.5,13.3,3.4,17.2,1.8,5.5,2.6,0.39638251
51069,Frederick County,VA,4.0,92007,0.2545,12.2,4.2,17.2,11.3,8.0,18.1,22.7,11.6,5.5,2.3,19.3,6.3,5.8,1.4,3.6,1.5,0.41383007
51071,Giles County,VA,4.0,16711,0.1037,20.0,2.2,14.1,9.6,6.4,21.7,20.1,13.0,3.5,0.5,5.7,3.5,18.5,1.0,5.6,1.0,0.3937988
51073,Gloucester County,VA,2.0,38875,0.0344,11.2,3.4,19.9,10.1,5.0,19.6,19.9,17.2,3.8,0.1,16.8,0.9,8.9,0.6,2.4,0.7,0.40517917
51075,Goochland County,VA,2.0,24906,0.0592,8.4,2.4,15.7,5.8,3.6,23.0,17.0,12.6,2.7,0.5,22.5,5.3,6.1,1.7,2.7,4.0,0.38416347
51077,Grayson County,VA,6.0,15356,0.5851,33.1,4.3,17.9,17.0,10.2,25.4,16.3,20.2,4.7,1.1,11.7,0.5,18.0,1.3,5.0,6.4,0.38430697
51079,Greene County,VA,4.0,20631,0.2199,16.2,3.8,15.1,10.7,6.7,18.5,23.4,12.3,6.6,1.1,19.9,3.4,8.4,2.1,2.1,0.7,0.38141575
51081,Greensville County,VA,6.0,11373,0.8979,26.8,6.3,29.6,20.3,7.8,15.7,16.3,17.4,9.6,0.5,64.2,3.4,17.9,2.3,8.6,25.9,0.34149846
51083,Halifax County,VA,6.0,34013,0.7684,27.3,3.7,24.8,17.8,8.4,24.9,20.1,20.1,8.5,0.2,40.2,1.2,19.8,1.5,6.4,2.7,0.364398
51085,Hanover County,VA,2.0,110513,0.0274,9.9,2.9,17.2,5.6,4.1,18.5,21.6,11.1,4.6,0.5,17.9,5.0,2.3,0.8,2.7,1.9,0.43410647
51087,Henrico County,VA,2.0,333120,0.3414,14.3,3.9,26.9,7.1,6.3,16.2,22.3,11.7,6.9,2.1,49.1,13.4,0.4,1.4,5.5,1.0,0.38742572
51089,Henry County,VA,5.0,50760,0.7757,29.9,5.2,21.9,18.7,8.1,24.4,19.4,21.6,4.4,1.2,31.3,3.9,19.9,1.4,6.5,1.7,0.36869702
51091,Highland County,VA,6.0,2247,0.1352,17.7,14.7,12.3,10.0,8.1,36.9,12.8,20.9,1.3,0.0,5.7,1.1,14.9,0.5,5.3,0.0,0.45947635
51093,Isle of Wight County,VA,2.0,38898,0.2243,15.8,5.5,20.0,8.8,6.1,19.3,21.1,14.7,4.9,0.7,30.5,4.8,9.0,0.5,4.7,0.7,0.37956876
51095,James City County,VA,2.0,78818,0.1763,10.9,3.7,20.8,4.3,5.2,26.1,19.6,13.1,6.1,0.9,26.5,7.8,2.7,0.9,4.2,1.5,0.38955265
51097,King and Queen County,VA,2.0,6681,0.1973,25.6,5.7,22.3,13.6,6.9,22.3,18.4,15.1,1.0,0.0,34.0,0.0,15.5,0.9,4.0,0.0,0.40510106
51099,King George County,VA,6.0,26985,0.0528,12.6,2.6,20.1,9.7,3.8,13.6,24.7,9.4,4.7,1.0,30.0,0.9,5.4,1.8,1.8,0.9,0.38729626
51101,King William County,VA,2.0,17845,0.0334,13.1,4.0,19.4,6.5,5.8,16.4,22.8,12.7,5.9,0.4,22.8,0.7,3.3,0.4,3.2,0.4,0.39119008
51103,Lancaster County,VA,6.0,10866,0.5075,23.4,9.3,23.5,13.6,7.0,39.4,14.7,19.8,2.6,0.6,33.5,2.2,4.6,1.4,4.0,2.2,0.396009
51105,Lee County,VA,6.0,22287,0.8788,37.3,8.1,21.7,18.3,10.8,22.2,18.7,29.7,8.2,0.6,7.9,1.2,20.8,1.6,9.0,6.5,0.37982893
51107,Loudoun County,VA,2.0,420773,0.1059,6.4,3.2,12.9,5.6,5.3,10.0,27.3,6.5,4.8,3.7,46.9,13.2,0.3,2.1,3.1,0.4,0.49527624
51109,Louisa County,VA,6.0,38106,0.2542,16.8,6.4,22.6,11.4,7.1,20.2,20.0,16.5,3.1,0.5,23.5,2.8,9.5,1.4,3.5,0.3,0.37311447
51111,Lunenburg County,VA,6.0,11988,0.9243,25.6,4.0,24.4,21.3,10.9,22.3,19.6,21.2,7.4,1.9,41.6,0.7,21.5,3.2,7.7,7.5,0.3698197
51113,Madison County,VA,6.0,13828,0.1594,19.9,3.7,21.7,13.0,5.6,23.3,20.0,15.5,2.2,0.1,15.9,1.1,2.5,3.0,2.9,1.8,0.40125242
51115,Mathews County,VA,2.0,8537,0.1002,12.2,8.2,14.5,5.7,8.4,30.7,15.1,21.2,0.9,0.4,15.6,0.5,6.4,0.6,0.6,1.8,0.42852098
51117,Mecklenburg County,VA,6.0,30367,0.7308,28.1,3.6,22.6,13.5,7.4,26.2,18.4,19.7,6.9,0.5,39.6,1.6,19.3,1.3,7.5,3.4,0.35999188
51119,Middlesex County,VA,6.0,10738,0.3042,16.4,4.6,21.1,10.6,6.4,33.6,15.8,17.1,3.3,0.6,22.3,0.3,8.8,3.0,2.8,3.7,0.41379911
51121,Montgomery County,VA,4.0,99373,0.2873,30.0,3.3,26.8,5.0,5.3,13.2,15.1,10.3,4.1,0.5,17.3,17.7,10.0,1.7,5.5,10.4,0.40227202
51125,Nelson County,VA,4.0,14773,0.2536,18.2,3.2,21.1,13.4,8.6,28.5,17.3,14.3,1.7,0.8,19.4,4.1,9.8,0.8,5.8,0.8,0.40518695
51127,New Kent County,VA,2.0,23296,0.0025,7.7,3.1,15.3,5.9,3.7,18.0,19.1,10.7,3.0,0.6,22.9,0.3,4.0,0.0,1.5,2.7,0.44059747
51131,Northampton County,VA,6.0,12132,0.79,26.0,4.8,22.7,13.1,10.3,27.6,19.1,20.1,3.2,1.6,44.6,3.2,10.4,1.9,10.3,2.4,0.36284214
51133,Northumberland County,VA,6.0,12007,0.1922,20.3,4.9,19.2,10.8,7.6,36.8,14.8,14.9,3.6,0.1,31.8,0.8,9.3,2.1,4.3,0.0,0.41456681
51135,Nottoway County,VA,6.0,15638,0.8425,29.5,6.4,25.5,16.2,13.5,18.3,19.6,18.0,8.1,0.4,46.0,1.6,10.3,1.3,7.2,15.2,0.36071733
51137,Orange County,VA,5.0,36593,0.2593,17.5,4.4,19.2,10.2,6.2,19.9,21.1,15.5,3.8,0.7,23.3,4.4,5.1,2.3,3.9,1.6,0.3993834
51139,Page County,VA,6.0,23753,0.363,18.0,4.6,24.5,17.6,10.8,21.3,20.0,20.0,3.7,0.5,7.4,1.4,9.5,0.6,7.0,1.0,0.40231007
51141,Patrick County,VA,6.0,17660,0.2558,22.9,2.3,16.8,16.4,6.2,26.9,17.4,20.4,2.0,0.5,10.5,0.9,24.0,1.0,4.2,2.5,0.40190187
51143,Pittsylvania County,VA,5.0,60541,0.7054,27.4,5.4,22.3,15.8,6.7,23.5,18.2,20.1,6.9,0.6,26.4,1.7,18.8,1.7,5.2,2.2,0.37591249
51145,Powhatan County,VA,2.0,30503,0.0022,8.5,2.6,12.3,8.5,3.8,19.3,18.0,11.7,3.4,0.2,14.8,0.0,2.3,0.3,1.6,5.5,0.41520038
51147,Prince Edward County,VA,6.0,21922,0.6106,26.5,2.4,28.6,11.6,6.9,16.4,15.0,15.3,5.8,1.4,39.5,5.5,12.2,0.7,8.4,23.8,0.36162248
51149,Prince George County,VA,2.0,42634,0.3805,18.4,7.5,23.3,10.6,4.0,12.9,19.6,12.7,7.6,0.4,47.4,4.7,5.8,1.3,3.0,13.7,0.39288318
51153,Prince William County,VA,2.0,481114,0.4117,11.1,4.7,19.5,10.1,10.4,10.5,26.6,8.2,6.4,5.7,59.9,13.3,1.1,3.2,2.3,0.8,0.43390542
51155,Pulaski County,VA,4.0,33841,0.2011,20.3,3.3,20.9,9.7,5.3,22.5,17.8,19.8,3.9,0.1,9.9,3.0,11.4,0.6,4.7,3.3,0.35317874
51157,Rappahannock County,VA,2.0,7422,0.0573,16.5,6.5,18.6,9.4,11.1,26.5,18.0,13.7,1.5,0.4,13.2,0.0,0.8,1.2,1.6,0.1,0.47069612
51159,Richmond County,VA,6.0,8968,0.5485,22.4,4.0,19.1,24.9,6.2,20.0,17.3,16.4,4.6,1.0,39.5,4.2,12.0,0.8,6.3,18.0,0.39217684
51161,Roanoke County,VA,3.0,96653,0.1333,13.4,2.6,20.6,6.7,4.6,21.7,19.9,12.4,5.5,0.8,16.0,11.9,1.6,0.7,4.5,2.3,0.4217622
51163,Rockbridge County,VA,6.0,22673,0.125,19.3,3.9,16.2,9.4,6.2,26.5,17.9,17.8,4.0,0.1,9.4,2.8,11.6,0.6,4.4,1.4,0.40741509
51165,Rockingham County,VA,4.0,83905,0.2526,15.9,2.8,17.7,12.8,8.8,19.6,21.9,12.6,3.5,1.9,13.4,3.3,8.6,1.6,4.5,2.3,0.42741969
51167,Russell County,VA,6.0,25763,0.3468,30.4,5.9,17.7,17.1,6.0,22.6,18.3,31.7,3.6,0.0,3.9,0.9,20.4,0.6,6.6,1.8,0.42082796
51169,Scott County,VA,3.0,21536,0.4712,29.9,3.4,18.5,17.0,7.0,24.8,18.0,29.3,4.0,0.0,3.9,1.6,20.1,1.6,8.5,3.5,0.39151242
51171,Shenandoah County,VA,6.0,44337,0.4298,21.9,4.2,24.3,11.4,6.4,21.9,21.3,16.8,5.5,1.5,14.4,6.7,4.1,0.9,5.0,1.0,0.43203691
51173,Smyth County,VA,6.0,29799,0.6841,31.3,3.3,21.3,15.3,7.0,22.4,19.2,22.5,7.7,0.7,6.3,3.4,18.6,1.4,8.0,2.4,0.37587297
51175,Southampton County,VA,6.0,18003,0.4279,14.2,5.5,21.7,13.2,6.0,20.8,19.3,18.0,5.6,0.1,39.0,0.2,15.7,1.3,5.0,7.5,0.38308978
51177,Spotsylvania County,VA,2.0,141097,0.2654,12.9,5.6,20.9,9.0,7.5,14.6,24.5,10.7,5.1,1.6,35.2,7.1,3.5,2.0,3.1,0.3,0.40408307
51179,Stafford County,VA,2.0,157606,0.2428,8.9,3.9,16.5,7.1,7.0,11.0,26.1,8.6,6.2,2.6,44.2,6.1,2.4,2.3,1.9,2.2,0.4260841
51181,Surry County,VA,2.0,6546,0.448,21.7,6.0,20.3,12.4,6.9,24.0,16.9,17.2,6.1,0.2,46.1,0.6,16.5,2.1,5.2,0.0,0.38775831
51183,Sussex County,VA,2.0,10866,0.7385,22.6,5.0,23.7,18.7,8.2,18.4,16.3,17.4,7.1,0.2,60.0,1.1,19.1,1.7,10.3,13.9,0.36032462
51185,Tazewell County,VA,5.0,40392,0.5883,29.8,5.7,21.2,13.6,6.3,22.9,19.7,19.1,6.4,0.1,6.8,1.8,23.0,0.7,7.6,3.8,0.41694725
51187,Warren County,VA,2.0,40800,0.496,17.7,5.6,23.9,11.2,10.7,16.6,21.7,14.4,5.8,0.7,16.8,3.6,1.4,3.4,5.5,2.0,0.41777122
51191,Washington County,VA,3.0,53985,0.2549,20.1,4.2,18.1,10.8,8.0,24.0,17.2,22.3,4.0,0.2,5.2,2.7,13.6,1.1,4.4,3.0,0.38098025
51193,Westmoreland County,VA,6.0,18480,0.8193,27.7,9.1,28.9,18.1,8.6,25.7,18.2,17.2,7.4,1.7,37.5,1.0,8.4,2.8,6.1,0.7,0.38238847
51195,Wise County,VA,6.0,36105,0.8046,30.7,9.1,22.7,19.6,7.8,19.1,19.0,27.4,6.1,0.3,9.2,3.3,26.3,0.6,9.7,8.2,0.38816714
51197,Wythe County,VA,6.0,28275,0.4139,24.3,5.2,19.1,9.9,6.0,21.6,19.4,20.7,6.0,0.6,6.7,2.7,19.1,0.8,8.4,0.8,0.39861265
51199,York County,VA,2.0,70238,0.1543,8.2,4.2,20.0,4.7,4.0,17.0,23.3,11.7,6.7,1.4,31.9,9.9,1.3,0.8,3.9,1.7,0.42852077
51510,Alexandria City,VA,2.0,157594,0.3178,13.4,3.2,24.5,6.3,8.8,12.3,18.1,7.3,4.3,4.7,48.9,53.0,0.0,4.2,11.0,1.0,0.43009669
51520,Bristol City,VA,3.0,17036,0.7696,31.0,4.1,25.1,13.8,13.7,23.5,19.9,21.6,7.6,0.3,13.4,8.5,0.9,1.8,10.3,1.7,0.37831053
51530,Buena Vista City,VA,6.0,6639,0.4983,29.3,1.3,29.0,18.7,6.4,17.9,21.4,16.2,11.9,0.0,13.7,4.0,4.2,0.9,5.0,8.4,0.37240055
51540,Charlottesville City,VA,4.0,46289,0.5727,30.1,5.1,35.5,8.0,6.3,12.6,15.6,9.0,5.8,1.9,34.7,22.6,0.9,1.6,11.8,6.3,0.35528252
51550,Chesapeake City,VA,1.0,249377,0.4149,13.2,5.0,25.7,6.7,6.7,13.8,24.1,11.7,8.7,1.5,44.8,7.9,1.7,1.4,4.4,1.9,0.38100606
51570,Colonial Heights City,VA,2.0,18158,0.5651,14.5,6.1,26.8,8.5,7.3,18.8,23.4,16.1,11.4,1.5,31.0,7.6,0.3,1.1,6.6,1.0,0.42654896
51580,Covington City,VA,6.0,5722,0.3128,25.7,2.6,20.8,11.4,8.4,19.1,22.5,13.1,8.1,0.3,19.7,1.0,5.8,0.0,8.5,1.5,0.37672833
51590,Danville City,VA,5.0,42507,0.9796,38.7,5.8,33.7,15.6,9.1,21.1,22.0,19.2,9.4,1.4,59.5,13.1,3.9,1.9,13.9,3.8,0.33381909
51595,Emporia City,VA,6.0,5680,0.9233,35.8,7.0,37.1,23.1,4.7,17.7,26.6,23.1,13.2,1.1,76.5,3.1,1.9,0.0,16.0,4.1,0.32023576
51600,Fairfax City,VA,2.0,24242,0.3551,14.5,3.7,19.5,7.8,6.3,14.4,23.1,7.2,2.8,5.7,46.7,22.0,0.0,4.5,6.2,2.7,0.51237965
51610,Falls Church City,VA,2.0,14576,0.2189,3.9,6.0,15.2,2.6,0.9,13.7,24.3,7.9,6.1,2.2,31.0,44.3,0.1,3.2,5.7,0.5,0.50038087
51620,Franklin City,VA,6.0,8194,0.7938,31.8,5.3,28.8,15.7,3.1,19.0,25.7,18.6,5.6,0.2,62.1,4.5,1.0,3.5,10.9,1.6,0.36709273
51630,Fredericksburg City,VA,2.0,28258,0.7636,22.9,5.2,29.3,7.5,8.5,11.2,20.9,11.7,8.1,3.5,43.1,33.0,0.5,3.5,9.2,8.4,0.37464082
51640,Galax City,VA,6.0,6687,0.9532,37.7,4.4,25.8,19.8,14.4,18.8,25.4,14.8,7.3,3.0,29.3,6.9,8.2,1.6,9.7,5.1,0.36551464
51650,Hampton City,VA,2.0,137217,0.748,22.8,6.5,34.7,7.2,7.1,15.9,21.3,16.1,9.6,0.8,63.6,13.2,1.6,2.0,7.6,3.0,0.37049267
51660,Harrisonburg City,VA,4.0,51784,0.8648,38.6,6.7,31.9,16.4,10.6,9.6,16.4,11.6,6.4,7.4,36.2,19.9,1.1,3.3,7.2,14.2,0.40140036
51670,Hopewell City,VA,2.0,23046,0.8801,36.5,8.8,35.2,13.1,6.9,14.7,25.6,16.4,9.7,0.8,57.5,9.9,1.6,2.8,9.0,1.0,0.35406482
51678,Lexington City,VA,6.0,7346,0.0474,19.5,2.5,21.8,3.8,2.1,14.6,7.2,11.7,3.1,0.0,19.0,5.7,0.0,0.0,11.0,43.0,0.42037919
51680,Lynchburg City,VA,3.0,79166,0.7066,27.2,5.4,30.1,9.7,6.9,14.3,19.0,12.8,9.5,0.6,38.9,19.0,1.1,1.8,10.6,13.4,0.35788783
51683,Manassas City,VA,2.0,42620,0.4884,10.5,3.3,23.3,14.2,19.7,10.7,26.4,8.6,4.2,13.3,62.2,16.1,1.0,4.6,3.7,0.2,0.43691581
51685,Manassas Park City,VA,2.0,17123,0.6532,17.6,3.2,32.9,19.9,19.2,9.8,24.3,11.6,4.4,10.5,69.9,21.3,0.0,8.9,4.8,0.0,0.41096577
51690,Martinsville City,VA,5.0,13539,0.9297,37.9,4.3,34.8,13.5,10.4,17.7,25.4,21.0,9.0,1.5,57.4,11.8,1.9,0.7,13.2,3.4,0.31427053
51700,Newport News City,VA,2.0,185118,0.8406,23.2,5.6,35.1,8.3,8.6,13.4,23.2,14.4,9.6,1.4,59.2,18.3,2.5,2.4,9.7,4.0,0.36231923
51710,Norfolk City,VA,2.0,236973,0.8594,26.2,6.7,36.8,10.7,10.0,12.3,20.3,14.8,9.5,1.4,57.8,18.4,0.7,2.0,11.8,9.2,0.34708124
51720,Norton City,VA,6.0,3668,0.769,39.5,7.3,24.2,9.8,10.5,21.5,17.0,29.7,7.5,0.1,5.6,14.5,12.9,1.6,8.1,1.7,0.38600317
51730,Petersburg City,VA,2.0,33261,0.9733,34.7,11.3,41.7,13.6,10.7,16.9,22.1,21.4,9.8,1.6,85.1,20.1,2.5,2.0,16.5,1.9,0.30953476
51735,Poquoson City,VA,2.0,12479,0.0038,8.5,1.4,16.2,3.8,2.3,19.7,22.6,12.9,5.2,0.3,10.4,3.1,1.1,0.3,1.7,0.5,0.462311
51740,Portsmouth City,VA,2.0,97384,0.8355,27.3,6.6,39.2,10.5,7.7,15.1,23.1,14.8,10.7,0.6,63.6,9.3,0.4,1.9,11.4,3.5,0.34396493
51750,Radford City,VA,4.0,16379,0.3408,42.3,7.2,32.1,6.7,5.5,9.3,11.9,11.5,4.9,0.3,17.3,21.5,1.2,1.0,4.6,18.7,0.36301178
51760,Richmond City,VA,1.0,227171,0.8333,28.7,6.1,38.1,11.2,9.6,13.8,17.1,14.3,7.3,3.2,58.2,24.9,0.7,1.9,14.2,4.5,0.3109512
51770,Roanoke City,VA,3.0,99213,0.8521,29.5,6.6,32.7,10.9,9.7,17.6,22.2,12.4,8.1,2.0,43.0,16.2,0.7,2.4,11.2,1.8,0.33756897
51775,Salem City,VA,3.0,25372,0.3248,18.6,3.5,24.1,6.1,6.1,19.3,18.6,11.4,5.4,0.6,16.5,12.4,2.0,2.2,5.8,10.4,0.40463948
51790,Staunton City,VA,4.0,25581,0.6048,21.0,5.1,28.3,7.4,8.2,21.1,18.9,15.1,5.7,1.0,20.1,11.6,0.4,1.5,8.8,5.7,0.38494247
51800,Suffolk City,VA,2.0,94856,0.4788,15.8,6.3,27.0,8.8,6.1,14.8,23.6,12.6,7.9,0.7,52.3,8.4,2.2,1.8,6.0,0.7,0.3524369
51810,Virginia Beach City,VA,1.0,457900,0.307,13.5,4.3,28.1,5.5,6.9,15.0,22.0,11.8,7.1,1.4,40.1,11.9,1.1,1.3,4.3,1.8,0.40409806
51820,Waynesboro City,VA,4.0,22341,0.7601,26.6,4.7,34.1,11.8,9.7,17.4,22.3,16.8,12.8,1.8,27.2,11.5,0.9,1.7,7.8,1.0,0.37388992
51830,Williamsburg City,VA,2.0,15486,0.3802,20.2,6.0,29.1,6.7,6.0,16.8,10.2,9.9,4.4,1.4,32.3,18.5,0.2,0.5,7.1,31.4,0.36738774
51840,Winchester City,VA,4.0,28103,0.9033,27.3,5.2,34.4,13.0,12.0,16.4,22.3,14.6,7.9,4.5,36.1,14.0,0.0,3.1,10.0,4.0,0.40239111
53001,Adams County,WA,5.0,20557,0.98,33.1,6.3,27.2,29.0,16.4,11.3,34.8,10.9,6.9,14.4,68.1,4.7,23.2,11.4,7.4,1.5,0.45146132
53003,Asotin County,WA,4.0,22370,0.4283,27.0,5.9,25.3,7.0,6.8,23.8,20.2,18.5,4.3,0.7,12.0,3.6,10.1,1.8,3.3,0.9,0.41148183
53005,Benton County,WA,3.0,207560,0.6405,17.6,4.8,22.9,9.9,8.0,15.4,26.3,14.2,6.6,4.1,32.6,12.4,9.2,3.1,5.1,0.9,0.43548444
53007,Chelan County,WA,4.0,79076,0.7999,17.7,3.4,23.2,14.6,10.9,19.9,22.9,17.9,5.8,7.2,33.6,9.6,9.7,3.1,5.3,2.1,0.43931967
53009,Clallam County,WA,5.0,77333,0.5861,19.7,5.4,26.8,7.0,7.5,30.7,16.6,20.0,4.5,0.7,19.2,6.9,12.5,1.8,6.2,1.6,0.41539603
53011,Clark County,WA,2.0,504091,0.4257,14.5,5.2,25.3,7.0,6.4,16.1,23.2,12.6,5.6,2.8,24.6,11.5,4.0,3.2,4.8,0.9,0.42882645
53013,Columbia County,WA,6.0,3980,0.3576,17.1,3.5,20.0,10.1,7.9,28.9,17.4,22.9,8.3,0.6,18.3,0.5,5.0,1.7,4.0,2.1,0.43658987
53015,Cowlitz County,WA,4.0,110621,0.7124,19.8,5.5,27.8,9.9,6.0,19.2,22.6,18.9,5.8,1.3,18.6,10.6,8.6,3.4,6.2,1.2,0.395531
53017,Douglas County,WA,4.0,43189,0.8116,15.5,4.3,19.4,18.2,12.0,17.8,25.1,18.5,7.7,9.0,38.8,5.4,15.4,4.1,4.5,1.3,0.43682402
53019,Ferry County,WA,6.0,7260,0.7159,31.3,7.6,24.2,8.6,5.1,29.0,17.1,26.1,4.0,0.5,28.5,1.4,19.8,2.3,6.2,3.1,0.43534043
53021,Franklin County,WA,3.0,96692,0.9147,24.8,5.7,24.1,24.2,13.6,9.8,31.5,11.8,10.8,12.8,61.4,7.6,7.6,7.4,4.3,2.5,0.42117432
53023,Garfield County,WA,6.0,2310,0.2456,15.6,6.5,17.5,7.1,4.2,27.8,19.5,24.1,1.4,0.7,11.2,0.7,17.9,4.2,1.2,1.3,0.48261648
53025,Grant County,WA,5.0,99145,0.931,24.9,5.4,23.6,19.6,12.3,14.2,28.9,13.6,7.5,10.2,49.0,6.8,25.2,6.3,4.7,1.8,0.42928672
53027,Grays Harbor County,WA,5.0,75672,0.8215,23.3,6.4,27.5,9.9,7.0,22.3,20.1,21.1,4.8,2.0,22.4,6.0,11.2,3.1,5.5,4.0,0.41536888
53029,Island County,WA,5.0,86510,0.3032,12.9,5.5,27.2,4.3,4.5,25.3,17.8,15.7,4.2,0.7,22.6,4.0,7.0,1.9,3.2,3.1,0.4472104
53031,Jefferson County,WA,5.0,33006,0.3643,19.2,8.4,27.4,2.9,4.8,38.6,11.7,19.9,2.3,0.4,14.1,3.2,12.2,1.4,4.6,2.1,0.438905
53033,King County,WA,1.0,2254371,0.3761,12.8,4.5,23.8,6.2,5.3,13.6,19.8,10.0,4.2,4.5,44.1,30.2,1.5,3.8,10.9,1.8,0.45312586
53035,Kitsap County,WA,3.0,275411,0.3334,13.4,4.7,24.6,4.8,5.1,18.7,20.0,14.7,5.3,0.8,25.4,9.8,5.8,2.2,4.3,2.9,0.42488608
53037,Kittitas County,WA,5.0,44424,0.3366,23.2,5.9,29.8,6.9,5.3,16.8,17.4,13.0,4.3,0.4,19.4,10.4,6.6,2.0,3.4,4.8,0.49629563
53039,Klickitat County,WA,6.0,22798,0.6414,23.8,6.9,23.0,10.6,7.4,24.4,18.9,16.1,4.7,3.8,19.8,1.2,16.4,2.3,5.2,1.9,0.4329097
53041,Lewis County,WA,5.0,82663,0.7028,21.3,6.3,26.4,10.5,6.4,21.0,21.5,19.5,4.8,1.4,18.8,5.8,16.2,3.1,4.6,1.3,0.42201695
53043,Lincoln County,WA,6.0,11036,0.2113,19.2,5.3,16.0,7.6,3.7,25.2,21.9,21.4,2.7,0.4,10.5,1.3,16.6,2.3,2.8,1.2,0.52511251
53045,Mason County,WA,5.0,66053,0.573,19.2,6.2,23.2,9.5,6.5,23.4,19.4,19.1,3.9,2.5,22.6,1.2,17.1,4.3,3.9,1.9,0.39598638
53047,Okanogan County,WA,6.0,42336,0.9453,30.3,5.8,24.6,14.0,12.8,22.4,22.8,16.5,7.5,6.1,37.3,2.0,16.7,3.8,4.1,4.8,0.44186184
53049,Pacific County,WA,6.0,23396,0.7038,22.2,4.3,25.6,8.7,5.3,32.5,15.3,24.2,5.1,2.3,20.4,4.6,16.2,3.2,7.5,1.2,0.43783805
53051,Pend Oreille County,WA,6.0,13570,0.4314,21.7,6.1,23.6,6.6,6.5,26.8,19.2,21.5,4.8,0.0,15.1,2.7,17.6,4.1,3.1,1.0,0.45692343
53053,Pierce County,WA,2.0,918993,0.5434,14.8,5.0,26.8,7.6,6.0,14.2,23.1,13.3,5.8,2.4,36.3,12.6,5.0,3.2,5.0,2.3,0.41604432
53055,San Juan County,WA,6.0,18001,0.1527,17.4,3.2,26.3,4.2,7.5,34.6,12.7,11.7,3.6,0.6,12.7,2.1,4.7,3.3,4.6,1.0,0.4566128
53057,Skagit County,WA,4.0,129480,0.5982,17.6,5.1,26.7,9.2,6.8,21.5,21.3,14.5,5.3,3.4,27.9,7.3,6.9,4.5,3.9,1.5,0.43779993
53059,Skamania County,WA,2.0,12118,0.2345,16.7,5.2,23.3,6.6,5.2,21.6,17.8,12.8,5.6,0.4,18.4,1.6,12.5,3.5,4.6,0.8,0.41948113
53061,Snohomish County,WA,2.0,828337,0.3557,12.2,4.4,24.3,7.2,6.2,14.1,22.3,11.7,4.5,3.7,34.5,15.5,4.7,3.4,4.6,1.4,0.45004418
53063,Spokane County,WA,3.0,538711,0.5638,20.2,5.8,28.5,5.9,5.2,16.8,21.7,15.5,5.8,1.0,17.6,16.4,5.1,2.1,7.3,2.9,0.42490393
53065,Stevens County,WA,3.0,46774,0.4652,22.9,5.3,22.4,8.0,7.4,24.3,21.1,18.9,2.5,0.9,14.8,2.3,18.1,3.6,3.8,0.7,0.44440252
53067,Thurston County,WA,3.0,294272,0.3939,16.0,5.5,26.4,5.7,5.0,17.9,21.1,14.4,5.1,1.5,28.0,10.3,8.6,2.1,4.6,1.3,0.4247748
53069,Wahkiakum County,WA,6.0,4476,0.2039,25.5,3.2,27.9,7.9,4.3,33.1,17.2,20.5,1.0,0.0,17.5,1.0,12.6,2.0,3.4,1.0,0.44333866
53071,Walla Walla County,WA,4.0,62150,0.8078,21.4,5.8,27.6,11.1,8.2,19.3,20.5,15.6,6.1,4.2,29.9,8.1,6.3,2.3,6.2,7.7,0.42130429
53073,Whatcom County,WA,4.0,226523,0.5002,19.9,4.9,30.7,6.7,5.9,18.1,19.0,12.9,4.4,1.6,23.2,15.6,6.6,3.7,6.1,2.1,0.44325513
53075,Whitman County,WA,5.0,47141,0.5186,36.1,6.7,37.0,4.2,4.5,11.5,15.3,12.2,4.1,1.3,24.2,24.7,5.6,1.3,9.0,12.9,0.48012689
53077,Yakima County,WA,3.0,256143,0.9647,29.0,7.2,26.9,24.3,13.3,14.0,29.3,13.4,7.9,10.9,59.2,7.7,11.8,7.7,5.3,1.5,0.40869036
54001,Barbour County,WV,6.0,15527,0.4563,32.3,10.1,20.1,12.1,5.5,20.8,20.1,15.2,4.1,0.5,7.9,1.8,14.6,0.2,6.9,3.9,0.45548418
54003,Berkeley County,WV,3.0,123283,0.2704,18.4,4.6,22.2,9.4,6.2,15.0,23.0,13.7,5.1,0.6,17.8,3.2,10.6,1.9,5.5,0.7,0.38061044
54005,Boone County,WV,4.0,21705,0.4003,26.0,9.8,16.2,15.6,5.8,21.1,20.8,24.0,4.7,0.3,2.7,1.0,26.7,0.4,8.1,0.6,0.39686668
54007,Braxton County,WV,6.0,12505,0.6013,34.4,14.4,17.3,17.4,9.7,24.1,19.0,18.5,4.5,0.0,10.8,0.9,25.9,0.4,8.2,3.4,0.43297413
54009,Brooke County,WV,4.0,22349,0.378,20.9,5.7,16.1,7.5,5.4,24.1,17.6,18.5,4.8,0.8,6.0,6.1,9.8,0.9,7.0,4.5,0.40250942
54011,Cabell County,WV,3.0,93965,0.7276,31.9,6.1,27.8,10.2,7.5,19.4,19.6,18.9,5.8,0.3,10.6,10.6,8.1,1.2,10.3,4.6,0.36893839
54013,Calhoun County,WV,6.0,6279,0.4696,40.5,12.2,8.9,13.2,9.1,25.0,19.0,24.1,4.6,0.0,4.1,0.8,29.4,1.3,7.7,0.4,0.4745855
54015,Clay County,WV,4.0,8049,0.538,34.6,11.2,17.0,16.7,5.0,21.2,21.9,23.2,4.7,0.0,3.0,0.4,30.0,2.9,7.9,0.9,0.42534333
54017,Doddridge County,WV,5.0,7847,0.2625,25.5,4.3,10.9,18.0,8.2,20.8,14.5,18.5,3.0,0.0,6.5,0.5,17.5,2.4,2.6,14.0,0.43227404
54019,Fayette County,WV,4.0,40545,0.7019,31.6,7.5,21.0,15.0,8.0,21.9,20.6,24.3,5.0,0.1,8.0,3.0,14.0,1.0,10.2,3.8,0.41605961
54021,Gilmer County,WV,6.0,7444,0.4849,22.1,7.1,10.2,17.0,7.8,17.5,16.0,15.5,5.4,0.8,21.8,1.2,24.1,0.4,6.6,25.5,0.43647057
54023,Grant County,WV,6.0,11034,0.2695,20.5,5.3,17.8,12.3,8.5,24.3,18.9,14.7,3.4,1.3,4.4,1.0,17.2,0.6,7.2,1.4,0.39847219
54025,Greenbrier County,WV,6.0,32995,0.4537,31.2,4.3,22.3,11.9,7.1,23.6,19.4,19.5,4.7,0.1,8.3,3.1,12.9,0.7,6.7,2.0,0.40947682
54027,Hampshire County,WV,4.0,23275,0.4699,26.2,8.5,18.2,12.3,12.1,23.3,19.0,25.9,3.5,0.1,5.7,0.7,16.7,1.6,5.2,2.4,0.40226078
54029,Hancock County,WV,4.0,28907,0.2969,21.7,8.5,18.4,9.5,9.2,24.3,18.7,18.6,4.8,0.0,7.3,3.5,8.3,0.7,6.7,1.0,0.39672202
54031,Hardy County,WV,6.0,14249,0.3942,31.3,4.6,19.4,13.5,5.2,23.0,20.4,17.4,3.6,0.5,10.6,1.6,17.4,1.4,8.3,0.6,0.41217995
54033,Harrison County,WV,5.0,65862,0.4703,24.4,5.3,19.5,11.4,7.0,19.8,21.3,16.2,5.0,0.2,7.0,5.3,8.1,2.3,8.8,1.8,0.42397833
54035,Jackson County,WV,6.0,27868,0.2934,29.7,3.6,18.2,9.6,5.8,20.6,21.8,21.1,3.4,0.1,3.7,1.4,19.7,2.2,9.3,0.6,0.39311758
54037,Jefferson County,WV,2.0,58043,0.217,14.2,4.9,19.3,9.6,5.8,16.7,21.7,13.1,4.6,0.5,18.4,3.3,6.0,1.8,5.6,2.4,0.38936555
54039,Kanawha County,WV,4.0,179895,0.5339,26.0,5.4,22.1,9.4,5.3,21.3,19.9,18.8,5.9,0.2,13.2,7.1,9.9,1.1,10.8,1.8,0.38050783
54041,Lewis County,WV,6.0,16920,0.5568,28.3,8.7,16.8,12.2,6.1,20.9,21.3,17.8,5.7,0.1,7.3,4.7,20.2,1.4,10.3,1.4,0.42955923
54043,Lincoln County,WV,6.0,20410,0.3983,34.5,5.9,13.5,17.8,4.5,20.0,22.3,26.0,4.2,0.1,3.3,1.2,34.5,1.0,9.0,0.4,0.41134503
54045,Logan County,WV,6.0,32350,0.6624,40.2,13.3,18.0,18.9,7.3,21.6,20.6,29.2,5.2,0.0,4.5,2.5,19.9,1.1,9.8,2.3,0.39443293
54047,McDowell County,WV,6.0,18911,0.8721,45.7,15.1,22.1,22.5,7.2,23.1,20.5,30.0,5.2,0.6,19.4,1.3,20.0,0.8,9.9,10.3,0.37073523
54049,Marion County,WV,5.0,56194,0.4394,25.6,6.4,18.7,8.6,7.2,19.7,19.8,19.2,5.8,0.2,8.1,2.9,7.5,1.5,8.0,2.4,0.42948195
54051,Marshall County,WV,4.0,30509,0.2167,24.5,3.9,19.1,7.6,6.4,22.8,18.6,19.5,6.2,0.1,5.4,1.0,9.4,0.5,6.6,2.3,0.45522022
54053,Mason County,WV,6.0,25488,0.2774,27.3,2.9,14.2,14.4,6.4,21.7,20.9,19.3,3.3,0.0,4.2,1.5,23.3,0.9,7.1,3.1,0.39196849
54055,Mercer County,WV,5.0,59530,0.7343,32.4,4.2,22.3,13.6,6.4,22.3,20.7,23.6,5.5,0.5,10.8,3.6,19.8,2.0,8.3,2.2,0.381374
54057,Mineral County,WV,5.0,26957,0.2135,20.7,5.8,15.5,6.1,5.4,22.2,19.9,15.9,5.1,0.4,7.2,2.5,11.1,0.7,6.0,2.5,0.41707379
54059,Mingo County,WV,6.0,23466,0.6761,41.0,11.2,19.3,23.4,7.1,20.7,22.3,33.0,4.2,0.0,4.5,3.8,31.5,1.5,11.8,0.4,0.40481827
54061,Monongalia County,WV,4.0,105988,0.3325,27.4,5.7,27.9,6.1,5.3,12.9,16.0,11.9,4.6,0.3,12.8,17.3,8.1,1.1,7.1,5.8,0.43176028
54063,Monroe County,WV,6.0,12438,0.3901,22.5,10.6,13.8,11.5,11.1,24.6,20.3,23.2,3.4,1.1,5.7,0.5,18.3,0.3,6.5,0.6,0.43971238
54065,Morgan County,WV,3.0,17237,0.1759,20.3,5.1,19.8,11.8,7.3,24.1,17.4,16.3,2.4,0.2,6.2,0.2,13.1,2.8,4.3,0.8,0.40254909
54067,Nicholas County,WV,6.0,24624,0.2794,25.6,6.6,15.2,10.9,5.4,22.8,21.0,20.8,5.3,0.1,3.4,1.1,21.4,0.5,6.6,0.7,0.42141983
54069,Ohio County,WV,4.0,42224,0.4741,24.4,5.3,24.3,7.0,4.6,22.3,19.4,15.3,5.8,0.5,9.0,9.9,3.6,0.5,12.0,5.6,0.42190182
54071,Pendleton County,WV,6.0,6156,0.2666,25.4,7.3,14.5,16.9,7.1,28.3,18.0,19.1,3.2,0.3,5.6,0.1,15.8,0.6,4.4,1.8,0.43508109
54073,Pleasants County,WV,6.0,7622,0.4295,18.3,7.2,17.5,12.3,9.1,18.4,19.2,18.4,8.8,0.0,4.6,0.3,21.5,2.2,4.4,7.8,0.48239341
54075,Pocahontas County,WV,6.0,7940,0.5546,31.4,8.0,18.0,16.8,5.4,26.4,17.7,24.0,2.2,0.0,5.3,15.2,14.2,0.6,7.2,4.5,0.41511455
54077,Preston County,WV,4.0,34206,0.4591,22.0,7.2,18.7,13.2,6.6,19.9,18.3,17.9,4.2,0.2,11.4,1.1,18.1,1.7,6.4,10.2,0.44848606
54079,Putnam County,WV,3.0,57347,0.077,18.4,3.8,15.3,6.4,5.3,19.1,21.8,11.8,6.7,0.2,5.6,3.3,15.0,1.2,4.9,0.5,0.41490504
54081,Raleigh County,WV,4.0,74303,0.7887,32.3,7.1,23.3,14.7,4.8,21.4,21.0,24.4,7.3,0.1,12.8,3.5,15.6,1.3,9.3,4.4,0.40020555
54083,Randolph County,WV,5.0,28005,0.5189,27.7,7.3,19.3,12.3,7.7,22.4,18.4,15.3,4.1,0.2,8.8,2.1,17.3,0.7,10.9,8.8,0.40600058
54085,Ritchie County,WV,6.0,8507,0.2609,30.9,3.6,13.4,16.5,7.1,22.7,20.3,28.6,4.3,0.3,3.3,0.3,21.6,1.4,4.6,0.5,0.41655013
54087,Roane County,WV,6.0,14027,0.6141,37.6,11.7,22.9,19.4,6.8,22.5,20.6,23.2,5.3,0.0,4.6,1.7,26.9,0.6,10.0,0.7,0.41699594
54089,Summers County,WV,6.0,11985,0.6752,31.1,7.6,15.8,17.2,5.7,26.3,15.9,30.4,4.4,0.2,8.5,1.4,14.5,2.9,8.9,7.5,0.39783511
54091,Taylor County,WV,5.0,16602,0.3538,27.9,9.3,15.7,13.0,5.6,20.5,20.2,20.3,4.4,0.1,4.5,1.5,12.7,0.7,7.1,2.5,0.41157141
54093,Tucker County,WV,6.0,6747,0.2615,21.0,6.6,14.1,11.1,5.2,27.0,14.2,22.0,3.3,0.0,2.9,2.0,6.9,1.6,9.8,2.3,0.45519081
54095,Tyler County,WV,6.0,8336,0.1349,21.1,4.9,10.9,9.1,4.8,23.4,19.0,24.0,0.9,0.3,3.6,1.3,15.5,0.1,7.3,1.1,0.44316429
54097,Upshur County,WV,6.0,23875,0.6045,30.2,5.8,23.9,12.7,6.8,21.0,20.4,15.3,6.1,0.1,6.1,2.7,22.4,0.6,9.3,5.7,0.44054127
54099,Wayne County,WV,3.0,38933,0.3694,29.7,5.0,17.0,15.8,7.8,21.5,20.4,23.3,4.0,0.1,3.9,1.5,19.5,1.2,8.6,0.4,0.39207786
54101,Webster County,WV,6.0,8362,0.4916,31.4,11.1,19.3,20.1,4.2,24.0,20.0,24.2,3.7,0.0,7.0,1.9,19.2,1.0,13.1,0.8,0.43224537
54103,Wetzel County,WV,6.0,14431,0.3201,26.3,6.1,13.9,10.0,5.8,22.8,20.8,20.4,3.0,0.1,4.3,3.0,16.1,2.0,6.2,1.2,0.43513608
54105,Wirt County,WV,4.0,5202,0.2552,34.4,2.6,20.6,14.2,3.7,21.2,21.3,24.4,3.2,0.0,3.6,1.3,25.4,0.8,9.1,0.0,0.42748761
54107,Wood County,WV,4.0,84272,0.3869,25.8,5.3,21.4,9.1,6.7,21.0,20.9,17.9,5.3,0.3,5.6,5.0,7.9,0.7,8.4,1.3,0.39263654
54109,Wyoming County,WV,6.0,21237,0.5173,36.4,6.4,17.2,23.6,6.5,22.6,20.2,33.6,1.5,0.3,3.4,1.3,30.5,1.5,10.4,0.4,0.42430922
55001,Adams County,WI,6.0,20730,0.5259,23.6,5.0,25.7,11.6,5.8,30.5,14.2,21.1,2.2,0.6,11.6,2.1,19.0,1.4,5.1,4.2,0.40926808
55003,Ashland County,WI,6.0,16041,0.4852,25.7,4.4,22.2,4.9,6.5,20.4,21.4,16.9,4.7,0.3,18.5,5.2,6.7,2.7,6.1,3.8,0.4398492
55005,Barron County,WI,5.0,46683,0.4009,21.8,3.2,23.6,9.4,7.4,22.7,21.3,14.0,6.2,0.7,8.3,4.5,5.5,2.1,5.2,1.6,0.47642335
55007,Bayfield County,WI,6.0,16214,0.097,18.0,3.6,20.3,4.2,5.8,29.2,16.8,16.9,3.2,0.2,16.4,2.0,6.2,2.4,3.7,0.7,0.45997739
55009,Brown County,WI,3.0,268393,0.3007,16.3,2.9,22.4,7.1,5.5,15.6,23.3,11.3,5.7,2.3,21.1,12.0,1.3,2.1,4.9,2.7,0.44847515
55011,Buffalo County,WI,6.0,13329,0.0595,14.5,2.3,23.5,8.1,5.2,22.9,20.0,14.2,4.3,0.5,5.4,4.3,5.2,0.6,3.7,0.9,0.51301509
55013,Burnett County,WI,6.0,16561,0.1928,22.2,5.2,22.6,7.3,7.1,30.2,16.7,17.7,3.2,0.3,10.0,1.5,8.5,1.9,3.2,0.8,0.45561081
55015,Calumet County,WI,4.0,52361,0.0115,11.4,2.3,17.6,5.2,2.9,15.8,22.9,9.5,4.7,0.9,10.5,4.7,1.8,1.1,3.8,0.4,0.49285743
55017,Chippewa County,WI,4.0,66254,0.1056,18.2,3.0,22.1,7.3,5.5,18.6,21.7,11.2,4.0,0.6,7.1,4.1,3.6,1.1,4.2,4.2,0.48345125
55019,Clark County,WI,6.0,34703,0.6347,22.4,3.4,19.3,17.8,20.9,16.8,29.5,11.8,4.7,2.4,8.4,3.7,6.8,3.9,9.4,1.7,0.49571508
55021,Columbia County,WI,3.0,58272,0.0993,14.3,3.2,19.3,6.1,5.1,18.7,20.9,11.5,5.6,0.4,8.8,6.6,2.6,1.8,4.2,2.7,0.45611382
55023,Crawford County,WI,6.0,16123,0.2905,21.3,2.8,21.1,8.2,8.0,24.2,19.6,12.1,4.4,0.6,6.8,2.7,13.4,1.2,6.6,4.7,0.46712586
55025,Dane County,WI,3.0,559891,0.1855,15.5,2.3,26.2,4.0,3.7,14.4,19.9,8.6,5.1,1.3,22.2,26.1,0.8,1.5,7.5,2.7,0.43010265
55027,Dodge County,WI,5.0,89032,0.1584,14.6,4.1,22.3,7.8,4.1,18.2,19.6,11.9,5.0,0.8,11.1,8.9,3.7,1.2,4.4,4.3,0.45906836
55029,Door County,WI,6.0,30038,0.0525,14.6,3.7,23.2,4.2,4.0,30.6,16.3,12.3,3.8,0.8,7.1,5.1,5.5,0.8,3.1,1.2,0.50136667
55031,Douglas County,WI,3.0,44092,0.2946,18.0,3.7,22.7,5.6,5.2,19.4,19.3,15.0,6.3,0.7,9.5,8.1,4.9,1.2,8.2,2.8,0.43560475
55033,Dunn County,WI,5.0,45221,0.188,19.9,3.7,24.2,5.9,5.1,16.0,19.3,12.5,3.8,0.9,8.3,6.9,8.3,1.4,4.7,7.8,0.47370669
55035,Eau Claire County,WI,4.0,105697,0.1616,17.3,3.2,21.8,3.9,6.1,16.3,20.0,12.9,4.5,0.8,11.5,9.3,2.9,1.6,5.7,3.7,0.44859952
55037,Florence County,WI,5.0,4574,0.112,17.6,6.0,19.4,8.6,7.5,27.0,15.8,17.7,3.5,0.1,4.6,1.7,9.0,1.3,2.8,1.3,0.45735937
55039,Fond du Lac County,WI,4.0,104027,0.1887,14.5,3.3,20.3,7.5,4.2,19.0,21.1,13.0,4.4,1.0,12.2,10.6,3.9,1.3,5.7,3.4,0.4605431
55041,Forest County,WI,6.0,9239,0.3799,24.9,4.0,21.5,9.7,8.4,24.4,19.4,16.6,4.5,0.1,21.7,1.8,9.5,1.8,4.2,3.1,0.45994213
55043,Grant County,WI,5.0,51842,0.2224,23.0,3.1,20.6,7.5,7.8,17.7,20.9,10.7,4.9,0.4,6.0,7.7,5.4,1.7,5.2,7.0,0.51518267
55045,Green County,WI,3.0,37066,0.0684,12.5,3.4,18.1,6.8,4.2,19.4,21.8,12.4,5.1,0.8,6.6,5.1,4.8,1.8,3.9,1.1,0.47452295
55047,Green Lake County,WI,6.0,19093,0.4228,21.6,3.3,20.6,8.9,8.9,22.8,21.8,15.0,5.6,0.9,8.8,5.4,4.9,1.7,6.2,1.8,0.46286643
55049,Iowa County,WI,3.0,23766,0.0051,13.4,2.4,18.5,4.5,3.1,19.3,22.0,11.8,4.1,0.2,6.7,3.9,3.4,0.7,3.2,1.0,0.50928736
55051,Iron County,WI,6.0,6136,0.0926,19.8,3.9,22.8,3.8,6.2,31.5,14.9,16.6,3.3,0.4,5.6,3.1,2.7,0.4,4.2,2.0,0.42444006
55053,Jackson County,WI,6.0,20958,0.5231,21.4,5.5,24.8,8.2,7.5,19.4,21.6,13.8,4.6,0.7,14.4,3.3,10.9,2.2,5.3,5.8,0.44170102
55055,Jefferson County,WI,5.0,85932,0.1276,12.8,3.4,21.7,7.3,4.5,17.6,20.2,11.7,4.4,1.1,11.4,6.3,4.0,1.4,4.4,4.0,0.46513158
55057,Juneau County,WI,6.0,26695,0.4273,23.8,4.2,22.3,10.6,6.8,21.0,19.8,16.9,3.7,0.5,11.6,3.6,18.4,1.4,3.4,7.6,0.44895756
55059,Kenosha County,WI,4.0,168693,0.5215,18.1,5.4,25.9,8.7,6.4,14.8,22.1,13.0,7.2,1.8,26.6,11.4,2.8,2.1,4.9,2.5,0.38593858
55061,Kewaunee County,WI,3.0,20570,0.0064,11.9,2.0,16.4,5.9,4.2,21.2,20.9,12.2,3.5,0.6,6.5,2.7,3.9,0.4,3.9,0.9,0.48333654
55063,La Crosse County,WI,4.0,120216,0.182,18.3,3.1,25.0,3.7,4.7,17.1,19.5,11.4,4.6,0.7,11.5,15.5,4.1,1.0,7.0,4.2,0.4561184
55065,Lafayette County,WI,6.0,16716,0.1339,18.8,2.4,19.6,8.7,9.9,19.6,24.0,10.7,3.8,1.8,7.0,2.3,4.1,1.4,4.6,0.8,0.51928043
55067,Langlade County,WI,6.0,19512,0.1607,20.9,4.9,17.6,10.3,5.1,24.5,19.4,16.6,4.5,0.2,7.1,4.2,6.5,1.2,4.5,1.2,0.43578655
55069,Lincoln County,WI,6.0,28402,0.1775,20.0,4.8,20.9,7.8,4.8,22.7,17.9,15.5,4.3,0.5,6.1,3.7,6.8,0.9,5.3,2.1,0.4367581
55071,Manitowoc County,WI,5.0,81242,0.1346,17.1,2.0,17.9,7.4,4.6,21.2,20.5,12.4,5.2,1.4,11.1,7.1,3.4,1.0,5.9,1.6,0.46936321
55073,Marathon County,WI,4.0,137820,0.1473,15.0,3.1,19.9,7.3,6.1,18.3,22.6,12.2,4.8,1.3,12.6,8.1,2.6,1.5,4.7,1.3,0.47811922
55075,Marinette County,WI,5.0,41827,0.1088,18.7,3.8,18.2,7.8,4.3,24.3,18.9,15.9,3.7,0.2,5.5,3.4,13.2,1.2,4.2,2.0,0.44831753
55077,Marquette County,WI,6.0,15619,0.2227,20.5,3.6,23.2,8.5,5.6,25.3,19.0,18.2,3.8,0.6,7.6,1.8,11.7,1.6,4.5,1.2,0.4425424
55078,Menominee County,WI,5.0,4279,0.5743,26.8,10.7,13.8,4.5,23.8,14.2,32.2,15.9,14.0,0.0,89.1,0.1,7.5,14.9,5.2,1.1,0.27423379
55079,Milwaukee County,WI,1.0,933063,0.8276,27.3,4.7,33.0,10.5,7.3,14.1,23.8,12.4,9.5,3.3,50.7,20.4,0.5,2.5,12.6,2.2,0.36294535
55081,Monroe County,WI,5.0,46208,0.4432,21.6,2.7,21.3,9.1,9.2,17.3,25.2,13.6,4.3,0.8,10.9,4.4,8.2,2.8,7.1,1.9,0.44947651
55083,Oconto County,WI,3.0,39048,0.0204,15.4,2.0,18.5,7.6,4.1,21.8,19.8,14.3,3.5,0.1,6.0,1.7,11.6,1.6,3.3,0.9,0.45696345
55085,Oneida County,WI,6.0,37799,0.036,17.9,2.2,21.0,4.6,5.0,26.9,17.2,14.8,2.9,0.2,6.1,3.4,5.5,0.6,3.7,1.7,0.44890639
55087,Outagamie County,WI,4.0,190611,0.0671,12.3,3.1,18.4,5.8,4.6,15.7,23.1,10.6,4.4,1.0,13.8,9.3,1.1,1.6,4.2,1.7,0.46785104
55089,Ozaukee County,WI,2.0,91745,0.0395,9.4,2.6,21.3,2.3,2.6,20.6,21.0,10.0,4.5,0.5,9.8,10.0,0.2,0.7,3.6,2.2,0.48989257
55091,Pepin County,WI,6.0,7363,0.0442,14.6,2.2,18.6,6.1,7.4,23.0,21.7,12.4,4.1,0.6,4.9,2.5,4.3,1.2,3.9,1.1,0.54970735
55093,Pierce County,WI,2.0,42187,0.0216,15.1,2.9,20.2,4.5,3.6,15.6,20.3,10.5,4.2,0.1,7.7,6.3,3.3,1.1,3.5,6.4,0.53239816
55095,Polk County,WI,6.0,45128,0.0703,14.4,4.2,20.8,6.5,6.5,21.5,20.2,14.2,4.3,0.2,5.9,3.6,6.8,1.5,3.2,1.2,0.48797402
55097,Portage County,WI,5.0,70281,0.1063,17.4,3.3,20.5,5.3,5.1,17.5,18.9,10.8,4.8,0.8,10.0,7.4,4.0,1.3,4.7,4.2,0.47804737
55099,Price County,WI,6.0,14066,0.2253,21.8,2.7,22.3,7.1,5.9,27.2,18.0,17.1,4.1,0.2,6.6,3.2,10.6,2.2,5.6,1.4,0.50338387
55101,Racine County,WI,4.0,197068,0.4674,17.9,4.4,24.6,8.8,5.3,17.3,23.0,12.9,7.8,1.3,30.1,9.4,1.0,1.4,5.9,2.6,0.39205289
55103,Richland County,WI,6.0,17256,0.3764,21.9,2.6,19.6,8.9,9.7,24.1,21.1,14.2,4.3,1.0,7.0,4.2,5.5,1.9,7.4,2.3,0.47576597
55105,Rock County,WI,4.0,163817,0.2988,16.9,3.9,22.8,7.7,5.5,17.0,22.7,13.2,6.4,1.4,19.0,7.5,2.3,1.3,5.5,1.8,0.39698279
55107,Rusk County,WI,6.0,14179,0.216,22.2,4.7,20.5,8.9,6.9,25.1,20.2,16.7,4.5,0.2,6.0,1.9,8.9,1.9,3.9,1.3,0.47437027
55109,St. Croix County,WI,2.0,93752,0.0086,9.9,2.2,18.1,3.8,3.6,14.9,24.1,9.8,4.7,0.4,7.4,6.8,2.8,0.7,2.9,1.0,0.4993405
55111,Sauk County,WI,5.0,65664,0.2323,15.8,2.8,22.7,7.8,6.6,19.0,22.5,12.9,4.9,0.9,11.0,8.0,6.5,1.6,5.2,1.3,0.44157493
55113,Sawyer County,WI,6.0,18057,0.3758,22.3,6.5,22.0,7.2,7.3,27.0,17.9,15.4,5.2,0.3,23.5,1.7,4.3,2.1,4.3,2.3,0.41182184
55115,Shawano County,WI,5.0,40848,0.1769,18.7,2.9,20.0,7.9,6.4,21.5,21.2,14.9,4.4,0.2,14.4,3.7,7.0,1.7,5.0,1.5,0.4615739
55117,Sheboygan County,WI,4.0,117741,0.16,14.6,2.8,19.3,6.2,4.2,18.7,21.7,10.7,5.6,1.0,17.6,9.1,2.0,1.8,4.9,2.6,0.46229032
55119,Taylor County,WI,6.0,19979,0.189,18.6,3.2,21.3,10.7,6.3,20.1,23.1,11.7,4.4,1.1,5.2,2.0,9.2,1.8,5.3,0.9,0.50139439
55121,Trempealeau County,WI,6.0,30679,0.1989,16.2,2.6,20.4,8.3,7.8,18.7,25.2,10.5,3.9,2.1,11.9,3.7,5.9,1.4,4.8,1.4,0.50556678
55123,Vernon County,WI,4.0,30811,0.4779,22.0,2.5,21.0,9.7,14.4,20.3,26.0,10.5,4.3,1.4,5.1,3.9,9.2,2.3,8.4,1.5,0.47194624
55125,Vilas County,WI,6.0,23146,0.0729,17.1,4.6,20.8,4.6,7.1,30.9,16.7,15.8,3.2,0.1,15.1,1.7,5.6,0.9,4.4,1.0,0.47800592
55127,Walworth County,WI,5.0,105127,0.2074,15.9,3.1,23.1,8.1,6.0,18.7,19.9,11.9,4.6,1.8,15.5,8.1,2.1,1.8,3.6,2.8,0.44411889
55129,Washburn County,WI,6.0,16685,0.119,20.8,4.1,22.5,6.7,6.5,27.3,18.4,16.2,3.2,0.3,6.7,1.5,6.5,1.5,3.6,1.4,0.44290963
55131,Washington County,WI,2.0,136842,0.008,8.6,3.1,18.3,4.8,3.5,18.7,21.3,9.7,4.6,0.3,8.5,9.3,1.2,0.5,3.5,0.7,0.47980195
55133,Waukesha County,WI,2.0,407290,0.0191,8.1,2.6,19.9,3.2,3.1,19.5,21.1,9.6,3.6,0.7,13.4,13.4,0.6,0.9,3.3,1.2,0.47150677
55135,Waupaca County,WI,6.0,51822,0.1142,15.2,2.7,20.1,7.2,5.9,20.7,20.2,14.2,5.1,0.4,6.6,4.7,5.1,1.0,4.5,2.9,0.47164854
55137,Waushara County,WI,6.0,24672,0.3917,18.2,4.1,21.8,10.8,8.4,25.1,18.1,15.9,4.1,0.8,11.3,2.7,9.0,1.6,4.9,4.5,0.43297023
55139,Winnebago County,WI,4.0,171197,0.1549,18.3,2.4,22.2,5.8,4.7,16.7,20.3,12.1,5.3,0.8,13.3,12.0,1.9,1.3,5.2,4.3,0.43941084
55141,Wood County,WI,5.0,74138,0.1791,18.5,4.2,20.5,6.7,5.0,21.1,21.5,14.8,4.8,0.5,8.8,8.3,4.4,1.3,4.8,1.4,0.48092645
56001,Albany County,WY,5.0,37525,0.2533,31.5,4.4,34.0,3.4,7.8,12.5,15.5,10.3,3.9,0.3,19.0,9.5,9.3,0.5,4.9,6.5,0.47532144
56003,Big Horn County,WY,6.0,11690,0.531,20.2,6.0,16.1,11.9,14.1,21.5,24.9,16.8,3.0,1.5,13.9,0.8,16.2,2.2,3.0,2.2,0.5100556
56005,Campbell County,WY,5.0,46857,0.2367,14.4,3.0,19.0,8.0,13.8,11.5,26.9,10.4,6.2,0.8,13.9,8.1,18.2,0.9,3.0,1.2,0.52075905
56007,Carbon County,WY,6.0,14609,0.5377,25.3,4.8,16.5,9.9,14.2,18.3,22.8,12.6,6.9,0.6,23.8,3.8,16.9,1.4,3.6,4.2,0.44514847
56009,Converse County,WY,6.0,13729,0.2781,18.1,4.3,19.0,7.7,10.1,17.5,24.1,15.6,2.6,0.9,11.9,6.2,16.4,1.6,4.5,0.5,0.51451492
56011,Crook County,WY,6.0,7258,0.0722,10.7,1.0,21.7,5.9,6.9,21.6,24.7,11.6,0.9,1.0,7.4,0.9,22.3,1.3,1.5,0.9,0.60546488
56013,Fremont County,WY,5.0,39402,0.7642,23.5,8.2,24.0,6.9,19.4,19.2,24.8,14.7,5.8,0.1,31.1,3.7,16.5,3.5,5.2,2.3,0.47711253
56015,Goshen County,WY,6.0,12592,0.2918,16.9,2.6,22.8,6.7,8.7,22.8,19.8,17.4,3.7,0.3,15.7,4.2,11.5,0.8,4.7,7.4,0.50003821
56017,Hot Springs County,WY,6.0,4616,0.1938,27.3,1.4,16.6,4.9,15.0,26.2,20.9,18.9,2.4,0.1,10.7,1.7,16.0,0.0,4.2,2.0,0.54999864
56019,Johnson County,WY,6.0,8536,0.1709,25.9,2.3,18.3,7.2,11.5,26.2,19.4,13.3,3.5,0.0,11.2,3.4,11.2,1.8,3.1,1.7,0.5391863
56021,Laramie County,WY,4.0,100316,0.2514,15.8,3.5,25.2,5.7,8.6,16.6,22.8,14.0,5.2,0.5,23.0,5.8,7.7,0.9,4.9,1.6,0.4432556
56023,Lincoln County,WY,6.0,19794,0.118,12.2,2.6,14.4,5.9,12.3,18.2,26.2,12.3,2.4,1.1,8.6,1.0,12.9,4.8,3.1,0.5,0.54061657
56025,Natrona County,WY,4.0,79506,0.3987,16.7,3.5,23.2,5.9,11.1,16.0,23.9,15.2,7.3,0.5,14.6,10.5,9.0,1.5,4.2,1.8,0.47916022
56027,Niobrara County,WY,6.0,2460,0.419,27.0,5.3,31.8,8.1,8.5,24.1,18.1,16.9,3.3,0.3,10.7,3.5,10.0,0.0,3.0,9.3,0.55414099
56029,Park County,WY,5.0,29878,0.1072,16.6,2.7,21.6,4.6,11.7,24.1,20.6,12.4,3.6,0.1,11.7,1.9,9.7,1.1,2.5,2.7,0.50351298
56031,Platte County,WY,6.0,8618,0.3309,21.2,4.0,18.5,6.5,18.2,26.6,19.5,18.6,0.8,0.9,14.7,4.8,23.3,0.4,3.4,1.3,0.51550686
56033,Sheridan County,WY,5.0,31176,0.2211,14.6,3.0,26.3,3.7,10.5,21.7,21.7,11.8,2.9,0.4,9.4,6.1,7.3,1.8,4.0,2.8,0.49311802
56035,Sublette County,WY,6.0,8801,0.1225,12.8,3.9,16.7,4.1,10.4,22.3,22.4,15.0,4.9,0.2,9.4,2.1,12.5,2.3,0.8,0.4,0.51982349
56037,Sweetwater County,WY,5.0,42079,0.4722,18.0,5.7,18.2,7.0,12.2,13.6,25.5,16.0,5.8,1.0,22.2,5.6,18.8,2.3,2.0,1.2,0.4862521
56039,Teton County,WY,5.0,23346,0.1693,10.5,2.1,18.4,4.0,11.9,16.6,17.6,5.7,4.8,2.6,20.3,6.6,3.3,6.0,1.9,3.9,0.5336684
56041,Uinta County,WY,5.0,20546,0.2803,15.2,3.4,12.6,5.6,10.8,15.6,27.9,16.6,3.4,0.7,13.2,6.7,18.5,3.7,3.7,1.1,0.48714781
56043,Washakie County,WY,6.0,7725,0.2192,19.1,1.8,22.1,5.3,11.5,23.3,21.9,13.5,2.9,0.4,18.4,1.1,8.0,2.1,4.7,2.0,0.45380688
56045,Weston County,WY,6.0,6870,0.3331,19.8,3.6,16.2,8.9,17.8,20.8,20.4,13.8,4.1,0.1,14.5,2.8,20.2,2.4,3.4,5.2,0.4814133
